시도,시군구,읍면,동리,단지코드,단지명,단지분류,법정동주소,도로명주소,사용승인일,동수,세대수,난방방식,난방연료,난방공급업체,위도,경도,고시지역명,고시지역여부
대구광역시,중구,,동인동1가,A10022426,대구역센트럴대원칸타빌,아파트,대구광역시 중구 동인동1가 77- 대구역센트럴대원칸타빌,대구광역시 중구 태평로 224,20240627,3,410,개별난방,도시가스,대성에너지,35.8750236,128.5962031,,FALSE
대구광역시,중구,,동인동1가,A70042101,동인시티타운,아파트,대구광역시 중구 동인동1가 33-1 동인시티타운,대구광역시 중구 국채보상로131길 55,19970711,1,204,개별난방,도시가스,대성에너지,35.8724657,128.6019654,,FALSE
대구광역시,중구,,동인동1가,A10022674,힐스테이트 동인센트럴,,대구광역시 중구 동인동1가 235-1 힐스테이트 동인센트럴,대구광역시 중구 동덕로 181,20240329,3,410,개별난방,도시가스,대성에너지,35.8638633,128.6040945,,FALSE
대구광역시,중구,,동인동3가,A10022946,동인태왕아너스라플란드,아파트,대구광역시 중구 동인동3가 228 동인태왕아너스라플란드,대구광역시 중구 국채보상로151길 55,20231101,5,373,개별난방,도시가스,대성에너지,35.8705072,128.6117963,,FALSE
대구광역시,중구,,동인동3가,A10023412,엑소디움센트럴동인,아파트,대구광역시 중구 동인동3가 88 엑소디움센트럴동인,대구광역시 중구 국채보상로139길 40,20230331,6,630,개별난방,도시가스,대성에너지,35.8708044,128.6064183,,FALSE
대구광역시,중구,,동인동4가,A70042401,동인동삼정그린코아,아파트,대구광역시 중구 동인동4가 220 동인동삼정그린코아,대구광역시 중구 동덕로30길 53,20090305,1,174,개별난방,도시가스,대성에너지,35.8675211,128.6070376,,FALSE
대구광역시,중구,,삼덕동2가,A10022315,동성로SK리더스뷰,주상복합,대구광역시 중구 삼덕동2가 328- 동성로SK리더스뷰,대구광역시 중구 공평로 36,20240920,2,335,개별난방,도시가스,대성에너지,35.8685911,128.6004626,,FALSE
대구광역시,중구,,삼덕동2가,A10023003,빌리브프리미어,주상복합,대구광역시 중구 삼덕동2가 166 빌리브프리미어,대구광역시 중구 공평로 6,20230825,2,200,개별난방,도시가스,대성에너지,35.8685911,128.6004626,,FALSE
대구광역시,중구,,삼덕동3가,A70041301,삼덕청아람리슈빌,아파트,대구광역시 중구 삼덕동3가 383 삼덕청아람리슈빌,대구광역시 중구 달구벌대로447길 77,20130403,7,730,개별난방,도시가스,대성에너지,35.8659217,128.6071852,,FALSE
대구광역시,중구,,봉산동,A70082301,봉산뜨란채,아파트,대구광역시 중구 봉산동 110 봉산뜨란채,대구광역시 중구 봉산문화길 69,20060818,3,295,개별난방,도시가스,대성에너지,35.8624183,128.5968417,,FALSE
대구광역시,중구,,태평로1가,A10021048,대구역 한라하우젠트 센트로,주상복합,대구광역시 중구 태평로1가 11- 대구역 한라하우젠트 센트로,대구광역시 중구 태평로 190,20241129,2,132,개별난방,도시가스,대성에너지,35.8750236,128.5962031,,FALSE
대구광역시,중구,,태평로1가,A70011101,라이프아파트,주상복합,대구광역시 중구 태평로1가 1-187 라이프아파트,대구광역시 중구 태평로 177,19850715,1,181,개별난방,도시가스,대성에너지,35.8748492,128.5975723,,FALSE
대구광역시,중구,,교동,A70080001,노마즈하우스,도시형 생활주택(아파트),대구광역시 중구 교동 8 노마즈하우스,대구광역시 중구 공평로 105,20140121,1,269,개별난방,도시가스,대성에너지,35.8735085,128.6008258,,FALSE
대구광역시,중구,,도원동,A10022638,힐스테이트 도원 센트럴,,대구광역시 중구 도원동 9 힐스테이트 도원 센트럴,대구광역시 중구 태평로 50,20240429,4,894,개별난방,도시가스,대성에너지,35.8750236,128.5962031,,FALSE
대구광역시,중구,,수창동,A10026722,대구역센트럴자이아파트,아파트,대구광역시 중구 수창동 173 대구역센트럴자이아파트,대구광역시 중구 서성로 99,20171030,6,1005,개별난방,도시가스,대성에너지,35.8759433,128.5864986,,FALSE
대구광역시,중구,,수창동,A10022993,대구역제일풍경채위너스카이,아파트,대구광역시 중구 수창동 50-10 대구역제일풍경채위너스카이,대구광역시 중구 달성로26길 70,20230922,5,604,개별난방,도시가스,대성에너지,35.8754768,128.5847006,,FALSE
대구광역시,중구,,태평로3가,A10022071,대구역경남센트로팰리스,,대구광역시 중구 태평로3가 177-3 대구역경남센트로팰리스,대구광역시 중구 태평로 47,20220816,1,144,개별난방,도시가스,대성에너지,35.8750236,128.5962031,,FALSE
대구광역시,중구,,태평로3가,A10021294,힐스테이트 달성공원역,주상복합,대구광역시 중구 태평로3가 318- 힐스테이트 달성공원역,대구광역시 중구 태평로 41,20241030,2,320,개별난방,도시가스,대성에너지,35.8750236,128.5962031,,FALSE
대구광역시,중구,,서성로1가,A10022461,중앙로역푸르지오더센트럴,아파트,대구광역시 중구 서성로1가 108- 중앙로역푸르지오더센트럴,대구광역시 중구 서성로 60,20240819,2,298,개별난방,도시가스,대성에너지,35.8715719,128.5869818,,FALSE
대구광역시,중구,,계산동2가,A70071501,신성미소시티,주상복합,대구광역시 중구 계산동2가 100 신성미소시티,대구광역시 중구 달구벌대로 2051,20071009,2,250,개별난방,도시가스,대성에너지,35.8668966,128.5885299,,FALSE
대구광역시,중구,,동산동,A70082101,동산맨션,아파트,대구광역시 중구 동산동 357 동산맨션,대구광역시 중구 달구벌대로 2035,19861210,1,152,개별난방,도시가스,대성에너지,35.8670867,128.5860806,,FALSE
대구광역시,중구,,동산동,A10023476,청라언덕역서한포레스트,아파트,대구광역시 중구 동산동 438 청라언덕역서한포레스트,대구광역시 중구 달구벌대로 2021,20221028,3,302,개별난방,도시가스,대성에너지,35.8639158,128.5915383,,FALSE
대구광역시,중구,,태평로2가,A10022874,힐스테이트대구역,아파트,대구광역시 중구 태평로2가 7-1 힐스테이트대구역,대구광역시 중구 태평로28길 13,20231130,5,803,개별난방,도시가스,대성에너지,35.8749298,128.5915053,,FALSE
대구광역시,중구,,대신동,A10021744,광명아파트,아파트,대구광역시 중구 대신동 1535- 광명아파트,대구광역시 중구 큰장로 74,19790605,3,119,개별난방,도시가스,대성에너지,35.8659674,128.5752546,,FALSE
대구광역시,중구,,대신동,A10022083,대신동 동서타운,,대구광역시 중구 대신동 1450- 대신동 동서타운,대구광역시 중구 달구벌대로 1937,19850601,4,145,개별난방,도시가스,대성에너지,35.8637298,128.5753554,,FALSE
대구광역시,중구,,대신동,A10028088,대신센트럴자이,아파트,"대구광역시 중구 대신동 115-30,대구광역시 중구 대신동 1748 대신센트럴자이",대구광역시 중구 달구벌대로 1955,20150415,13,1147,개별난방,도시가스,대성에너지,35.8649928,128.5776631,,FALSE
대구광역시,중구,,대신동,A10026060,이편한세상 대신아파트,아파트,대구광역시 중구 대신동 1916 이편한세상 대신아파트,대구광역시 중구 달구벌대로 1943,20180824,7,467,개별난방,도시가스,대성에너지,35.8641547,128.5762917,,FALSE
대구광역시,중구,,대신동,A10023064,청라힐지웰더센트로,,대구광역시 중구 대신동 103-9 청라힐지웰더센트로,대구광역시 중구 달성로 71,20230728,1,159,개별난방,도시가스,대성에너지,35.8698092,128.5822436,,FALSE
대구광역시,중구,,대신동,A70032001,태왕아너스스카이,아파트,대구광역시 중구 대신동 305-1 태왕아너스스카이,대구광역시 중구 달구벌대로 1975,20061220,6,492,개별난방,도시가스,대성에너지,35.86512,128.5797487,,FALSE
대구광역시,중구,,달성동,A10023152,달성파크푸르지오힐스테이트,아파트,대구광역시 중구 달성동 12-11 달성파크푸르지오힐스테이트,대구광역시 중구 달성로 123,20230629,18,1501,개별난방,도시가스,대성에너지,35.8698092,128.5822436,,FALSE
대구광역시,중구,,남산동,A10022082,SK허브스카이,아파트,대구광역시 중구 남산동 654-1 SK허브스카이,대구광역시 중구 중앙대로 323,20060929,1,134,개별난방,도시가스,대성에너지,35.8622549,128.5925179,,FALSE
대구광역시,중구,,남산동,A70044005,극동스타클래스남산,아파트,대구광역시 중구 남산동 3000 극동스타클래스남산,대구광역시 중구 남산로 30,20140627,10,946,개별난방,도시가스,대성에너지,35.8596469,128.5840356,,FALSE
대구광역시,중구,,남산동,A70075301,까치아파트,아파트,"대구광역시 중구 남산동 2482-1,대구광역시 중구 남산동 2482-459 까치아파트",대구광역시 중구 남산로7길 80,19920630,3,690,개별난방,도시가스,대성에너지,35.8598455,128.579845,,FALSE
대구광역시,중구,,남산동,A70044004,남산그린타운,아파트,대구광역시 중구 남산동 2937-1 남산그린타운,대구광역시 중구 달구벌대로 1950,20050427,8,804,개별난방,도시가스,대성에너지,35.8620885,128.5773149,,FALSE
대구광역시,중구,,남산동,A10024121,남산롯데캐슬센트럴스카이,아파트,대구광역시 중구 남산동 3020 남산롯데캐슬센트럴스카이,대구광역시 중구 재마루길 77,20210916,11,987,개별난방,도시가스,대성에너지,35.8634476,128.5846099,,FALSE
대구광역시,중구,,남산동,A10026037,남산역화성파크드림,아파트,대구광역시 중구 남산동 2385-5 남산역화성파크드림,대구광역시 중구 남산로7길 7,20180913,5,415,개별난방,도시가스,대성에너지,35.8580808,128.5820753,,FALSE
대구광역시,중구,,남산동,A10023856,남산자이하늘채,아파트,대구광역시 중구 남산동 2951-1 남산자이하늘채,대구광역시 중구 명덕로 33,20220415,12,1368,개별난방,도시가스,대성에너지,35.8571404,128.5904183,,FALSE
대구광역시,중구,,남산동,A70044002,남산휴먼시아1단지,아파트,대구광역시 중구 남산동 2990 남산휴먼시아1단지,대구광역시 중구 달구벌대로 1960,20081028,5,499,개별난방,도시가스,대성에너지,35.8627491,128.5786303,,FALSE
대구광역시,중구,,남산동,A70044202,반월당삼정그린코아(아파트),주상복합,대구광역시 중구 남산동 665 반월당삼정그린코아(아파트),대구광역시 중구 중앙대로67길 10,20070727,3,372,개별난방,도시가스,대성에너지,35.8635685,128.592463,,FALSE
대구광역시,중구,,남산동,A10023505,반월당역 서한포레스트,주상복합,대구광역시 중구 남산동 614-1 반월당역 서한포레스트,대구광역시 중구 중앙대로61길 11,20221226,4,375,개별난방,도시가스,대성에너지,35.8600448,128.5912508,,FALSE
대구광역시,중구,,남산동,A70072601,보성송림맨션,아파트,대구광역시 중구 남산동 2434 보성송림맨션,대구광역시 중구 남산로4길 91,19921217,3,317,개별난방,도시가스,대성에너지,35.8610515,128.5845024,,FALSE
대구광역시,중구,,남산동,A70075102,보성황실타운,아파트,대구광역시 중구 남산동 2466-1 보성황실타운,대구광역시 중구 남산로13길 17,19930329,8,1058,개별난방,도시가스,대성에너지,35.8601802,128.5812263,,FALSE
대구광역시,중구,,남산동,A10024881,이편한세상남산,아파트,대구광역시 중구 남산동 150-2 이편한세상남산,대구광역시 중구 달구벌대로 2020,20200515,4,348,개별난방,도시가스,대성에너지,35.8650888,128.5851919,,FALSE
대구광역시,중구,,남산동,A70072401,인터불고코아시스,아파트,대구광역시 중구 남산동 437-1 인터불고코아시스,대구광역시 중구 명륜로 19,20140207,1,192,개별난방,도시가스,대성에너지,35.8647262,128.5889878,,FALSE
대구광역시,중구,,남산동,A70044003,청라센트럴파크,아파트,대구광역시 중구 남산동 2991 청라센트럴파크,대구광역시 중구 달구벌대로 1970,20081028,6,604,개별난방,도시가스,대성에너지,35.8632376,128.5801206,,FALSE
대구광역시,중구,,남산동,A10023346,청라힐스자이,아파트,대구광역시 중구 남산동 2478 청라힐스자이,대구광역시 중구 남산로 73,20230224,13,947,개별난방,도시가스,대성에너지,35.8605262,128.5829841,,FALSE
대구광역시,중구,,남산동,A10022368,해링턴플레이스 더 반월당,,대구광역시 중구 남산동 603-4 해링턴플레이스 더 반월당,대구광역시 중구 중앙대로61길 30,20240906,3,419,개별난방,도시가스,대성에너지,35.8604132,128.5899951,,FALSE
대구광역시,중구,,남산동,A70080201,효성해링턴플레이스,주상복합,대구광역시 중구 남산동 3006 효성해링턴플레이스,대구광역시 중구 중앙대로66길 20,20140731,5,499,개별난방,도시가스,대성에너지,35.8614027,128.5939546,,FALSE
대구광역시,중구,,대봉동,A10023623,대봉 서한포레스트,주상복합,대구광역시 중구 대봉동 55-68 대봉 서한포레스트,대구광역시 중구 대봉로 240,20220927,4,469,개별난방,도시가스,대성에너지,35.859147,128.6019159,,FALSE
대구광역시,중구,,대봉동,A10022073,대봉서한이다음,,대구광역시 중구 대봉동 590-395 대봉서한이다음,대구광역시 중구 명덕로 241,20240930,6,541,개별난방,도시가스,대성에너지,35.8571404,128.5904183,,FALSE
대구광역시,중구,,대봉동,A10027678,대봉태왕아너스아파트,아파트,"대구광역시 중구 대봉동 44-17,대구광역시 중구 대봉동 44-17 대봉태왕아너스아파트",대구광역시 중구 동덕로 54,20151130,6,410,개별난방,도시가스,대성에너지,35.8597303,128.6047502,,FALSE
대구광역시,중구,,대봉동,A70081201,대봉화성파크드림,아파트,대구광역시 중구 대봉동 152-24 대봉화성파크드림,대구광역시 중구 명덕로55길 25,20060522,2,263,개별난방,도시가스,대성에너지,35.8565907,128.5991921,,FALSE
대구광역시,중구,,대봉동,A10023903,더샵 리비테르 2차,아파트,대구광역시 중구 대봉동 94-15 더샵 리비테르 2차,대구광역시 중구 대봉로43길 22,20220302,6,613,개별난방,도시가스,대성에너지,35.8590429,128.601152,,FALSE
대구광역시,중구,,대봉동,A10023904,더샵리비테르1차,아파트,대구광역시 중구 대봉동 169-11 더샵리비테르1차,대구광역시 중구 대봉로43길 21,20220302,9,724,개별난방,도시가스,대성에너지,35.8573016,128.6009081,,FALSE
대구광역시,중구,,대봉동,A70081003,센트로팰리스,아파트,대구광역시 중구 대봉동 60-10 센트로팰리스,대구광역시 중구 대봉로 260,20070323,7,843,개별난방,도시가스,대성에너지,35.8618684,128.6015146,,FALSE
대구광역시,중구,,대봉동,A70076102,청운맨션,아파트,대구광역시 중구 대봉동 44-10 청운맨션,대구광역시 중구 동덕로 33,19861205,7,669,중앙난방,열병합,대성에너지,35.8579894,128.6036162,,FALSE
대구광역시,동구,,신암동,A10024117,동대구 에일린의 뜰,아파트,대구광역시 동구 신암동 1846 동대구 에일린의 뜰,대구광역시 동구 아양로9길 35,20211008,8,705,개별난방,도시가스,대성에너지,35.8852312,128.6174391,,FALSE
대구광역시,동구,,신암동,A10024588,동대구 우방아이유쉘,아파트,"대구광역시 동구 신암동 171-1,대구광역시 동구 신암동 1839 동대구 우방아이유쉘",대구광역시 동구 송라로32길 32,20201030,5,570,개별난방,도시가스,대성에너지,35.8801575,128.6175687,,FALSE
대구광역시,동구,,신암동,A10023005,동대구더센트로데시앙,아파트,대구광역시 동구 신암동 451-1 동대구더센트로데시앙,대구광역시 동구 신암로20길 30,20230914,8,860,개별난방,도시가스,대성에너지,35.8786817,128.6118246,,FALSE
대구광역시,동구,,신암동,A10022700,동대구역 센텀 화성파크드림,아파트,대구광역시 동구 신암동 139-69 동대구역 센텀 화성파크드림,대구광역시 동구 아양로 133,20240329,22,1458,개별난방,도시가스,대성에너지,35.8876171,128.6338354,,FALSE
대구광역시,동구,,신암동,A10022603,동대구역골드클래스,아파트,대구광역시 동구 신암동 207-1 동대구역골드클래스,대구광역시 동구 신암남로 72,20240522,5,329,개별난방,도시가스,대성에너지,35.8808136,128.6255705,,FALSE
대구광역시,동구,,신암동,A10022632,동대구역엘크루 더 센트럴,아파트,대구광역시 동구 신암동 259-5 동대구역엘크루 더 센트럴,대구광역시 동구 신암남로 111,20240313,2,191,개별난방,도시가스,대성에너지,35.8808136,128.6255705,,FALSE
대구광역시,동구,,신암동,A10023154,동대구역화성파크드림,아파트,대구광역시 동구 신암동 255-14 동대구역화성파크드림,대구광역시 동구 동대구로 590,20230629,13,1079,개별난방,도시가스,대성에너지,35.8754032,128.6261676,,FALSE
대구광역시,동구,,신암동,A10023249,동대구해모로스퀘어웨스트,아파트,대구광역시 동구 신암동 680-27 동대구해모로스퀘어웨스트,대구광역시 동구 동북로 340,20230621,20,1122,개별난방,도시가스,대성에너지,35.8863669,128.6311025,,FALSE
대구광역시,동구,,신암동,A10023347,동대구해모로스퀘어이스트,아파트,대구광역시 동구 신암동 81-1 동대구해모로스퀘어이스트,대구광역시 동구 동북로75길 13,20240131,15,935,개별난방,도시가스,대성에너지,35.8897886,128.6305841,,FALSE
대구광역시,동구,,신암동,A70176002,신암강남아파트,아파트,대구광역시 동구 신암동 483-3 신암강남아파트,대구광역시 동구 신성로 60,19920710,5,629,개별난방,도시가스,대성에너지,35.8793428,128.6137756,,FALSE
대구광역시,동구,,신암동,A70181404,신암건영캐스빌,아파트,대구광역시 동구 신암동 194-1 신암건영캐스빌,대구광역시 동구 신암남로 50,20051125,11,748,개별난방,도시가스,대성에너지,35.8776446,128.6190526,,FALSE
대구광역시,동구,,신암동,A70181701,신암그린타운,아파트,대구광역시 동구 신암동 461-1 신암그린타운,대구광역시 동구 신성로 30,20030916,4,400,개별난방,도시가스,대성에너지,35.8782283,128.6113899,,FALSE
대구광역시,동구,,신암동,A70182001,신암뜨란채,아파트,대구광역시 동구 신암동 766 신암뜨란채,대구광역시 동구 아양로7길 12,20050930,10,828,개별난방,도시가스,대성에너지,35.8833377,128.6177279,,FALSE
대구광역시,동구,,신암동,A70181003,신암보성2차아파트,아파트,대구광역시 동구 신암동 67 신암보성2차아파트,대구광역시 동구 아양로49길 77,19881110,10,495,개별난방,도시가스,대성에너지,35.8908006,128.6338446,,FALSE
대구광역시,동구,,신암동,A70182104,신암보성아파트,아파트,대구광역시 동구 신암동 622 신암보성아파트,대구광역시 동구 큰고개로 23,19851031,9,545,개별난방,도시가스,대성에너지,35.8862539,128.6241323,,FALSE
대구광역시,동구,,신암동,A70181203,신암에스디아이프라임,아파트,대구광역시 동구 신암동 251-1 신암에스디아이프라임,대구광역시 동구 아양로24길 13,20060630,2,231,개별난방,도시가스,대성에너지,35.8843427,128.6280571,,FALSE
대구광역시,동구,,신암동,A70181602,신암진로이스트타운,아파트,대구광역시 동구 신암동 373-1 신암진로이스트타운,대구광역시 동구 동북로 460,19981128,3,176,개별난방,도시가스,대성에너지,35.8828241,128.634919,,FALSE
대구광역시,동구,,신암동,A70101001,신암청아람,아파트,대구광역시 동구 신암동 480 신암청아람,대구광역시 동구 신암로20길 39,20090331,7,665,개별난방,도시가스,대성에너지,35.8789354,128.6127336,,FALSE
대구광역시,동구,,신암동,A10025874,이안 동대구,아파트,대구광역시 동구 신암동 181-1 이안 동대구,대구광역시 동구 송라로28길 14,20181130,12,931,개별난방,도시가스,대성에너지,35.8785868,128.6168179,,FALSE
대구광역시,동구,,신암동,A10024126,이안센트럴D,아파트,대구광역시 동구 신암동 235-1 이안센트럴D,대구광역시 동구 동대구로 577,20210927,9,999,개별난방,도시가스,대성에너지,35.880446,128.6251877,,FALSE
대구광역시,동구,,신암동,A70176802,청기와아파트,아파트,대구광역시 동구 신암동 1525 청기와아파트,대구광역시 동구 아양로49길 20,19881115,7,330,개별난방,도시가스,대성에너지,35.8879848,128.6390269,,FALSE
대구광역시,동구,,신암동,A10021423,큰고개웰그린아파트,아파트,대구광역시 동구 신암동 250-1 큰고개웰그린아파트,대구광역시 동구 아양로 124,20080530,1,114,개별난방,도시가스,대성에너지,35.884673,128.6273338,,FALSE
대구광역시,동구,,신암동,A10023091,해링턴 플레이스 동대구,아파트,대구광역시 동구 신암동 674-20 해링턴 플레이스 동대구,대구광역시 동구 경대로 126,20240302,17,1265,개별난방,도시가스,대성에너지,35.8873826,128.6174985,,FALSE
대구광역시,동구,,신천동,A10022662,더샵디어엘로,,대구광역시 동구 신천동 353-1 더샵디어엘로,대구광역시 동구 화랑로 33,20240401,12,1190,개별난방,도시가스,대성에너지,35.8733263,128.6567001,,FALSE
대구광역시,동구,,신천동,A10026010,동대구 반도유보라,아파트,대구광역시 동구 신천동 4-10 동대구 반도유보라,대구광역시 동구 송라로16길 11,20180228,9,764,개별난방,도시가스,대성에너지,35.8761407,128.6186163,,FALSE
대구광역시,동구,,신천동,A10024046,동대구 비스타동원,아파트,대구광역시 동구 신천동 1511 동대구 비스타동원,대구광역시 동구 화랑로 51,20211124,5,524,개별난방,도시가스,대성에너지,35.8708275,128.6329967,,FALSE
대구광역시,동구,,신천동,A10022489,동대구동화아이위시,,대구광역시 동구 신천동 56-1 동대구동화아이위시,대구광역시 동구 동부로 107,20231208,1,144,개별난방,도시가스,대성에너지,35.8759431,128.6259374,,FALSE
대구광역시,동구,,신천동,A70182301,동대구삼환나우빌,주상복합,대구광역시 동구 신천동 45-3 동대구삼환나우빌,대구광역시 동구 동부로 81,20071012,2,196,개별난방,도시가스,대성에너지,35.8756925,128.6211153,,FALSE
대구광역시,동구,,신천동,A10023845,동대구역 우방아이유셀,아파트,대구광역시 동구 신천동 1508 동대구역 우방아이유셀,대구광역시 동구 동부로 115,20220328,4,322,개별난방,도시가스,대성에너지,35.8765217,128.6248443,,FALSE
대구광역시,동구,,신천동,A10023787,동대구역더샵센터시티,아파트,대구광역시 동구 신천동 1514 동대구역더샵센터시티,대구광역시 동구 동부로19길 18,20220527,5,445,개별난방,도시가스,대성에너지,35.8767227,128.6228047,,FALSE
대구광역시,동구,,신천동,A10023648,동대구역센트럴시티자이,아파트,대구광역시 동구 신천동 193-1 동대구역센트럴시티자이,대구광역시 동구 송라로10길 33,20220829,8,553,개별난방,도시가스,대성에너지,35.8721996,128.6212646,,FALSE
대구광역시,동구,,신천동,A70102104,동신우방아파트,아파트,대구광역시 동구 신천동 633 동신우방아파트,대구광역시 동구 송라로11길 86,19961004,3,429,개별난방,도시가스,대성에너지,35.8715759,128.6147663,,FALSE
대구광역시,동구,,신천동,A70182402,벽산e-솔렌스힐,주상복합,대구광역시 동구 신천동 100 벽산e-솔렌스힐,대구광역시 동구 장등로 56,20070123,2,187,개별난방,도시가스,대성에너지,35.8721667,128.6242584,,FALSE
대구광역시,동구,,신천동,A70176901,신천2주공아파트,아파트,대구광역시 동구 신천동 630 신천2주공아파트,대구광역시 동구 국채보상로155길 54,19980908,7,609,개별난방,도시가스,대성에너지,35.8726752,128.613652,,FALSE
대구광역시,동구,,신천동,A70102107,신천LH,아파트,대구광역시 동구 신천동 556-1 신천LH,대구광역시 동구 동부로 1,19890719,9,917,개별난방,도시가스,대성에너지,35.8747601,128.613539,,FALSE
대구광역시,동구,,신천동,A70102108,신천가람타운,아파트,"대구광역시 동구 신천동 551-31,대구광역시 동구 신천동 551-23,대구광역시 동구 신천동 551-35 신천가람타운",대구광역시 동구 신암로16길 16,19971212,9,1376,개별난방,도시가스,대성에너지,35.8764233,128.6098838,,FALSE
대구광역시,동구,,신천동,A70102001,신천두산위브,아파트,대구광역시 동구 신천동 850 신천두산위브,대구광역시 동구 국채보상로 829,20080926,4,294,개별난방,도시가스,대성에너지,35.8681967,128.6218921,,FALSE
대구광역시,동구,,신천동,A70102101,신천송라아파트,아파트,대구광역시 동구 신천동 1414 신천송라아파트,대구광역시 동구 동부로3길 38,19930710,1,174,개별난방,도시가스,대성에너지,35.87572,128.6157174,,FALSE
대구광역시,동구,,신천동,A10027974,신천역 까사밀라,도시형 생활주택(주상복합),"대구광역시 동구 신천동 538-3,대구광역시 동구 신천동 538-15,대구광역시 동구 신천동 538-3 신천역 까사밀라",대구광역시 동구 동부로 29,20150710,2,326,개별난방,도시가스,대성에너지,35.8743771,128.6156526,,FALSE
대구광역시,동구,,신천동,A70102103,신천역더뷰파크,아파트,대구광역시 동구 신천동 600-5 신천역더뷰파크,대구광역시 동구 동부로 20,20021031,3,174,개별난방,도시가스,대성에너지,35.8732192,128.6143255,,FALSE
대구광역시,동구,,신천동,A70176902,신천역센트럴리버파크,아파트,대구광역시 동구 신천동 621 신천역센트럴리버파크,대구광역시 동구 동부로 26,20110323,9,785,개별난방,도시가스,대성에너지,35.8726568,128.6158059,,FALSE
대구광역시,동구,,신천동,A70102004,신천자이,아파트,대구광역시 동구 신천동 1503 신천자이,대구광역시 동구 신암로16길 25,20130814,9,854,개별난방,도시가스,대성에너지,35.8764256,128.6121901,,FALSE
대구광역시,동구,,신천동,A70172601,신천청아람,아파트,대구광역시 동구 신천동 200-1 신천청아람,대구광역시 동구 송라로14길 132,20100203,5,490,개별난방,도시가스,대성에너지,35.8736234,128.6221038,,FALSE
대구광역시,동구,,신천동,A70102003,신천휴먼시아6단지,아파트,대구광역시 동구 신천동 622 신천휴먼시아6단지,대구광역시 동구 송라로11길 39,20110117,5,550,개별난방,도시가스,대성에너지,35.8708863,128.6171243,,FALSE
대구광역시,동구,,신천동,A70102106,우방푸른타운,아파트,대구광역시 동구 신천동 645-1 우방푸른타운,대구광역시 동구 국채보상로159길 41,19960629,7,607,개별난방,도시가스,대성에너지,35.8704334,128.615074,,FALSE
대구광역시,동구,,신천동,A70102303,"현대하이페리온 1, 2단지",주상복합,"대구광역시 동구 신천동 143-2,대구광역시 동구 신천동 148-4 현대하이페리온 1, 2단지",대구광역시 동구 국채보상로 863,20070405,4,388,개별난방,도시가스,대성에너지,35.8676882,128.6254825,,FALSE
대구광역시,동구,,신천동,A70102002,화성파크드림이스트밸리,아파트,대구광역시 동구 신천동 160-1 화성파크드림이스트밸리,대구광역시 동구 송라로10길 34,20080929,4,447,개별난방,도시가스,대성에너지,35.8710967,128.622365,,FALSE
대구광역시,동구,,효목동,A10023299,동대구2차비스타동원,아파트,대구광역시 동구 효목동 1322 동대구2차비스타동원,대구광역시 동구 화랑로25길 60,20230331,12,627,개별난방,도시가스,대성에너지,35.8769783,128.6411559,,FALSE
대구광역시,동구,,효목동,A10022465,동대구푸르지오 브리센트,,대구광역시 동구 효목동 430-4 동대구푸르지오 브리센트,대구광역시 동구 효목로5길 55,20240730,13,794,개별난방,도시가스,대성에너지,35.8764258,128.6376002,,FALSE
대구광역시,동구,,효목동,A70184001,동촌강나루타운,아파트,대구광역시 동구 효목동 9 동촌강나루타운,대구광역시 동구 효동로 108,20000715,6,421,개별난방,도시가스,대성에너지,35.8860519,128.6429011,,FALSE
대구광역시,동구,,효목동,A70103001,진로이스트타운,아파트,대구광역시 동구 효목동 55 진로이스트타운,대구광역시 동구 아양로 218,19980829,16,897,개별난방,도시가스,대성에너지,35.8847301,128.6379971,,FALSE
대구광역시,동구,,효목동,A70170301,태왕메트로시티,아파트,대구광역시 동구 효목동 337 태왕메트로시티,대구광역시 동구 동북로 500,20031128,16,1859,개별난방,도시가스,대성에너지,35.8802307,128.6391553,,FALSE
대구광역시,동구,,봉무동,A70117001,봉무청구새들마을,아파트,대구광역시 동구 봉무동 245 봉무청구새들마을,대구광역시 동구 팔공로 322-5,20010528,4,347,개별난방,도시가스,대성에너지,35.9287821,128.6423368,,FALSE
대구광역시,동구,,봉무동,A70172001,이시아폴리스더샵1차,아파트,대구광역시 동구 봉무동 1524 이시아폴리스더샵1차,대구광역시 동구 팔공로53길 10,20121015,8,652,개별난방,도시가스,대성에너지,35.9259437,128.639497,,FALSE
대구광역시,동구,,봉무동,A70172002,이시아폴리스더샵2차,아파트,대구광역시 동구 봉무동 1522 이시아폴리스더샵2차,대구광역시 동구 팔공로 274,20130605,11,750,개별난방,도시가스,대성에너지,35.9249452,128.6421312,,FALSE
대구광역시,동구,,봉무동,A70172003,이시아폴리스더샵3차,아파트,대구광역시 동구 봉무동 1530 이시아폴리스더샵3차,대구광역시 동구 팔공로51길 10,20131224,21,1686,개별난방,도시가스,대성에너지,35.9241377,128.6380606,,FALSE
대구광역시,동구,,봉무동,A70172004,이시아폴리스더샵4차,아파트,대구광역시 동구 봉무동 1529 이시아폴리스더샵4차,대구광역시 동구 팔공로53길 40,20140721,9,774,개별난방,도시가스,대성에너지,35.925264,128.6350364,,FALSE
대구광역시,동구,,봉무동,A10026133,협성휴포레이시아폴리스,아파트,대구광역시 동구 봉무동 1537 협성휴포레이시아폴리스,대구광역시 동구 팔공로 260,20180326,8,599,개별난방,도시가스,대성에너지,35.9224358,128.6422929,,FALSE
대구광역시,동구,,불로동,A10027112,불로 서한 이다음아파트,아파트,대구광역시 동구 불로동 962 불로 서한 이다음아파트,대구광역시 동구 공항로 148,20161115,6,299,개별난방,도시가스,대성에너지,35.8996582,128.6306602,,FALSE
대구광역시,동구,,불로동,A70180702,제림빌리지,아파트,대구광역시 동구 불로동 1021 제림빌리지,대구광역시 동구 해동로6길 37,19951028,1,160,개별난방,도시가스,대성에너지,35.8965977,128.6341624,,FALSE
대구광역시,동구,,지저동,A70111001,부민스위트빌,아파트,대구광역시 동구 지저동 711 부민스위트빌,대구광역시 동구 해동로2길 37,20021011,1,184,개별난방,도시가스,대성에너지,35.8963038,128.6357295,,FALSE
대구광역시,동구,,지저동,A70177402,제림햇빛촌아파트,아파트,대구광역시 동구 지저동 779-1 제림햇빛촌아파트,대구광역시 동구 공항로52길 28,19951028,2,226,개별난방,도시가스,대성에너지,35.8932653,128.6387648,,FALSE
대구광역시,동구,,지저동,A10022020,태왕아너스리버파크1차,아파트,대구광역시 동구 지저동 931- 태왕아너스리버파크1차,대구광역시 동구 공항로54길 51,20161025,2,132,개별난방,도시가스,대성에너지,35.8923068,128.6397914,,FALSE
대구광역시,동구,,입석동,A70105001,동촌화성타운,아파트,대구광역시 동구 입석동 932-5 동촌화성타운,대구광역시 동구 동촌로6길 3,19950531,3,184,개별난방,도시가스,대성에너지,35.8895674,128.6463402,,FALSE
대구광역시,동구,,검사동,A70104001,금사리하이빌,아파트,대구광역시 동구 검사동 963-4 금사리하이빌,대구광역시 동구 해동로 254,20030721,2,224,개별난방,도시가스,대성에너지,35.8835824,128.6556422,,FALSE
대구광역시,동구,,검사동,A10026578,동촌역태왕아너스르네상스,아파트,대구광역시 동구 검사동 990-41 동촌역태왕아너스르네상스,대구광역시 동구 동촌로 100,20171226,9,453,개별난방,도시가스,대성에너지,35.8864947,128.6519251,,FALSE
대구광역시,동구,,방촌동,A70180407,강변1차타운,아파트,대구광역시 동구 방촌동 1102-2 강변1차타운,대구광역시 동구 동촌로54길 13,19890419,10,477,개별난방,도시가스,대성에너지,35.8792686,128.6688162,,FALSE
대구광역시,동구,,방촌동,A70180403,방촌2차영남네오빌,아파트,대구광역시 동구 방촌동 1077-11 방촌2차영남네오빌,대구광역시 동구 동촌로42길 63,20030603,3,230,개별난방,도시가스,대성에너지,35.8792575,128.6615921,,FALSE
대구광역시,동구,,방촌동,A10024235,방촌역세영리첼더퍼스트,아파트,대구광역시 동구 방촌동 1152 방촌역세영리첼더퍼스트,대구광역시 동구 동촌로 260,20210630,7,403,개별난방,도시가스,대성에너지,35.8797727,128.6675282,,FALSE
대구광역시,동구,,방촌동,A10024344,방촌역태왕아너스,아파트,"대구광역시 동구 방촌동 1150,대구광역시 동구 방촌동 877-1 방촌역태왕아너스",대구광역시 동구 동촌로 255,20210329,4,214,개별난방,도시가스,대성에너지,35.8811615,128.6678403,,FALSE
대구광역시,동구,,방촌동,A70175301,방촌청구제네스,아파트,대구광역시 동구 방촌동 1084-207 방촌청구제네스,대구광역시 동구 화랑로75길 6,20060414,1,130,개별난방,도시가스,대성에너지,35.8779587,128.6666604,,FALSE
대구광역시,동구,,방촌동,A70180404,방촌현대맨션,아파트,대구광역시 동구 방촌동 1119-1 방촌현대맨션,대구광역시 동구 화랑로91길 7,19930823,3,238,개별난방,도시가스,대성에너지,35.8769451,128.6736433,,FALSE
대구광역시,동구,,방촌동,A70175405,보성강남타운,아파트,대구광역시 동구 방촌동 1119-5 보성강남타운,대구광역시 동구 화랑로88길 30,19971128,3,330,개별난방,도시가스,대성에너지,35.8749198,128.6688377,,FALSE
대구광역시,동구,,방촌동,A70180108,영남네오빌,아파트,대구광역시 동구 방촌동 1050-71 영남네오빌,대구광역시 동구 동촌로 190,20000629,11,930,개별난방,도시가스,대성에너지,35.8817136,128.6607378,,FALSE
대구광역시,동구,,방촌동,A70180406,우방강촌2차아파트,아파트,대구광역시 동구 방촌동 1119-100 우방강촌2차아파트,대구광역시 동구 화랑로80길 9,19981229,4,420,개별난방,도시가스,대성에너지,35.8757454,128.6703197,,FALSE
대구광역시,동구,,방촌동,A70175109,우방강촌마을,아파트,대구광역시 동구 방촌동 1084-30 우방강촌마을,대구광역시 동구 화랑로80길 8,19960710,13,1504,중앙난방,도시가스,대성에너지,35.8763733,128.6656959,,FALSE
대구광역시,동구,,동호동,A70123001,상록아이투빌아파트,아파트,대구광역시 동구 동호동 362 상록아이투빌아파트,대구광역시 동구 동호로 47,20040428,3,357,개별난방,도시가스,대성에너지,35.8662648,128.7217502,,FALSE
대구광역시,동구,,동호동,A70123002,상록아파트,아파트,대구광역시 동구 동호동 362 상록아파트,대구광역시 동구 동호로 47,20040428,8,711,개별난방,도시가스,대성에너지,35.8662648,128.7217502,,FALSE
대구광역시,동구,,신기동,A70176306,대구안심3,아파트,대구광역시 동구 신기동 594 대구안심3,대구광역시 동구 율하동로 76,19940611,17,984,개별난방,도시가스,대성에너지,35.8657378,128.7032961,,FALSE
대구광역시,동구,,신기동,A70175502,모란1차아파트,아파트,대구광역시 동구 신기동 573 모란1차아파트,대구광역시 동구 율하동로20길 40,19871026,5,320,개별난방,도시가스,대성에너지,35.8673135,128.7066617,,FALSE
대구광역시,동구,,신기동,A70175603,모란2차아파트,아파트,대구광역시 동구 신기동 576 모란2차아파트,대구광역시 동구 율하동로20길 30,19880517,5,360,개별난방,도시가스,대성에너지,35.8674507,128.70538,,FALSE
대구광역시,동구,,신기동,A70175605,모란3차아파트,아파트,대구광역시 동구 신기동 557 모란3차아파트,대구광역시 동구 율하동로20길 31,19881128,11,640,개별난방,도시가스,대성에너지,35.8689358,128.7052978,,FALSE
대구광역시,동구,,신기동,A70175804,안심화성타운,아파트,대구광역시 동구 신기동 576-1 안심화성타운,대구광역시 동구 율하동로20길 20,19900623,9,440,개별난방,도시가스,대성에너지,35.8676149,128.7038729,,FALSE
대구광역시,동구,,율하동,A70176110,SM안아주아파트,아파트,대구광역시 동구 율하동 1228 SM안아주아파트,대구광역시 동구 안심로16길 29,20090625,5,412,개별난방,도시가스,대성에너지,35.8657144,128.6943814,,FALSE
대구광역시,동구,,율하동,A70176114,e편한세상세계육상선수촌2단지,아파트,대구광역시 동구 율하동 1408 e편한세상세계육상선수촌2단지,대구광역시 동구 안심로16길 71,20110420,14,652,개별난방,도시가스,대성에너지,35.8619614,128.6942448,,FALSE
대구광역시,동구,,율하동,A70176109,대구안심1,아파트,대구광역시 동구 율하동 1018 대구안심1,대구광역시 동구 안심로22길 3,19940611,17,864,개별난방,도시가스,대성에너지,35.8663396,128.6979897,,FALSE
대구광역시,동구,,율하동,A10026031,대구율하 율하숲,아파트,대구광역시 동구 율하동 1102 대구율하 율하숲,대구광역시 동구 금호강변로3길 35,20180917,4,234,개별난방,도시가스,대성에너지,35.867314,128.6890411,,FALSE
대구광역시,동구,,율하동,A70176201,율하뜨란채,아파트,대구광역시 동구 율하동 1020 율하뜨란채,대구광역시 동구 율하동로 67,19970723,11,340,개별난방,도시가스,대성에너지,35.865487,128.6996469,,FALSE
대구광역시,동구,,율하동,A10027808,율하롯데캐슬탑클래스,아파트,대구광역시 동구 율하동 1216 율하롯데캐슬탑클래스,대구광역시 동구 율하서로 23,20151126,6,447,개별난방,도시가스,대성에너지,35.8664395,128.6930359,,FALSE
대구광역시,동구,,율하동,A70176108,율하리버파크,아파트,대구광역시 동구 율하동 1412 율하리버파크,대구광역시 동구 율하동로 19,20090211,12,486,개별난방,도시가스,대성에너지,35.8614442,128.699525,,FALSE
대구광역시,동구,,율하동,A70176113,율하리버파크뷰,아파트,대구광역시 동구 율하동 1410 율하리버파크뷰,대구광역시 동구 금호강변로 315,20100810,10,442,개별난방,도시가스,대성에너지,35.8616247,128.6971171,,FALSE
대구광역시,동구,,율하동,A70122007,율하센트럴파크8단지,아파트,대구광역시 동구 율하동 1467 율하센트럴파크8단지,대구광역시 동구 안심로22길 75,20090211,7,253,개별난방,도시가스,대성에너지,35.8640295,128.6998231,,FALSE
대구광역시,동구,,율하동,A70176107,율하센트럴파크9단지,아파트,대구광역시 동구 율하동 1448 율하센트럴파크9단지,대구광역시 동구 안심로22길 76,20090211,10,332,개별난방,도시가스,대성에너지,35.8628417,128.6998438,,FALSE
대구광역시,동구,,율하동,A70176116,율하우방아이유쉘,아파트,대구광역시 동구 율하동 1093 율하우방아이유쉘,대구광역시 동구 금호강변로3길 22,20131227,20,902,개별난방,도시가스,대성에너지,35.8689757,128.687884,,FALSE
대구광역시,동구,,율하동,A70176112,율하휴먼시아10단지,아파트,대구광역시 동구 율하동 1621 율하휴먼시아10단지,대구광역시 동구 율하동로8길 16,20100518,16,976,개별난방,도시가스,대성에너지,35.8606678,128.7033617,,FALSE
대구광역시,동구,,율하동,A70176111,율하휴먼시아15단지,아파트,대구광역시 동구 율하동 1099 율하휴먼시아15단지,대구광역시 동구 금호강변로3길 9,20090923,6,457,개별난방,도시가스,대성에너지,35.8700117,128.6905279,,FALSE
대구광역시,동구,,율하동,A70122005,율하휴먼시아5단지,아파트,대구광역시 동구 율하동 1302 율하휴먼시아5단지,대구광역시 동구 율하서로 59,20081021,12,860,개별난방,도시가스,대성에너지,35.8642576,128.6919579,,FALSE
대구광역시,동구,,율하동,A70122004,율하휴먼시아6단지,아파트,대구광역시 동구 율하동 1461 율하휴먼시아6단지,대구광역시 동구 안심로16길 45,20081209,12,808,개별난방,도시가스,대성에너지,35.8647042,128.6949111,,FALSE
대구광역시,동구,,율하동,A70183702,율하휴먼시아7단지,아파트,대구광역시 동구 율하동 1464 율하휴먼시아7단지,대구광역시 동구 안심로22길 55,20081104,13,712,개별난방,도시가스,대성에너지,35.8646003,128.6974241,,FALSE
대구광역시,동구,,율하동,A70176115,이편한세상 세계육상선수촌,아파트,대구광역시 동구 율하동 1402 이편한세상 세계육상선수촌,대구광역시 동구 율하서로 85,20110603,9,528,개별난방,도시가스,대성에너지,35.8619598,128.6904382,,FALSE
대구광역시,동구,,용계동,A70183502,강변동서마을,아파트,대구광역시 동구 용계동 467-1 강변동서마을,대구광역시 동구 화랑로100길 17,19991015,9,647,개별난방,도시가스,대성에너지,35.8739143,128.6792581,,FALSE
대구광역시,동구,,용계동,A10021704,백자맨션,아파트,대구광역시 동구 용계동 422- 백자맨션,대구광역시 동구 동촌로 346,19890605,7,288,개별난방,도시가스,대성에너지,35.8772307,128.676353,,FALSE
대구광역시,동구,,용계동,A10022940,용계역푸르지오아츠베르1단지,,대구광역시 동구 용계동 575-12 용계역푸르지오아츠베르1단지,대구광역시 동구 화랑로108길 42,20231030,12,745,개별난방,도시가스,대성에너지,35.8732906,128.6832955,,FALSE
대구광역시,동구,,용계동,A10022960,용계역푸르지오아츠베르2단지,아파트,대구광역시 동구 용계동 492-1 용계역푸르지오아츠베르2단지,대구광역시 동구 화랑로108길 46,20231030,9,568,개별난방,도시가스,대성에너지,35.8732906,128.6832955,,FALSE
대구광역시,동구,,용계동,A10024851,율하시티프라디움,아파트,대구광역시 동구 용계동 1064 율하시티프라디움,대구광역시 동구 반야월로 35,20200603,6,468,개별난방,도시가스,대성에너지,35.8746299,128.691951,,FALSE
대구광역시,동구,,용계동,A10027740,율하역엘크루,아파트,"대구광역시 동구 용계동 746,대구광역시 동구 용계동 1060 율하역엘크루",대구광역시 동구 안심로 7,20151230,8,329,개별난방,도시가스,대성에너지,35.8737078,128.6892537,,FALSE
대구광역시,동구,,율암동,A10023668,대구안심뉴타운시티프라디움,아파트,대구광역시 동구 율암동 1295 대구안심뉴타운시티프라디움,대구광역시 동구 안심뉴타운7로 31,20220729,6,431,개별난방,도시가스,대성에너지,35.8655094,128.7165979,,FALSE
대구광역시,동구,,율암동,A10023263,대구파라곤프레스티지,아파트,대구광역시 동구 율암동 1297 대구파라곤프레스티지,대구광역시 동구 안심뉴타운7로 13,20230426,13,759,개별난방,도시가스,대성에너지,35.8655094,128.7165979,,FALSE
대구광역시,동구,,율암동,A10022471,안심청아람더영,,"대구광역시 동구 율암동 1294,대구광역시 동구 율암동 1294- 안심청아람더영",대구광역시 동구 안심뉴타운5로 30,20240729,4,366,개별난방,도시가스,대성에너지,35.8655094,128.7165979,,FALSE
대구광역시,동구,,율암동,A10023433,호반써밋이스텔라,아파트,대구광역시 동구 율암동  호반써밋이스텔라,대구광역시 동구 반야월북로 111-11,20221227,4,315,개별난방,도시가스,대성에너지,35.8754532,128.7182643,,FALSE
대구광역시,동구,,각산동,A10026218,각산서한이다음,아파트,대구광역시 동구 각산동 1177 각산서한이다음,대구광역시 동구 반야월북로 167,20180411,5,372,개별난방,도시가스,대성에너지,35.8739605,128.7161878,,FALSE
대구광역시,동구,,각산동,A70171001,각산태영데시앙,아파트,대구광역시 동구 각산동 905 각산태영데시앙,대구광역시 동구 반야월북로 123,20091001,9,839,개별난방,도시가스,대성에너지,35.8747112,128.7110773,,FALSE
대구광역시,동구,,각산동,A70129003,각산푸르지오1단지,아파트,대구광역시 동구 각산동 425 각산푸르지오1단지,대구광역시 동구 경안로 824,20090429,4,475,개별난방,도시가스,대성에너지,35.875809,128.7166182,,FALSE
대구광역시,동구,,각산동,A70129004,각산푸르지오2단지,아파트,대구광역시 동구 각산동 400 각산푸르지오2단지,대구광역시 동구 경안로 822,20090429,7,596,개별난방,도시가스,대성에너지,35.8748505,128.7168934,,FALSE
대구광역시,동구,,각산동,A70171002,대구혁신 에듀포레,아파트,대구광역시 동구 각산동 1061 대구혁신 에듀포레,대구광역시 동구 과학로 45,20131202,5,350,지역난방,도시가스,대구그린파워,35.8832771,128.7158781,대구혁신도시,TRUE
대구광역시,동구,,각산동,A10026770,대구혁신LH4단지,아파트,대구광역시 동구 각산동 1054 대구혁신LH4단지,대구광역시 동구 경안로 956,20170919,7,572,지역난방,도시가스,대구그린파워,35.8856794,128.7188568,대구혁신도시,TRUE
대구광역시,동구,,각산동,A70171003,대구혁신LH천년나무3단지,아파트,대구광역시 동구 각산동 1043 대구혁신LH천년나무3단지,대구광역시 동구 과학로13길 30,20140918,6,448,지역난방,도시가스,대구그린파워,35.8872537,128.7171773,대구혁신도시,TRUE
대구광역시,동구,,각산동,A10027688,대구혁신LH천년나무6단지,아파트,대구광역시 동구 각산동 1062 대구혁신LH천년나무6단지,대구광역시 동구 과학로6길 23,20160215,8,1028,지역난방,도시가스,대구그린파워,35.8806134,128.7190429,대구혁신도시,TRUE
대구광역시,동구,,각산동,A10027892,대구혁신도시 서한이다음 2차,아파트,대구광역시 동구 각산동 1030 대구혁신도시 서한이다음 2차,대구광역시 동구 이노밸리로29길 34,20150811,8,429,지역난방,도시가스,대구그린파워,35.8817787,128.7137235,대구혁신도시,TRUE
대구광역시,동구,,각산동,A10028087,대구혁신도시서한이다음,아파트,대구광역시 동구 각산동 1029 대구혁신도시서한이다음,대구광역시 동구 이노밸리로29길 56,20150227,9,479,지역난방,도시가스,대구그린파워,35.8842719,128.714422,대구혁신도시,TRUE
대구광역시,동구,,각산동,A70129002,안심효성타운,아파트,대구광역시 동구 각산동 383-1 안심효성타운,대구광역시 동구 경안로 809,19950728,4,392,개별난방,도시가스,대성에너지,35.8751833,128.713451,,FALSE
대구광역시,동구,,신서동,A10027934,각산역 더뉴클래스2차,아파트,"대구광역시 동구 신서동 518-1,대구광역시 동구 신서동 518-1 각산역 더뉴클래스2차",대구광역시 동구 반야월로 360,20150710,2,206,개별난방,도시가스,대성에너지,35.8715384,128.7283008,,FALSE
대구광역시,동구,,신서동,A70130004,대경넥스빌,아파트,대구광역시 동구 신서동 538-2 대경넥스빌,대구광역시 동구 안심로 400,20030710,7,446,개별난방,도시가스,대성에너지,35.8681675,128.727665,,FALSE
대구광역시,동구,,신서동,A70130007,동화해오름타운,아파트,대구광역시 동구 신서동 538-1 동화해오름타운,대구광역시 동구 동호로 89,20030708,8,604,개별난방,도시가스,대성에너지,35.8677337,128.7263886,,FALSE
대구광역시,동구,,신서동,A70130005,신서그린빌,아파트,"대구광역시 동구 신서동 823-7,대구광역시 동구 신서동 823-7 신서그린빌",대구광역시 동구 반야월북로 251,20010926,7,568,개별난방,도시가스,대성에너지,35.8736914,128.7247664,,FALSE
대구광역시,동구,,신서동,A70130006,신서동신일해피트리,아파트,대구광역시 동구 신서동 513-1 신서동신일해피트리,대구광역시 동구 반야월로 370,20070321,5,588,개별난방,도시가스,대성에너지,35.8712128,128.7300343,,FALSE
대구광역시,동구,,신서동,A70130008,신서롯데캐슬레전드,아파트,대구광역시 동구 신서동 755 신서롯데캐슬레전드,대구광역시 동구 안심로73길 22,20070419,4,619,개별난방,도시가스,대성에너지,35.8707589,128.7258309,,FALSE
대구광역시,동구,,신서동,A70175902,신서청구타운,아파트,대구광역시 동구 신서동 881 신서청구타운,대구광역시 동구 반야월북로55길 19,19971129,4,360,개별난방,도시가스,대성에너지,35.8746708,128.7275452,,FALSE
대구광역시,동구,,신서동,A70130003,신서퀸덤,아파트,대구광역시 동구 신서동 833 신서퀸덤,대구광역시 동구 신서로 72,20090625,5,419,개별난방,도시가스,대성에너지,35.8748945,128.7255673,,FALSE
대구광역시,동구,,신서동,A70172201,신서화성파크드림,아파트,대구광역시 동구 신서동 828 신서화성파크드림,대구광역시 동구 반야월북로 221,20100201,8,934,개별난방,도시가스,대성에너지,35.8738691,128.7224195,,FALSE
대구광역시,동구,,신서동,A70130009,아름다운나날1단지,아파트,대구광역시 동구 신서동 543 아름다운나날1단지,대구광역시 동구 안심로 402,20030926,13,782,개별난방,도시가스,대성에너지,35.868865,128.729478,,FALSE
대구광역시,동구,,신서동,A70130010,아름다운나날2단지,아파트,대구광역시 동구 신서동 540 아름다운나날2단지,대구광역시 동구 동호로 88,20030828,11,830,개별난방,도시가스,대성에너지,35.8659844,128.7270766,,FALSE
대구광역시,동구,,신서동,A70130011,아름다운나날3단지,아파트,대구광역시 동구 신서동 561 아름다운나날3단지,대구광역시 동구 동호로 132,20030919,10,1140,개별난방,도시가스,대성에너지,35.8663904,128.7314296,,FALSE
대구광역시,동구,,괴전동,A10027548,안심역 우방아이유쉘,아파트,대구광역시 동구 괴전동 652 안심역 우방아이유쉘,대구광역시 동구 금강로21길 10,20160519,4,351,개별난방,도시가스,대성에너지,35.866267,128.7340528,,FALSE
대구광역시,동구,,괴전동,A10024050,안심역삼정그린코아더베스트,아파트,대구광역시 동구 괴전동 655 안심역삼정그린코아더베스트,대구광역시 동구 반야월북로 355,20211123,4,555,개별난방,도시가스,대성에너지,35.8754532,128.7182643,,FALSE
대구광역시,동구,,괴전동,A10026330,안심역서원프레시빌,도시형 생활주택(주상복합),대구광역시 동구 괴전동 125 안심역서원프레시빌,대구광역시 동구 안심로 477,20180416,3,214,개별난방,도시가스,대성에너지,35.8724976,128.7347758,,FALSE
대구광역시,동구,,괴전동,A10026668,안심역코오롱하늘채,아파트,대구광역시 동구 괴전동 654 안심역코오롱하늘채,대구광역시 동구 금강로21길 30,20171121,8,728,개별난방,도시가스,대성에너지,35.8678571,128.7332433,,FALSE
대구광역시,동구,,대림동,A10027513,대구혁신도시서한이다음3차,아파트,대구광역시 동구 대림동 885 대구혁신도시서한이다음3차,대구광역시 동구 혁신대로 443,20160615,6,380,지역난방,도시가스,대구그린파워,35.8757216,128.7467088,대구혁신도시,TRUE
대구광역시,동구,,대림동,A10026423,대구혁신센텀힐즈,아파트,대구광역시 동구 대림동 887 대구혁신센텀힐즈,대구광역시 동구 혁신대로 450,20180118,8,822,지역난방,도시가스,대구그린파워,35.873645,128.7463769,대구혁신도시,TRUE
대구광역시,동구,,사복동,A10027215,대구신서혁신LH천년나무10단지,아파트,대구광역시 동구 사복동 851 대구신서혁신LH천년나무10단지,대구광역시 동구 메디밸리로 18,20170105,6,1088,지역난방,도시가스,대구그린파워,35.8739026,128.7509654,대구혁신도시,TRUE
대구광역시,동구,,사복동,A10027663,대구혁신LH이노힐즈 아파트,아파트,대구광역시 동구 사복동 838 대구혁신LH이노힐즈 아파트,대구광역시 동구 메디밸리로 35,20151223,7,487,지역난방,도시가스,대구그린파워,35.8760657,128.7485219,대구혁신도시,TRUE
대구광역시,동구,,사복동,A10024945,혁신서한e스테이,아파트,대구광역시 동구 사복동 852 혁신서한e스테이,대구광역시 동구 혁신대로 504,20200331,7,477,지역난방,도시가스,대구그린파워,35.8744049,128.7526638,대구혁신도시,TRUE
대구광역시,동구,,숙천동,A10027299,대구신서혁신 LH천년나무13단지,아파트,대구광역시 동구 숙천동 386 대구신서혁신 LH천년나무13단지,대구광역시 동구 초례로 66,20161031,3,340,지역난방,도시가스,대구그린파워,35.8813061,128.7526687,대구혁신도시,TRUE
대구광역시,동구,,숙천동,A10027296,대구신서혁신LH천년나무14단지,아파트,대구광역시 동구 숙천동 381 대구신서혁신LH천년나무14단지,대구광역시 동구 초례로16길 3,20161031,2,178,지역난방,도시가스,대구그린파워,35.882848,128.7524252,대구혁신도시,TRUE
대구광역시,동구,,숙천동,A10027520,혁신도시 서한이다음4차,아파트,대구광역시 동구 숙천동 388 혁신도시 서한이다음4차,대구광역시 동구 초례로16길 107,20160615,7,244,지역난방,도시가스,대구그린파워,35.8817081,128.7457506,대구혁신도시,TRUE
대구광역시,동구,,지묘동,A10024409,LH뉴웰시티,아파트,대구광역시 동구 지묘동 1386 LH뉴웰시티,대구광역시 동구 동화천로77길 30,20210202,22,1812,개별난방,도시가스,대성에너지,35.9400023,128.6330603,,FALSE
대구광역시,동구,,지묘동,A10025011,대구연경LH천년나무2단지,아파트,대구광역시 동구 지묘동 1316 대구연경LH천년나무2단지,대구광역시 동구 연경지묘로 153,20200225,5,916,개별난방,도시가스,대성에너지,35.9477301,128.6267879,,FALSE
대구광역시,동구,,지묘동,A10024711,대구연경아이파크,아파트,대구광역시 동구 지묘동 1337 대구연경아이파크,대구광역시 동구 동화천로 369,20200730,11,792,개별난방,도시가스,대성에너지,35.9460454,128.6299664,,FALSE
대구광역시,동구,,지묘동,A70183801,왕산우방타운,아파트,대구광역시 동구 지묘동 337 왕산우방타운,대구광역시 동구 파계로6길 30,19971118,5,215,개별난방,도시가스,대성에너지,35.9395807,128.6405833,,FALSE
대구광역시,동구,,지묘동,A70183903,태왕그린힐즈,아파트,대구광역시 동구 지묘동 360 태왕그린힐즈,대구광역시 동구 파계로 46,19971222,7,462,중앙난방,도시가스,대성에너지,35.9391851,128.6391686,,FALSE
대구광역시,동구,,지묘동,A70148006,팔공2차보성타운,아파트,대구광역시 동구 지묘동 327 팔공2차보성타운,대구광역시 동구 팔공로101길 55,19950616,6,748,개별난방,도시가스,대성에너지,35.9406226,128.642159,,FALSE
대구광역시,동구,,지묘동,A70183804,팔공3차보성타운,아파트,대구광역시 동구 지묘동 824 팔공3차보성타운,대구광역시 동구 파계로 71,20011229,9,650,개별난방,도시가스,대성에너지,35.9403318,128.6364304,,FALSE
대구광역시,동구,,지묘동,A70183905,팔공보성타운,아파트,대구광역시 동구 지묘동 215 팔공보성타운,대구광역시 동구 파계로 71,19940812,6,727,개별난방,도시가스,대성에너지,35.9403318,128.6364304,,FALSE
대구광역시,동구,,지묘동,A70183902,화성명산타운,아파트,대구광역시 동구 지묘동 500 화성명산타운,대구광역시 동구 파계로22길 7,19940725,2,218,개별난방,도시가스,대성에너지,35.9442288,128.637901,,FALSE
대구광역시,동구,,지묘동,A70173901,화성빌라트,아파트,대구광역시 동구 지묘동 543-1 화성빌라트,대구광역시 동구 파계로22길 33,19950525,3,105,개별난방,도시가스,대성에너지,35.9420497,128.6397418,,FALSE
대구광역시,서구,,내당동,A70375102,광장타운1차,아파트,대구광역시 서구 내당동 463-5 광장타운1차,대구광역시 서구 달구벌대로 1707,19840319,6,672,개별난방,도시가스,대성에너지,35.857157,128.5522892,,FALSE
대구광역시,서구,,내당동,A70380501,광장타운2차,아파트,대구광역시 서구 내당동 463-8 광장타운2차,대구광역시 서구 달구벌대로337길 8,19870624,2,180,지역난방,도시가스,한국지역난방공사,35.8560791,128.5502455,,FALSE
대구광역시,서구,,내당동,A10021796,내당광명아파트,아파트,대구광역시 서구 내당동 340- 내당광명아파트,대구광역시 서구 평리로 214,19810430,4,230,개별난방,도시가스,대성에너지,35.8606995,128.5468606,,FALSE
대구광역시,서구,,내당동,A10021103,내당동화타운,아파트,대구광역시 서구 내당동 460-5 내당동화타운,대구광역시 서구 달구벌대로337길 29,19941128,2,102,개별난방,도시가스,대성에너지,35.8571172,128.5503388,,FALSE
대구광역시,서구,,내당동,A70306006,내당삼익맨션,아파트,대구광역시 서구 내당동 350-1 내당삼익맨션,대구광역시 서구 서대구로 25,19791119,4,503,지역난방,도시가스,한국지역난방공사,35.8601652,128.5561411,,FALSE
대구광역시,서구,,내당동,A10022771,반고개역 푸르지오,아파트,대구광역시 서구 내당동 2353 반고개역 푸르지오,대구광역시 서구 큰장로7길 11,20240124,3,240,개별난방,도시가스,대성에너지,35.8642366,128.5733045,,FALSE
대구광역시,서구,,내당동,A10021834,보성홍실2차아파트 ,아파트,대구광역시 서구 내당동 11-1 보성홍실2차아파트 ,대구광역시 서구 통학로 39,19880430,5,294,개별난방,도시가스,대성에너지,35.8642189,128.5636149,,FALSE
대구광역시,서구,,내당동,A70375203,삼익뉴타운,아파트,대구광역시 서구 내당동 308-11 삼익뉴타운,대구광역시 서구 평리로 236,19800929,16,1776,개별난방,도시가스,대성에너지,35.8607868,128.5490413,,FALSE
대구광역시,서구,,내당동,A70306004,시영내당아파트자치관리회,아파트,"대구광역시 서구 내당동 202-1,대구광역시 서구 내당동 202-6 시영내당아파트자치관리회",대구광역시 서구 서대구로8길 15,19790805,12,478,개별난방,도시가스,대성에너지,35.8623447,128.5578608,,FALSE
대구광역시,서구,,내당동,A10023745,이편한세상두류역,아파트,대구광역시 서구 내당동 197-2 이편한세상두류역,대구광역시 서구 달구벌대로361길 41,20220624,7,902,지역난방,도시가스,한국지역난방공사,35.8615089,128.5611574,,FALSE
대구광역시,서구,,내당동,A10022068,홍실1차아파트,아파트,대구광역시 서구 내당동 28-1 홍실1차아파트,대구광역시 서구 서대구로8길 49,19861002,5,199,개별난방,도시가스,대성에너지,35.8624852,128.5619239,,FALSE
대구광역시,서구,,내당동,A70306005,황제맨션,아파트,대구광역시 서구 내당동 11-8 황제맨션,대구광역시 서구 통학로 46,19881210,5,478,개별난방,도시가스,대성에너지,35.8645106,128.5649946,,FALSE
대구광역시,서구,,비산동,A10021245,만평아파트,아파트,대구광역시 서구 비산동 1011- 만평아파트,대구광역시 서구 달서천로57길 20,19820923,7,245,개별난방,도시가스,대성에너지,35.8864973,128.5653488,,FALSE
대구광역시,서구,,비산동,A10020961,비산보성아파트 ,아파트,대구광역시 서구 비산동 2008-18 비산보성아파트 ,대구광역시 서구 염색공단로11길 35,19831022,1,130,개별난방,도시가스,대성에너지,35.8848843,128.55368,,FALSE
대구광역시,서구,,비산동,A70304001,비산우방맨션,아파트,대구광역시 서구 비산동 331-36 비산우방맨션,대구광역시 서구 통학로24길 60,19950428,2,183,개별난방,도시가스,대성에너지,35.8711468,128.5695641,,FALSE
대구광역시,서구,,비산동,A70381401,비산한신휴플러스,아파트,대구광역시 서구 비산동 315 비산한신휴플러스,대구광역시 서구 달서로17길 17,20051212,3,335,개별난방,도시가스,대성에너지,35.8702539,128.5690424,,FALSE
대구광역시,서구,,평리동,A10022990,서대구역반도유보라센텀,,대구광역시 서구 평리동 1083-2 서대구역반도유보라센텀,대구광역시 서구 문화로 230,20231004,11,1678,개별난방,도시가스,대성에너지,35.8750619,128.550757,,FALSE
대구광역시,서구,,평리동,A10023224,서대구역서한이다음 더 퍼스트,아파트,대구광역시 서구 평리동 1481-10 서대구역서한이다음 더 퍼스트,대구광역시 서구 국채보상로37길 38,20230428,13,856,개별난방,도시가스,대성에너지,35.8712512,128.5514002,,FALSE
대구광역시,서구,,평리동,A10022401,서대구역센텀화성파크드림,,대구광역시 서구 평리동 1502-1 서대구역센텀화성파크드림,대구광역시 서구 문화로 150,20240828,11,1404,개별난방,도시가스,대성에너지,35.8750619,128.550757,,FALSE
대구광역시,서구,,평리동,A10022889,서대구역화성파크드림,아파트,대구광역시 서구 평리동 1512-10 서대구역화성파크드림,대구광역시 서구 서대구로29길 30,20231027,15,1594,개별난방,도시가스,대성에너지,35.8708491,128.5515257,,FALSE
대구광역시,서구,,평리동,A10023302,서대구영무예다음,,대구광역시 서구 평리동 633-29 서대구영무예다음,대구광역시 서구 당산로 446,20230301,13,1418,개별난방,도시가스,대성에너지,35.8650187,128.5469225,,FALSE
대구광역시,서구,,평리동,A70384401,평리롯데캐슬,아파트,대구광역시 서구 평리동 1677 평리롯데캐슬,대구광역시 서구 국채보상로 316,20091224,17,1281,중앙난방,열병합,대성에너지,35.8716105,128.5657983,,FALSE
대구광역시,서구,,평리동,A70384801,평리청구타운,아파트,대구광역시 서구 평리동 1408 평리청구타운,대구광역시 서구 서대구로 77,20000315,5,605,개별난방,도시가스,대성에너지,35.864668,128.5555256,,FALSE
대구광역시,서구,,평리동,A70301401,평리푸르지오,아파트,대구광역시 서구 평리동 1680 평리푸르지오,대구광역시 서구 국채보상로50길 20,20111130,22,1819,개별난방,도시가스,대성에너지,35.8690499,128.5597926,,FALSE
대구광역시,서구,,중리동,A10022195,2차진달래아파트,,대구광역시 서구 중리동 42-1 2차진달래아파트,대구광역시 서구 국채보상로38길 22,19830524,6,240,개별난방,도시가스,대성에너지,35.8680179,128.5518595,,FALSE
대구광역시,서구,,중리동,A70383208,꽃동네아파트,아파트,"대구광역시 서구 중리동 121-1,대구광역시 서구 중리동 123 꽃동네아파트",대구광역시 서구 평리로 221,19811223,9,525,개별난방,도시가스,대성에너지,35.8635428,128.5482518,,FALSE
대구광역시,서구,,중리동,A10021135,중리광명맨션,아파트,대구광역시 서구 중리동 130- 중리광명맨션,대구광역시 서구 평리로 215,19830701,4,120,개별난방,도시가스,대성에너지,35.8619553,128.5470364,,FALSE
대구광역시,서구,,중리동,A70383109,중리롯데캐슬,아파트,대구광역시 서구 중리동 26-1 중리롯데캐슬,대구광역시 서구 국채보상로34길 12,20091012,21,1968,지역난방,도시가스,한국지역난방공사,35.8671819,128.5479376,,FALSE
대구광역시,서구,,중리동,A70383107,중리시영1차아파트,아파트,"대구광역시 서구 중리동 94,대구광역시 서구 중리동 99 중리시영1차아파트",대구광역시 서구 당산로 324,19850529,9,340,개별난방,도시가스,대성에너지,35.8642722,128.5469459,,FALSE
대구광역시,서구,,중리동,A70309005,진달래1차아파트,아파트,"대구광역시 서구 중리동 76-1,대구광역시 서구 중리동 80-1,대구광역시 서구 중리동 82-2 진달래1차아파트",대구광역시 서구 국채보상로36길 39,19830204,6,335,개별난방,도시가스,대성에너지,35.866242,128.5521412,,FALSE
대구광역시,서구,,원대동2가,A10021329,금류타운,아파트,대구광역시 서구 원대동2가 88- 금류타운,대구광역시 서구 원대로13길 2,19981130,1,125,개별난방,도시가스,대성에너지,35.8831979,128.5806837,,FALSE
대구광역시,서구,,원대동3가,A10022997,서대구센트럴자이,,대구광역시 서구 원대동3가 1401 서대구센트럴자이,대구광역시 서구 고성로 33,20230830,13,1526,개별난방,도시가스,대성에너지,35.884997,128.5741263,,FALSE
대구광역시,남구,,이천동,A70583802,교대역월드메르디앙,아파트,대구광역시 남구 이천동 452 교대역월드메르디앙,대구광역시 남구 이천로19길 68,20060918,4,361,개별난방,도시가스,대성에너지,35.8509579,128.5959049,,FALSE
대구광역시,남구,,이천동,A10021600,교대역푸르지오트레힐즈,아파트,대구광역시 남구 이천동 474-1 교대역푸르지오트레힐즈,대구광역시 남구 이천로19길 16,20241030,10,924,개별난방,도시가스,대성에너지,35.850188,128.5960092,,FALSE
대구광역시,남구,,이천동,A10023044,대봉교역 금호어울림 에듀리버,아파트,대구광역시 남구 이천동 281-1 대봉교역 금호어울림 에듀리버,대구광역시 남구 대봉로30길 12,20230830,6,433,개별난방,도시가스,대성에너지,35.8520883,128.6047222,,FALSE
대구광역시,남구,,이천동,A10023312,대봉교역태왕아너스,아파트,대구광역시 남구 이천동 1177 대봉교역태왕아너스,대구광역시 남구 대봉로 162,20230316,6,412,개별난방,도시가스,대성에너지,35.8533394,128.6030505,,FALSE
대구광역시,남구,,이천동,A70577305,보성상아맨션,아파트,대구광역시 남구 이천동 650 보성상아맨션,대구광역시 남구 명덕로 236,19871110,5,510,중앙난방,열병합,대성에너지,35.8546158,128.5951702,,FALSE
대구광역시,남구,,이천동,A70577204,이천강변타운,아파트,대구광역시 남구 이천동 214-456 이천강변타운,대구광역시 남구 명덕로68길 19,19940930,3,480,개별난방,도시가스,대성에너지,35.8538693,128.6065495,,FALSE
대구광역시,남구,,이천동,A70577201,이천뜨란채2단지,아파트,대구광역시 남구 이천동 551-1 이천뜨란채2단지,대구광역시 남구 희망로 57,20021128,4,320,개별난방,도시가스,대성에너지,35.8481619,128.6049844,,FALSE
대구광역시,남구,,이천동,A70583603,"이천뜨란채3,4단지아파트",아파트,"대구광역시 남구 이천동 239-2,대구광역시 남구 이천동 243-1 이천뜨란채3,4단지아파트",대구광역시 남구 대봉로26길 38,20060719,5,431,개별난방,도시가스,대성에너지,35.8494414,128.60564,,FALSE
대구광역시,남구,,이천동,A70577206,이천주공1단지,아파트,대구광역시 남구 이천동 121-70 이천주공1단지,대구광역시 남구 명덕로68길 77,19990605,6,576,개별난방,도시가스,대성에너지,35.8521371,128.6062936,,FALSE
대구광역시,남구,,이천동,A70501007,희망교대성유니드,아파트,대구광역시 남구 이천동 361-16 희망교대성유니드,대구광역시 남구 희망로5길 12,20060608,6,635,개별난방,도시가스,대성에너지,35.8486202,128.6017064,,FALSE
대구광역시,남구,,봉덕동,A70575204,1차대덕맨션,아파트,대구광역시 남구 봉덕동 1329-2 1차대덕맨션,대구광역시 남구 앞산순환로 657,19900920,6,528,중앙난방,열병합,대성에너지,35.8338062,128.5974466,,FALSE
대구광역시,남구,,봉덕동,A70502001,강변코오롱하늘채,주상복합,대구광역시 남구 봉덕동 862 강변코오롱하늘채,대구광역시 남구 봉덕로 134,20081029,4,430,개별난방,도시가스,대성에너지,35.8437741,128.6052806,,FALSE
대구광역시,남구,,봉덕동,A70570201,강변효성백년가약,아파트,대구광역시 남구 봉덕동 1635 강변효성백년가약,대구광역시 남구 봉덕로 135,20120627,5,337,개별난방,도시가스,대성에너지,35.8451445,128.605026,,FALSE
대구광역시,남구,,봉덕동,A70575205,대덕2차맨션,아파트,"대구광역시 남구 봉덕동 1329-1,대구광역시 남구 봉덕동 1329-1 대덕2차맨션",대구광역시 남구 앞산순환로 655,19911120,6,550,개별난방,도시가스,대성에너지,35.8340175,128.5952184,,FALSE
대구광역시,남구,,봉덕동,A70575001,래미안웰리스트,아파트,대구광역시 남구 봉덕동 1631 래미안웰리스트,대구광역시 남구 효성중앙길 81,20100611,7,471,개별난방,도시가스,대성에너지,35.8370833,128.6045964,,FALSE
대구광역시,남구,,봉덕동,A70576903,미리내맨션,아파트,대구광역시 남구 봉덕동 89-3 미리내맨션,대구광역시 남구 효성로 13,19821230,6,408,개별난방,도시가스,대성에너지,35.8340212,128.5993353,,FALSE
대구광역시,남구,,봉덕동,A10023447,봉덕2차화성파크드림,아파트,대구광역시 남구 봉덕동 1657 봉덕2차화성파크드림,대구광역시 남구 대덕로 161,20221229,8,499,개별난방,도시가스,대성에너지,35.8410362,128.6004948,,FALSE
대구광역시,남구,,봉덕동,A70577001,봉덕태성맨션,아파트,대구광역시 남구 봉덕동 1361-1 봉덕태성맨션,대구광역시 남구 효서2길 7,19951031,2,198,개별난방,도시가스,대성에너지,35.8385333,128.5956677,,FALSE
대구광역시,남구,,봉덕동,A10026347,봉덕한라하우젠트퍼스트,아파트,대구광역시 남구 봉덕동 1637 봉덕한라하우젠트퍼스트,대구광역시 남구 봉덕로21길 53-16,20180223,4,186,개별난방,도시가스,대성에너지,35.8473218,128.5994274,,FALSE
대구광역시,남구,,봉덕동,A10025337,봉덕화성파크드림 아파트,아파트,대구광역시 남구 봉덕동 1639 봉덕화성파크드림 아파트,대구광역시 남구 대봉로14길 30,20190821,3,332,개별난방,도시가스,대성에너지,35.842639,128.6054772,,FALSE
대구광역시,남구,,봉덕동,A70576902,앞산보성타운,아파트,대구광역시 남구 봉덕동 1329 앞산보성타운,대구광역시 남구 삼정2길 99,19840625,8,360,개별난방,도시가스,대성에너지,35.8355297,128.5959706,,FALSE
대구광역시,남구,,봉덕동,A10024585,앞산봉덕영무예다음아파트,아파트,대구광역시 남구 봉덕동 1650 앞산봉덕영무예다음아파트,대구광역시 남구 대봉로 12,20201028,10,622,개별난방,도시가스,대성에너지,35.839914,128.6051341,,FALSE
대구광역시,남구,,봉덕동,A10024350,앞산비스타동원,아파트,대구광역시 남구 봉덕동 1064-22 앞산비스타동원,대구광역시 남구 신촌길 57,20210324,5,431,개별난방,도시가스,대성에너지,35.838873,128.6022713,,FALSE
대구광역시,남구,,봉덕동,A10022885,앞산서한이다음,,대구광역시 남구 봉덕동 1637 앞산서한이다음,대구광역시 남구 신촌길 94,20180420,2,128,개별난방,도시가스,대성에너지,35.8382065,128.6041857,,FALSE
대구광역시,남구,,봉덕동,A10025242,앞산태왕아너스,아파트,대구광역시 남구 봉덕동 1642 앞산태왕아너스,대구광역시 남구 효서길 53,20191011,6,493,개별난방,도시가스,대성에너지,35.8371044,128.59604,,FALSE
대구광역시,남구,,봉덕동,A70502201,앞산힐스테이트,아파트,대구광역시 남구 봉덕동 1630 앞산힐스테이트,대구광역시 남구 대덕로 166,20080509,4,425,개별난방,도시가스,대성에너지,35.8401619,128.6020404,,FALSE
대구광역시,남구,,봉덕동,A70575102,효성타운,아파트,"대구광역시 남구 봉덕동 1071,대구광역시 남구 봉덕동 1141 효성타운",대구광역시 남구 효성중앙길 37,19880331,16,1162,개별난방,도시가스,대성에너지,35.8372079,128.6023203,,FALSE
대구광역시,남구,,봉덕동,A10022601,힐스테이트앞산센트럴,아파트,대구광역시 남구 봉덕동 1607-35 힐스테이트앞산센트럴,대구광역시 남구 대덕로 162,20240430,4,345,개별난방,도시가스,대성에너지,35.8405675,128.6006792,,FALSE
대구광역시,남구,,대명동,A70581002,개나리맨션,아파트,대구광역시 남구 대명동 1635 개나리맨션,대구광역시 남구 대명로 117,19800513,3,449,개별난방,도시가스,대성에너지,35.8401844,128.5701099,,FALSE
대구광역시,남구,,대명동,A10026581,교대역동서프라임36.5,아파트,대구광역시 남구 대명동 3060 교대역동서프라임36.5,대구광역시 남구 이천로19길 81,20170609,4,268,개별난방,도시가스,대성에너지,35.8511657,128.5943941,,FALSE
대구광역시,남구,,대명동,A10023721,교대역하늘채뉴센트원,아파트,대구광역시 남구 대명동 1959-27 교대역하늘채뉴센트원,대구광역시 남구 중앙대로 187,20220615,10,975,개별난방,도시가스,대성에너지,35.8493138,128.5903167,,FALSE
대구광역시,남구,,대명동,A10021591,대명가든맨션,아파트,대구광역시 남구 대명동 58-2 대명가든맨션,대구광역시 남구 대명로 311,19831115,1,110,개별난방,도시가스,대성에너지,35.845179,128.5896821,,FALSE
대구광역시,남구,,대명동,A10023293,대명세광그린타운,아파트,대구광역시 남구 대명동 329-13 대명세광그린타운,대구광역시 남구 현충로26길 67,19971030,1,114,개별난방,도시가스,대성에너지,35.8441271,128.5836089,,FALSE
대구광역시,남구,,대명동,A10023474,대명역센트럴엘리프,아파트,대구광역시 남구 대명동 3072 대명역센트럴엘리프,대구광역시 남구 대명로14길 60,20220930,12,1051,개별난방,도시가스,대성에너지,35.8353824,128.5651742,,FALSE
대구광역시,남구,,대명동,A70503001,대명파크맨션,아파트,대구광역시 남구 대명동 1633 대명파크맨션,대구광역시 남구 대명복개로 230,19800510,4,553,개별난방,도시가스,대성에너지,35.8414105,128.5706502,,FALSE
대구광역시,남구,,대명동,A70575301,동신점보아파트,아파트,대구광역시 남구 대명동 780-3 동신점보아파트,대구광역시 남구 대명로 177,19790821,1,202,개별난방,도시가스,대성에너지,35.8394753,128.5771482,,FALSE
대구광역시,남구,,대명동,A70575402,동아대덕아파트,아파트,대구광역시 남구 대명동 1220-24 동아대덕아파트,대구광역시 남구 현충서길 29,19921130,1,210,개별난방,도시가스,대성에너지,35.845228,128.5773396,,FALSE
대구광역시,남구,,대명동,A10022243,백작맨션,,대구광역시 남구 대명동 181-1 백작맨션,대구광역시 남구 중앙대로31길 28,19881124,1,104,개별난방,도시가스,대성에너지,35.8474958,128.5893747,,FALSE
대구광역시,남구,,대명동,A70576401,보성청록타운,아파트,대구광역시 남구 대명동 2680-17 보성청록타운,대구광역시 남구 큰골길 200,19981212,3,347,개별난방,도시가스,대성에너지,35.8343139,128.5857687,,FALSE
대구광역시,남구,,대명동,A10025921,앞산리슈빌앤리마크1차,아파트,대구광역시 남구 대명동 3062 앞산리슈빌앤리마크1차,대구광역시 남구 안지랑로 73,20181015,8,299,개별난방,도시가스,대성에너지,35.8377761,128.5704815,,FALSE
대구광역시,남구,,대명동,A70576501,용마맨션,아파트,대구광역시 남구 대명동 1638-5 용마맨션,대구광역시 남구 대명로 145,19790911,2,162,개별난방,도시가스,대성에너지,35.8396897,128.5736761,,FALSE
대구광역시,남구,,대명동,A10021195,우방뉴코스모스아파트,아파트,대구광역시 남구 대명동 1210-8 우방뉴코스모스아파트,대구광역시 남구 대명로10길 6,19830608,4,185,개별난방,도시가스,대성에너지,35.8378021,128.5629157,,FALSE
대구광역시,남구,,대명동,A70575403,정우맨션,아파트,"대구광역시 남구 대명동 629-1,대구광역시 남구 대명동 629-61 정우맨션",대구광역시 남구 현충로25길 71,19790814,7,441,개별난방,도시가스,대성에너지,35.8438657,128.5758056,,FALSE
대구광역시,남구,,대명동,A10020975,힐스테이트대명센트럴,아파트,대구광역시 남구 대명동 221-1 힐스테이트대명센트럴,대구광역시 남구 대명로 256,20241129,4,861,개별난방,도시가스,대성에너지,35.8403345,128.5756507,,FALSE
대구광역시,북구,,칠성동2가,A10026896,대구역 서원프레시빌,도시형 생활주택(주상복합),대구광역시 북구 칠성동2가 302-105 대구역 서원프레시빌,대구광역시 북구 칠성남로 176,20170704,1,168,개별난방,도시가스,대성에너지,35.8763522,128.5996972,,FALSE
대구광역시,북구,,칠성동2가,A70274601,대구역 서희스타힐스,아파트,대구광역시 북구 칠성동2가 715 대구역 서희스타힐스,대구광역시 북구 칠성남로 101,20120131,13,1250,개별난방,도시가스,대성에너지,35.8790619,128.5918525,,FALSE
대구광역시,북구,,칠성동2가,A10026649,대구역 유림노르웨이숲,아파트,대구광역시 북구 칠성동2가 736 대구역 유림노르웨이숲,대구광역시 북구 칠성남로26길 11,20171129,3,296,개별난방,도시가스,대성에너지,35.8768429,128.593483,,FALSE
대구광역시,북구,,칠성동2가,A10024067,대구역한라하우젠트센텀,주상복합,대구광역시 북구 칠성동2가 738 대구역한라하우젠트센텀,대구광역시 북구 칠성남로 100,20211027,2,256,개별난방,도시가스,대성에너지,35.8779653,128.5918814,,FALSE
대구광역시,북구,,칠성동2가,A70277702,성광우방타운,아파트,대구광역시 북구 칠성동2가 127 성광우방타운,대구광역시 북구 호암로 20,19960110,9,1010,개별난방,도시가스,대성에너지,35.8816309,128.5924366,,FALSE
대구광역시,북구,,칠성동2가,A70274602,오페라 코오롱하늘채,주상복합,대구광역시 북구 칠성동2가 723 오페라 코오롱하늘채,대구광역시 북구 중앙대로 540,20140620,4,464,개별난방,도시가스,대성에너지,35.8805554,128.597107,,FALSE
대구광역시,북구,,칠성동2가,A10026505,오페라삼정그린코아더베스트,아파트,대구광역시 북구 칠성동2가 733 오페라삼정그린코아더베스트,대구광역시 북구 침산로 100,20171024,6,578,개별난방,도시가스,대성에너지,35.8845856,128.5917541,,FALSE
대구광역시,북구,,칠성동2가,A70277601,칠성삼성아파트,아파트,대구광역시 북구 칠성동2가 378-4 칠성삼성아파트,대구광역시 북구 호암로 40,19951128,7,624,개별난방,도시가스,대성에너지,35.8812751,128.5947829,,FALSE
대구광역시,북구,,칠성동2가,A10022463,칠성우방맨션,,대구광역시 북구 칠성동2가 355-1 칠성우방맨션,대구광역시 북구 중앙대로105길 22,19981222,1,129,개별난방,도시가스,대성에너지,35.8807216,128.5938923,,FALSE
대구광역시,북구,,칠성동2가,A70285103,침산1차푸르지오,주상복합,"대구광역시 북구 칠성동2가 2-2,대구광역시 북구 칠성동2가 2-5 침산1차푸르지오",대구광역시 북구 침산로21길 23,20051128,9,1149,개별난방,도시가스,대성에너지,35.8852446,128.5879747,,FALSE
대구광역시,북구,,고성동1가,A10022625,대구 오페라스위첸,아파트,대구광역시 북구 고성동1가 55-2 대구 오페라스위첸,대구광역시 북구 칠성남로 70,20240607,6,854,개별난방,도시가스,대성에너지,35.8779214,128.592928,,FALSE
대구광역시,북구,,고성동1가,A10023213,대구역오페라w,아파트,대구광역시 북구 고성동1가 260 대구역오페라w,대구광역시 북구 칠성남로 50,20230530,5,989,개별난방,도시가스,대성에너지,35.8779214,128.592928,,FALSE
대구광역시,북구,,고성동1가,A10022702,힐스테이트대구역오페라,아파트,대구광역시 북구 고성동1가 114-33 힐스테이트대구역오페라,대구광역시 북구 칠성남로 30,20240531,6,937,개별난방,도시가스,대성에너지,35.8792466,128.5840643,,FALSE
대구광역시,북구,,고성동2가,A70275301,고성아파트,아파트,대구광역시 북구 고성동2가 112-3 고성아파트,대구광역시 북구 고성북로 3,19930802,3,425,개별난방,도시가스,대성에너지,35.8801704,128.582111,,FALSE
대구광역시,북구,,고성동3가,A10023010,오페라 센텀파크 서한이다음,아파트,대구광역시 북구 고성동3가 149 오페라 센텀파크 서한이다음,대구광역시 북구 고성로37길 1,20230830,4,417,개별난방,도시가스,대성에너지,35.8819598,128.5856137,,FALSE
대구광역시,북구,,고성동3가,A10024887,오페라트루엘시민의숲,아파트,대구광역시 북구 고성동3가 5-139 오페라트루엘시민의숲,대구광역시 북구 고성북로 34,20200515,9,682,개별난방,도시가스,대성에너지,35.8825378,128.5847999,,FALSE
대구광역시,북구,,침산동,A70205004,강변일성트루엘,아파트,대구광역시 북구 침산동 1755 강변일성트루엘,대구광역시 북구 침산남로 215,20140224,3,323,개별난방,도시가스,대성에너지,35.8868315,128.5994825,,FALSE
대구광역시,북구,,침산동,A70285711,대한동아침산1차무지개아파트,아파트,대구광역시 북구 침산동 372-3 대한동아침산1차무지개아파트,대구광역시 북구 침산로21길 24,19990430,5,509,개별난방,도시가스,대성에너지,35.8868702,128.5880714,,FALSE
대구광역시,북구,,침산동,A70285712,대한동아침산2차무지개아파트,아파트,대구광역시 북구 침산동 233-3 대한동아침산2차무지개아파트,대구광역시 북구 침산로21길 10,19990731,7,802,개별난방,도시가스,대성에너지,35.8864226,128.5899368,,FALSE
대구광역시,북구,,침산동,A10020945,더샵프리미엘,아파트,대구광역시 북구 침산동 305-4 더샵프리미엘,대구광역시 북구 침산로32길 20,20241230,2,300,개별난방,도시가스,대성에너지,35.8899059,128.5934712,,FALSE
대구광역시,북구,,침산동,A70285607,롯데캐슬오페라,아파트,대구광역시 북구 침산동 213-1 롯데캐슬오페라,대구광역시 북구 침산남로 160,20050218,7,439,개별난방,도시가스,대성에너지,35.8869161,128.5933577,,FALSE
대구광역시,북구,,침산동,A70285713,명성푸르지오,주상복합,대구광역시 북구 침산동 269-10 명성푸르지오,대구광역시 북구 침산로 153,20060324,5,746,개별난방,도시가스,대성에너지,35.8890577,128.5904827,,FALSE
대구광역시,북구,,침산동,A70285501,삼주,아파트,대구광역시 북구 침산동 101-3 삼주,대구광역시 북구 중앙대로118길 46,19790811,2,198,개별난방,도시가스,대성에너지,35.8827346,128.5988488,,FALSE
대구광역시,북구,,침산동,A70277903,침산1차화성타운,아파트,대구광역시 북구 침산동 117-3 침산1차화성타운,대구광역시 북구 침산남로37길 5,19981109,5,281,개별난방,도시가스,대성에너지,35.8878081,128.5954974,,FALSE
대구광역시,북구,,침산동,A70205302,침산2지구아파트,아파트,대구광역시 북구 침산동 456-7 침산2지구아파트,대구광역시 북구 성북로 8,19911219,1,247,개별난방,도시가스,대성에너지,35.8896955,128.5849833,,FALSE
대구광역시,북구,,침산동,A70287006,침산2차청구타운,아파트,대구광역시 북구 침산동 363-1 침산2차청구타운,대구광역시 북구 침산남로19길 8,19961218,2,311,개별난방,도시가스,대성에너지,35.889446,128.587877,,FALSE
대구광역시,북구,,침산동,A70285608,침산2차화성타운,아파트,대구광역시 북구 침산동 123-1 침산2차화성타운,대구광역시 북구 침산남로37길 24,19990424,4,488,중앙난방,도시가스,대성에너지,35.8891725,128.5951099,,FALSE
대구광역시,북구,,침산동,A70285703,침산3차푸르지오아파트,아파트,대구광역시 북구 침산동 252-2 침산3차푸르지오아파트,대구광역시 북구 침산남로 130,20041028,2,241,개별난방,도시가스,대성에너지,35.8877572,128.5897756,,FALSE
대구광역시,북구,,침산동,A70285602,침산건영하이츠,주상복합,대구광역시 북구 침산동 296-1 침산건영하이츠,대구광역시 북구 침산로 158,20020528,2,259,개별난방,도시가스,대성에너지,35.8902032,128.5915117,,FALSE
대구광역시,북구,,침산동,A70205003,침산동2차쌍용예가,아파트,대구광역시 북구 침산동 1750 침산동2차쌍용예가,대구광역시 북구 성북로9길 12,20130930,8,657,개별난방,도시가스,대성에너지,35.8927432,128.5890248,,FALSE
대구광역시,북구,,침산동,A70285708,침산동서타운,아파트,대구광역시 북구 침산동 368-1 침산동서타운,대구광역시 북구 침산남로 116,19970422,2,320,개별난방,도시가스,대성에너지,35.8881334,128.5879395,,FALSE
대구광역시,북구,,침산동,A70285509,침산동코오롱하늘채2단지,아파트,대구광역시 북구 침산동 105-1 침산동코오롱하늘채2단지,대구광역시 북구 중앙대로 591,20060518,12,977,개별난방,도시가스,대성에너지,35.8857018,128.5964069,,FALSE
대구광역시,북구,,침산동,A70285901,침산동화타운,아파트,대구광역시 북구 침산동 1414 침산동화타운,대구광역시 북구 침산남로7길 50-21,19970911,3,298,개별난방,도시가스,대성에너지,35.8935247,128.5797602,,FALSE
대구광역시,북구,,침산동,A70205001,침산삼정그린코아,아파트,대구광역시 북구 침산동 101-1 침산삼정그린코아,대구광역시 북구 중앙대로 570,20050922,2,305,개별난방,도시가스,대성에너지,35.8834132,128.5981428,,FALSE
대구광역시,북구,,침산동,A70285804,침산선학맨션,아파트,대구광역시 북구 침산동 341-3 침산선학맨션,대구광역시 북구 성북로 50,19920316,2,300,개별난방,도시가스,대성에너지,35.8907458,128.5893641,,FALSE
대구광역시,북구,,침산동,A10022057,침산세정드림타운,아파트,대구광역시 북구 침산동 637-1 침산세정드림타운,대구광역시 북구 침산로52길 13,20030922,1,132,개별난방,도시가스,대성에너지,35.898636,128.5910324,,FALSE
대구광역시,북구,,침산동,A70205310,침산쌍용아파트,아파트,대구광역시 북구 침산동 400-1 침산쌍용아파트,대구광역시 북구 침산로21길 36,19990426,5,419,개별난방,도시가스,대성에너지,35.8871072,128.5868838,,FALSE
대구광역시,북구,,침산동,A70277806,침산옥석타운,아파트,대구광역시 북구 침산동 286-1 침산옥석타운,대구광역시 북구 침산남로31길 11,19960923,2,375,개별난방,도시가스,대성에너지,35.8889085,128.5926818,,FALSE
대구광역시,북구,,침산동,A70285705,침산제일아파트,아파트,대구광역시 북구 침산동 369-2 침산제일아파트,대구광역시 북구 옥산로17길 50,19930403,2,310,개별난방,도시가스,대성에너지,35.8883256,128.586985,,FALSE
대구광역시,북구,,침산동,A70205002,침산청구타운,아파트,대구광역시 북구 침산동 431-2 침산청구타운,대구광역시 북구 침산남로19길 9,19950529,4,542,개별난방,도시가스,대성에너지,35.8897858,128.5862692,,FALSE
대구광역시,북구,,침산동,A70285505,침산코오롱하늘채1단지,아파트,대구광역시 북구 침산동 105-73 침산코오롱하늘채1단지,대구광역시 북구 침산로22길 31,20060518,5,372,개별난방,도시가스,대성에너지,35.8855176,128.5938906,,FALSE
대구광역시,북구,,침산동,A70285701,침산태왕리더스,아파트,대구광역시 북구 침산동 443-2 침산태왕리더스,대구광역시 북구 침산남로 80,20050416,2,200,개별난방,도시가스,대성에너지,35.8889459,128.5843106,,FALSE
대구광역시,북구,,침산동,A70285604,침산한라스카이빌,아파트,대구광역시 북구 침산동 227-1 침산한라스카이빌,대구광역시 북구 침산로22길 5,20021209,2,326,개별난방,도시가스,대성에너지,35.8857435,128.5919841,,FALSE
대구광역시,북구,,침산동,A70285809,침산현대아파트,아파트,대구광역시 북구 침산동 341-1 침산현대아파트,대구광역시 북구 침산로 163,19960614,5,399,개별난방,도시가스,대성에너지,35.890292,128.5889124,,FALSE
대구광역시,북구,,침산동,A10026772,침산화성파크드림,주상복합,대구광역시 북구 침산동 1761 침산화성파크드림,대구광역시 북구 성북로 70,20170927,7,1202,개별난방,도시가스,대성에너지,35.8910747,128.5925812,,FALSE
대구광역시,북구,,노원동1가,A10022694,북구청역푸르지오에듀포레,아파트,"대구광역시 북구 노원동1가 228,대구광역시 북구 노원동1가 0 북구청역푸르지오에듀포레",대구광역시 북구 침산남로 30,20240619,4,499,개별난방,도시가스,대성에너지,35.8881757,128.5795767,,FALSE
대구광역시,북구,,노원동2가,A70281101,노원동화타운,아파트,대구광역시 북구 노원동2가 44 노원동화타운,대구광역시 북구 오봉로 39,19980720,1,156,개별난방,도시가스,대성에너지,35.8913461,128.5768682,,FALSE
대구광역시,북구,,노원동2가,A70281201,노원보성타운,아파트,대구광역시 북구 노원동2가 246 노원보성타운,대구광역시 북구 오봉로3길 47,19991030,2,224,개별난방,도시가스,대성에너지,35.8893333,128.5740374,,FALSE
대구광역시,북구,,노원동3가,A10026744,대구노원한신더휴,아파트,대구광역시 북구 노원동3가 1227 대구노원한신더휴,대구광역시 북구 노원로10길 40,20170808,12,1580,개별난방,도시가스,대성에너지,35.8904449,128.5688807,,FALSE
대구광역시,북구,,대현동,A70204001,대현e편한세상,아파트,대구광역시 북구 대현동 521 대현e편한세상,대구광역시 북구 대현로10길 82,20080904,8,527,개별난방,도시가스,대성에너지,35.8811991,128.6038619,,FALSE
대구광역시,북구,,대현동,A70204002,대현뜨란채,아파트,대구광역시 북구 대현동 527 대현뜨란채,대구광역시 북구 대현남로 28,20060502,9,736,개별난방,도시가스,대성에너지,35.8799823,128.6064531,,FALSE
대구광역시,북구,,대현동,A70281901,대현신화맨션,아파트,대구광역시 북구 대현동 112-42 대현신화맨션,대구광역시 북구 경대로5길 25,19940615,1,173,개별난방,도시가스,대성에너지,35.8841747,128.6114766,,FALSE
대구광역시,북구,,대현동,A70204003,대현한신휴플러스,아파트,대구광역시 북구 대현동 531 대현한신휴플러스,대구광역시 북구 대현남로 25,20100916,8,751,개별난방,도시가스,대성에너지,35.8814513,128.6056471,,FALSE
대구광역시,북구,,대현동,A10027442,센트럴파크 대현,아파트,대구광역시 북구 대현동 535 센트럴파크 대현,대구광역시 북구 대현남로6길 20,20160414,8,1106,개별난방,도시가스,대성에너지,35.8796361,128.6089257,,FALSE
대구광역시,북구,,산격동,A70284301,산격2차청구맨션,아파트,대구광역시 북구 산격동 1404-19 산격2차청구맨션,대구광역시 북구 대구체육관로4길 2,19991028,2,181,개별난방,도시가스,대성에너지,35.890408,128.6025536,,FALSE
대구광역시,북구,,산격동,A70276801,산격거평아파트,아파트,대구광역시 북구 산격동 615-22 산격거평아파트,대구광역시 북구 유통단지로3길 7,19980708,4,338,개별난방,도시가스,대성에너지,35.9051204,128.6036746,,FALSE
대구광역시,북구,,산격동,A70276903,산격대우아파트,아파트,대구광역시 북구 산격동 500-1 산격대우아파트,대구광역시 북구 동북로 163,19990930,11,1702,개별난방,도시가스,대성에너지,35.9005575,128.611148,,FALSE
대구광역시,북구,,산격동,A70276702,산격주공아파트,아파트,대구광역시 북구 산격동 724-12 산격주공아파트,대구광역시 북구 연암로 183,19911207,8,1862,중앙난방,도시가스,대성에너지,35.9001631,128.5953157,,FALSE
대구광역시,북구,,산격동,A70276802,양우내안애아파트,아파트,대구광역시 북구 산격동 1838 양우내안애아파트,대구광역시 북구 동북로 131,20091208,3,355,개별난방,도시가스,대성에너지,35.9015904,128.6081527,,FALSE
대구광역시,북구,,복현동,A10024047,e편한세상 복현,아파트,대구광역시 북구 복현동 320-1 e편한세상 복현,대구광역시 북구 동북로 247,20211124,9,620,개별난방,도시가스,대성에너지,35.8951265,128.6198514,,FALSE
대구광역시,북구,,복현동,A10024371,대구복현행복주택,아파트,대구광역시 북구 복현동 37 대구복현행복주택,대구광역시 북구 복현로36길 6,20210208,2,197,개별난방,도시가스,대성에너지,35.9043565,128.6202888,,FALSE
대구광역시,북구,,복현동,A70282717,복현2차서한,아파트,대구광역시 북구 복현동 160-7 복현2차서한,대구광역시 북구 공항로15길 8,19980430,9,553,개별난방,도시가스,대성에너지,35.9005518,128.6239564,,FALSE
대구광역시,북구,,복현동,A10027682,복현3차 서한이다음,아파트,"대구광역시 북구 복현동 72-2,대구광역시 북구 복현동 72-2 복현3차 서한이다음",대구광역시 북구 복현로 130,20160125,5,392,개별난방,도시가스,대성에너지,35.9011683,128.6193332,,FALSE
대구광역시,북구,,복현동,A70283310,복현건영,아파트,대구광역시 북구 복현동 539-114 복현건영,대구광역시 북구 검단로 28,19981017,4,386,개별난방,도시가스,대성에너지,35.8996176,128.6166549,,FALSE
대구광역시,북구,,복현동,A70276121,복현광명아파트,아파트,"대구광역시 북구 복현동 368-1,대구광역시 북구 복현동 373-1 복현광명아파트",대구광역시 북구 동북로65길 13,19801126,15,730,개별난방,도시가스,대성에너지,35.8929289,128.6261474,,FALSE
대구광역시,북구,,복현동,A70276213,복현대백,아파트,대구광역시 북구 복현동 539-111 복현대백,대구광역시 북구 복현로 137,19960711,6,450,중앙난방,열병합,대성에너지,35.9012903,128.6172198,,FALSE
대구광역시,북구,,복현동,A70276122,복현명문세가1단지,아파트,대구광역시 북구 복현동 241-1 복현명문세가1단지,대구광역시 북구 복현로 71,20110426,7,336,개별난방,도시가스,대성에너지,35.8968413,128.6240705,,FALSE
대구광역시,북구,,복현동,A70276123,복현명문세가2단지,아파트,대구광역시 북구 복현동 241-1 복현명문세가2단지,대구광역시 북구 복현로 50,20110426,8,452,개별난방,도시가스,대성에너지,35.896658,128.6250922,,FALSE
대구광역시,북구,,복현동,A70276211,복현보성타운,아파트,대구광역시 북구 복현동 539-106 복현보성타운,대구광역시 북구 검단로 64,19960706,3,419,개별난방,도시가스,대성에너지,35.9032679,128.6176538,,FALSE
대구광역시,북구,,복현동,A70276214,복현서한타운,아파트,대구광역시 북구 복현동 539-110 복현서한타운,대구광역시 북구 검단로 50,19960814,6,454,개별난방,도시가스,대성에너지,35.9022099,128.617439,,FALSE
대구광역시,북구,,복현동,A70282707,복현성화,아파트,대구광역시 북구 복현동 60 복현성화,대구광역시 북구 복현로 114-18,19890718,7,305,개별난방,도시가스,대성에너지,35.9016174,128.6209052,,FALSE
대구광역시,북구,,복현동,A10024336,복현아이파크,아파트,대구광역시 북구 복현동 201-3 복현아이파크,대구광역시 북구 동북로 241,20210329,7,585,개별난방,도시가스,대성에너지,35.8962372,128.6182961,,FALSE
대구광역시,북구,,복현동,A70202204,복현우방타운,아파트,대구광역시 북구 복현동 260 복현우방타운,대구광역시 북구 공항로 84,19970716,4,294,개별난방,도시가스,대성에너지,35.898512,128.6247964,,FALSE
대구광역시,북구,,복현동,A10024672,복현자이아파트,아파트,대구광역시 북구 복현동 703 복현자이아파트,대구광역시 북구 공항로 16,20200827,8,594,개별난방,도시가스,대성에너지,35.8974496,128.6184506,,FALSE
대구광역시,북구,,복현동,A70276212,복현청구,아파트,대구광역시 북구 복현동 539-113 복현청구,대구광역시 북구 검단로 34,19960620,6,426,개별난방,도시가스,대성에너지,35.9004666,128.6170942,,FALSE
대구광역시,북구,,복현동,A70202001,복현푸르지오,아파트,대구광역시 북구 복현동 694 복현푸르지오,대구광역시 북구 동북로 345,20131230,17,1199,개별난방,도시가스,대성에너지,35.8912002,128.6280646,,FALSE
대구광역시,북구,,복현동,A70282708,복현현대,아파트,대구광역시 북구 복현동 76-1 복현현대,대구광역시 북구 복현로 115,19920521,2,315,개별난방,도시가스,대성에너지,35.8997878,128.6187517,,FALSE
대구광역시,북구,,복현동,A70283309,복현화성타운,아파트,대구광역시 북구 복현동 539-1 복현화성타운,대구광역시 북구 복현로 173,19991130,5,370,개별난방,도시가스,대성에너지,35.904664,128.6183955,,FALSE
대구광역시,북구,,복현동,A70202215,태왕아너스복현,아파트,대구광역시 북구 복현동 190-1 태왕아너스복현,대구광역시 북구 복현로 105,20060320,7,462,개별난방,도시가스,대성에너지,35.8992467,128.6204632,,FALSE
대구광역시,북구,,검단동,A70275101,민들레타운,아파트,대구광역시 북구 검단동 1128-3 민들레타운,대구광역시 북구 검단로 255,19911230,3,683,개별난방,도시가스,대성에너지,35.9158502,128.6291305,,FALSE
대구광역시,북구,,검단동,A70275202,유성청구타운,아파트,대구광역시 북구 검단동 887-8 유성청구타운,대구광역시 북구 검단로 115,19920814,7,1493,개별난방,도시가스,대성에너지,35.9076236,128.6198235,,FALSE
대구광역시,북구,,동변동,A70212003,동서변그린빌아파트,아파트,대구광역시 북구 동변동 679 동서변그린빌아파트,대구광역시 북구 동변로 55,20020528,14,1282,개별난방,도시가스,대성에너지,35.9176351,128.6024424,,FALSE
대구광역시,북구,,동변동,A70212001,선수촌1단지,아파트,대구광역시 북구 동변동 697 선수촌1단지,대구광역시 북구 동변로 50,20031230,10,775,개별난방,도시가스,대성에너지,35.9172276,128.6049298,,FALSE
대구광역시,북구,,동변동,A70273502,유니버시아드선수촌2단지,아파트,대구광역시 북구 동변동 682 유니버시아드선수촌2단지,대구광역시 북구 동변로 24,20031230,14,1160,개별난방,도시가스,대성에너지,35.9152607,128.6024696,,FALSE
대구광역시,북구,,서변동,A70211001,동서리치모아,아파트,대구광역시 북구 서변동 1772 동서리치모아,대구광역시 북구 서변로 88,20031223,7,430,개별난방,도시가스,대성에너지,35.9234347,128.5976941,,FALSE
대구광역시,북구,,서변동,A70211002,동서변 리벤빌,아파트,대구광역시 북구 서변동 1769 동서변 리벤빌,대구광역시 북구 서변로 106,20050609,6,432,개별난방,도시가스,대성에너지,35.9248535,128.5978489,,FALSE
대구광역시,북구,,서변동,A70211006,동서변월드메르디앙,아파트,대구광역시 북구 서변동 1795 동서변월드메르디앙,대구광역시 북구 서변로 26,20051221,10,902,개별난방,도시가스,대성에너지,35.9176098,128.5979026,,FALSE
대구광역시,북구,,서변동,A70289101,서변청아람,아파트,대구광역시 북구 서변동 1724 서변청아람,대구광역시 북구 호국로57길 20,20030813,7,524,개별난방,도시가스,대성에너지,35.9282026,128.5967097,,FALSE
대구광역시,북구,,서변동,A70211004,영남네오빌블루,아파트,대구광역시 북구 서변동 1766 영남네오빌블루,대구광역시 북구 서변로 120,20031219,8,469,개별난방,도시가스,대성에너지,35.9262898,128.597772,,FALSE
대구광역시,북구,,서변동,A70211003,화성리버파크1단지,아파트,대구광역시 북구 서변동 1775 화성리버파크1단지,대구광역시 북구 서변로 72,20030530,6,433,개별난방,도시가스,대성에너지,35.9218697,128.5976115,,FALSE
대구광역시,북구,,서변동,A70211005,화성리버파크2단지,아파트,대구광역시 북구 서변동 1793 화성리버파크2단지,대구광역시 북구 서변로 50,20030530,6,515,개별난방,도시가스,대성에너지,35.9197959,128.5976716,,FALSE
대구광역시,북구,,읍내동,A10024007,LH 대구읍내행복주택,아파트,대구광역시 북구 읍내동 1343 LH 대구읍내행복주택,대구광역시 북구 칠곡중앙대로 434,20211105,3,252,개별난방,도시가스,대성에너지,35.9343233,128.5492035,,FALSE
대구광역시,북구,,읍내동,A70274401,SD아이프라임강북,아파트,대구광역시 북구 읍내동 1448 SD아이프라임강북,대구광역시 북구 칠곡중앙대로125길 7,20100430,6,573,개별난방,도시가스,대성에너지,35.9506943,128.5518506,,FALSE
대구광역시,북구,,읍내동,A10024162,강북태왕아너스더퍼스트,,대구광역시 북구 읍내동 1452 강북태왕아너스더퍼스트,대구광역시 북구 칠곡중앙대로110길 10,20210827,4,234,개별난방,도시가스,대성에너지,35.9435688,128.5521482,,FALSE
대구광역시,북구,,읍내동,A70285008,공작한양아파트,아파트,대구광역시 북구 읍내동 1366-1 공작한양아파트,대구광역시 북구 구암로21길 38,19930218,6,386,개별난방,도시가스,대성에너지,35.9356306,128.5538389,,FALSE
대구광역시,북구,,읍내동,A70277413,산호한양아파트,아파트,대구광역시 북구 읍내동 1351 산호한양아파트,대구광역시 북구 대천로7길 40,19931230,7,768,개별난방,도시가스,대성에너지,35.9411954,128.5553412,,FALSE
대구광역시,북구,,읍내동,A70285002,삼진목화아파트,아파트,대구광역시 북구 읍내동 1060 삼진목화아파트,대구광역시 북구 대천로9길 15,19910829,1,198,개별난방,도시가스,대성에너지,35.9390064,128.5546152,,FALSE
대구광역시,북구,,읍내동,A70284801,청암연립아파트,연립주택,대구광역시 북구 읍내동 1303 청암연립아파트,대구광역시 북구 관음동로 128,19920722,6,172,개별난방,도시가스,대성에너지,35.944154,128.5481753,,FALSE
대구광역시,북구,,읍내동,A70284709,칠곡3차보성타운,아파트,대구광역시 북구 읍내동 430 칠곡3차보성타운,대구광역시 북구 칠곡중앙대로126길 7-12,19970719,4,456,개별난방,도시가스,대성에너지,35.951217,128.555192,,FALSE
대구광역시,북구,,읍내동,A70284712,칠곡e-편한세상,아파트,대구광역시 북구 읍내동 491 칠곡e-편한세상,대구광역시 북구 칠곡중앙대로 598,20090128,8,608,개별난방,도시가스,대성에너지,35.9487472,128.5535434,,FALSE
대구광역시,북구,,읍내동,A70220004,칠곡럭키아파트,아파트,대구광역시 북구 읍내동 1351-2 칠곡럭키아파트,대구광역시 북구 팔거천서로 181,19931201,4,320,개별난방,도시가스,대성에너지,35.9401425,128.555669,,FALSE
대구광역시,북구,,읍내동,A70284910,칠곡목련타운,아파트,대구광역시 북구 읍내동 1171 칠곡목련타운,대구광역시 북구 구암로15길 38,19871226,10,530,개별난방,도시가스,대성에너지,35.9369224,128.5507091,,FALSE
대구광역시,북구,,읍내동,A70285007,칠곡보성타운,아파트,대구광역시 북구 읍내동 1366-2 칠곡보성타운,대구광역시 북구 구암로21길 26,19921024,4,350,개별난방,도시가스,대성에너지,35.9345246,128.5535808,,FALSE
대구광역시,북구,,읍내동,A70284806,칠곡우방타운,아파트,대구광역시 북구 읍내동 533 칠곡우방타운,대구광역시 북구 칠곡중앙대로115길 24,19981229,2,338,개별난방,도시가스,대성에너지,35.9480881,128.549346,,FALSE
대구광역시,북구,,읍내동,A70285014,칠곡코스모스한양,아파트,대구광역시 북구 읍내동 1366-3 칠곡코스모스한양,대구광역시 북구 구암로21길 6,19931230,7,792,개별난방,도시가스,대성에너지,35.9331994,128.5533429,,FALSE
대구광역시,북구,,읍내동,A70284711,칠곡한서타운,아파트,대구광역시 북구 읍내동 1234-7 칠곡한서타운,대구광역시 북구 동암로7길 39,19950314,5,593,개별난방,도시가스,대성에너지,35.9492936,128.5557842,,FALSE
대구광역시,북구,,읍내동,A70220003,칠곡현대2차아파트,아파트,대구광역시 북구 읍내동 1351-1 칠곡현대2차아파트,대구광역시 북구 대천로7길 26,19930805,3,256,개별난방,도시가스,대성에너지,35.9398935,128.5541045,,FALSE
대구광역시,북구,,읍내동,A10025996,학정역 효성해링턴플레이스,아파트,대구광역시 북구 읍내동 330 학정역 효성해링턴플레이스,대구광역시 북구 관음로 295,20180921,5,467,개별난방,도시가스,대성에너지,35.9545835,128.5523697,,FALSE
대구광역시,북구,,읍내동,A10020800,화성파크드림구수산공원,아파트,대구광역시 북구 읍내동 1090- 화성파크드림구수산공원,대구광역시 북구 구암로21길 37,20250221,7,520,개별난방,도시가스,대성에너지,35.9346984,128.5529307,,FALSE
대구광역시,북구,,학정동,A70221002,대구LH칠곡7단지아파트,아파트,대구광역시 북구 학정동 984 대구LH칠곡7단지아파트,대구광역시 북구 학남로 60,20070731,4,295,개별난방,도시가스,대성에너지,35.9473791,128.5692744,,FALSE
대구광역시,북구,,학정동,A70221003,칠곡1차한라하우젠트,아파트,대구광역시 북구 학정동 980 칠곡1차한라하우젠트,대구광역시 북구 학남로 10,20070103,6,566,개별난방,도시가스,대성에너지,35.9474627,128.565777,,FALSE
대구광역시,북구,,학정동,A70291201,칠곡2차한라하우젠트,아파트,대구광역시 북구 학정동 982 칠곡2차한라하우젠트,대구광역시 북구 학정동로 40,20070515,4,200,개별난방,도시가스,대성에너지,35.9471216,128.5679895,,FALSE
대구광역시,북구,,학정동,A70221004,학정청아람,아파트,대구광역시 북구 학정동 925 학정청아람,대구광역시 북구 학정로110길 29,20071114,8,943,중앙난방,열병합,대성에너지,35.9534996,128.567346,,FALSE
대구광역시,북구,,도남동,A10023231,대구도남lh2단지,아파트,대구광역시 북구 도남동 908 대구도남lh2단지,대구광역시 북구 도남중앙로22길 10,20230413,10,1200,개별난방,도시가스,대성에너지,35.9076033,128.5411301,,FALSE
대구광역시,북구,,국우동,A10023603,대구 도남 LH 1단지,아파트,대구광역시 북구 국우동  대구 도남 LH 1단지,대구광역시 북구 도남길 96,20221014,3,820,개별난방,도시가스,대성에너지,35.9621932,128.5872936,,FALSE
대구광역시,북구,,국우동,A70287401,대구칠곡1차부영,아파트,대구광역시 북구 국우동 1079 대구칠곡1차부영,대구광역시 북구 학정동로 7,20020420,6,900,개별난방,도시가스,대성에너지,35.9450843,128.5653324,,FALSE
대구광역시,북구,,국우동,A70222004,칠곡그린빌1단지,아파트,대구광역시 북구 국우동 1110 칠곡그린빌1단지,대구광역시 북구 구리로 250,19991002,9,876,개별난방,도시가스,대성에너지,35.9490757,128.5786664,,FALSE
대구광역시,북구,,국우동,A70222005,칠곡그린빌5단지,아파트,대구광역시 북구 국우동 1080 칠곡그린빌5단지,대구광역시 북구 학남로 100,20021014,7,714,개별난방,도시가스,대성에너지,35.9449455,128.56813,,FALSE
대구광역시,북구,,국우동,A70222003,칠곡그린빌6단지,아파트,대구광역시 북구 국우동 1080 칠곡그린빌6단지,대구광역시 북구 학정동로 10,20021014,10,852,개별난방,도시가스,대성에너지,35.9449455,128.56813,,FALSE
대구광역시,북구,,국우동,A70222001,칠곡현대아파트,아파트,대구광역시 북구 국우동 1110-3 칠곡현대아파트,대구광역시 북구 구리로 254,19991127,6,707,개별난방,도시가스,대성에너지,35.9478205,128.5783361,,FALSE
대구광역시,북구,,국우동,A10024099,힐스테이트 데시앙 도남4단지,아파트,대구광역시 북구 국우동 3-4 힐스테이트 데시앙 도남4단지,대구광역시 북구 도남중앙로8길 8,20211102,6,585,개별난방,도시가스,대성에너지,35.9507638,128.5846771,,FALSE
대구광역시,북구,,국우동,A10024075,힐스테이트데시앙 도남3단지,아파트,대구광역시 북구 국우동 3-3 힐스테이트데시앙 도남3단지,대구광역시 북구 도남중앙로7길 7,20211102,6,556,개별난방,도시가스,대성에너지,35.9507371,128.5823781,,FALSE
대구광역시,북구,,국우동,A10024072,힐스테이트데시앙도남1단지,아파트,대구광역시 북구 국우동 3-1 힐스테이트데시앙도남1단지,대구광역시 북구 도남길 76,20211102,6,619,개별난방,도시가스,대성에너지,35.9546242,128.5829557,,FALSE
대구광역시,북구,,국우동,A10024066,힐스테이트데시앙도남2단지,아파트,대구광역시 북구 국우동 3-2 힐스테이트데시앙도남2단지,대구광역시 북구 도남길 16,20211102,6,658,개별난방,도시가스,대성에너지,35.9506073,128.579983,,FALSE
대구광역시,북구,,구암동,A70228002,칠곡2차동서타운,아파트,대구광역시 북구 구암동 655-3 칠곡2차동서타운,대구광역시 북구 구암로32길 22,19961125,3,335,개별난방,도시가스,대성에너지,35.9298525,128.5565974,,FALSE
대구광역시,북구,,구암동,A70275708,칠곡2차한라타운,아파트,대구광역시 북구 구암동 695 칠곡2차한라타운,대구광역시 북구 구암로 170,19950710,5,630,개별난방,도시가스,대성에너지,35.930622,128.5588631,,FALSE
대구광역시,북구,,구암동,A70280709,칠곡3단지부영아파트,아파트,대구광역시 북구 구암동 787-3 칠곡3단지부영아파트,대구광역시 북구 구암서로 7,20020622,7,644,개별난방,도시가스,대성에너지,35.9373612,128.5642777,,FALSE
대구광역시,북구,,구암동,A70275603,칠곡3차서한타운,아파트,대구광역시 북구 구암동 655-1 칠곡3차서한타운,대구광역시 북구 구암로32길 14,19960327,3,404,개별난방,도시가스,대성에너지,35.9305705,128.556751,,FALSE
대구광역시,북구,,구암동,A70280713,칠곡5단지부영아파트,아파트,대구광역시 북구 구암동 789 칠곡5단지부영아파트,대구광역시 북구 대천로 132,20030527,8,746,개별난방,도시가스,대성에너지,35.9354423,128.563513,,FALSE
대구광역시,북구,,구암동,A70275606,칠곡6단지부영아파트,아파트,대구광역시 북구 구암동 789-1 칠곡6단지부영아파트,대구광역시 북구 구암로49길 24,20020622,6,536,개별난방,도시가스,대성에너지,35.9340901,128.5632407,,FALSE
대구광역시,북구,,구암동,A70228007,칠곡7단지부영아파트,아파트,대구광역시 북구 구암동 789-2 칠곡7단지부영아파트,대구광역시 북구 구암로49길 10,20030527,8,592,개별난방,도시가스,대성에너지,35.9342238,128.5650819,,FALSE
대구광역시,북구,,구암동,A70280701,칠곡건영아파트,아파트,대구광역시 북구 구암동 695-2 칠곡건영아파트,대구광역시 북구 구암로32길 15,20010713,3,250,개별난방,도시가스,대성에너지,35.9295425,128.5582037,,FALSE
대구광역시,북구,,구암동,A70280710,칠곡그린빌2차,아파트,대구광역시 북구 구암동 772 칠곡그린빌2차,대구광역시 북구 구암서로 70,20010508,8,656,개별난방,도시가스,대성에너지,35.9423378,128.5670845,,FALSE
대구광역시,북구,,구암동,A70280715,칠곡그린빌4단지,아파트,대구광역시 북구 구암동 788 칠곡그린빌4단지,대구광역시 북구 구암서로 22,20011217,12,900,개별난방,도시가스,대성에너지,35.937606,128.5663656,,FALSE
대구광역시,북구,,구암동,A70275605,칠곡금빛타운,아파트,대구광역시 북구 구암동 655 칠곡금빛타운,대구광역시 북구 팔거천동로 70,19951120,5,480,개별난방,도시가스,대성에너지,35.9303127,128.5550541,,FALSE
대구광역시,북구,,구암동,A70275714,칠곡동서영남타운,아파트,대구광역시 북구 구암동 695-1 칠곡동서영남타운,대구광역시 북구 구암로 180,19951024,4,810,개별난방,도시가스,대성에너지,35.9303187,128.5601761,,FALSE
대구광역시,북구,,구암동,A70228012,칠곡미래타운,아파트,대구광역시 북구 구암동 655-4 칠곡미래타운,대구광역시 북구 팔거천동로 52,19951117,9,720,중앙난방,도시가스,대성에너지,35.9289453,128.5547524,,FALSE
대구광역시,북구,,구암동,A70280716,칠곡주공그린빌3단지,아파트,대구광역시 북구 구암동 786 칠곡주공그린빌3단지,대구광역시 북구 구암서로 41,20000825,15,1389,개별난방,도시가스,대성에너지,35.9403167,128.5646233,,FALSE
대구광역시,북구,,구암동,A70275704,칠곡청구타운,아파트,대구광역시 북구 구암동 695-3 칠곡청구타운,대구광역시 북구 학정로 271,19951125,4,466,개별난방,도시가스,대성에너지,35.9289837,128.559243,,FALSE
대구광역시,북구,,구암동,A70280711,화성그랜드파크,아파트,대구광역시 북구 구암동 785 화성그랜드파크,대구광역시 북구 구암로65길 9,20031224,8,716,개별난방,도시가스,대성에너지,35.9397058,128.5675371,,FALSE
대구광역시,북구,,동천동,A70225009,부영e그린타운,아파트,대구광역시 북구 동천동 914 부영e그린타운,대구광역시 북구 동천로24길 12,20030725,9,1194,개별난방,도시가스,대성에너지,35.9405905,128.561615,,FALSE
대구광역시,북구,,동천동,A70225005,영남네오빌아트,아파트,대구광역시 북구 동천동 913 영남네오빌아트,대구광역시 북구 동천로 97,20041002,7,813,개별난방,도시가스,대성에너지,35.940965,128.5592912,,FALSE
대구광역시,북구,,동천동,A70275810,칠곡2차보성서한타운,아파트,대구광역시 북구 동천동 872 칠곡2차보성서한타운,대구광역시 북구 팔거천동로 104,19951024,6,1244,개별난방,도시가스,대성에너지,35.9331705,128.5570267,,FALSE
대구광역시,북구,,동천동,A70275906,칠곡2차영남타운,아파트,대구광역시 북구 동천동 880-1 칠곡2차영남타운,대구광역시 북구 팔거천동로24길 40,19960725,6,974,개별난방,도시가스,대성에너지,35.9326357,128.5605741,,FALSE
대구광역시,북구,,동천동,A70225007,칠곡3차화성타운,아파트,대구광역시 북구 동천동 915 칠곡3차화성타운,대구광역시 북구 대천로 101,19990821,8,1116,중앙난방,열병합,대성에너지,35.9379081,128.5613831,,FALSE
대구광역시,북구,,동천동,A70225004,칠곡네스빌,아파트,대구광역시 북구 동천동 890 칠곡네스빌,대구광역시 북구 동천로 155,20041207,4,512,개별난방,도시가스,대성에너지,35.9454797,128.5600252,,FALSE
대구광역시,북구,,동천동,A70225008,칠곡동화골든빌,아파트,대구광역시 북구 동천동 891 칠곡동화골든빌,대구광역시 북구 동천로 156,20021017,12,1123,개별난방,도시가스,대성에너지,35.9453383,128.5626861,,FALSE
대구광역시,북구,,동천동,A70225002,칠곡우방하이츠,아파트,대구광역시 북구 동천동 889 칠곡우방하이츠,대구광역시 북구 구리로 26,19991030,3,404,개별난방,도시가스,대성에너지,35.9457764,128.5573617,,FALSE
대구광역시,북구,,동천동,A70276003,칠곡화성타운,아파트,대구광역시 북구 동천동 880-3 칠곡화성타운,대구광역시 북구 동천로 6,19951122,4,481,개별난방,도시가스,대성에너지,35.9321811,128.5592317,,FALSE
대구광역시,북구,,동천동,A70225011,화성센트럴파크,아파트,대구광역시 북구 동천동 950 화성센트럴파크,대구광역시 북구 대천로 100,20031226,12,1440,개별난방,도시가스,대성에너지,35.9352542,128.5606892,,FALSE
대구광역시,북구,,관음동,A70224005,동화훼밀리타운,아파트,대구광역시 북구 관음동 1386 동화훼밀리타운,대구광역시 북구 칠곡중앙대로95길 11,20031020,8,451,개별난방,도시가스,대성에너지,35.9378635,128.5480146,,FALSE
대구광역시,북구,,관음동,A70275507,수정한양아파트,아파트,대구광역시 북구 관음동 1370 수정한양아파트,대구광역시 북구 구암로 17,19931014,16,1354,개별난방,도시가스,대성에너지,35.9354866,128.5431175,,FALSE
대구광역시,북구,,관음동,A70280306,칠곡동화타운,아파트,대구광역시 북구 관음동 1383-1 칠곡동화타운,대구광역시 북구 칠곡중앙대로95길 12,20000802,8,768,개별난방,도시가스,대성에너지,35.9396381,128.5484459,,FALSE
대구광역시,북구,,관음동,A70280302,칠곡서한아파트,아파트,대구광역시 북구 관음동 1374 칠곡서한아파트,대구광역시 북구 관음중앙로 6,19920626,2,300,개별난방,도시가스,대성에너지,35.9343788,128.5450861,,FALSE
대구광역시,북구,,관음동,A70275403,칠곡한라타운,연립주택,대구광역시 북구 관음동 1321 칠곡한라타운,대구광역시 북구 칠곡중앙대로91길 58,19920903,10,304,개별난방,도시가스,대성에너지,35.9377923,128.5423541,,FALSE
대구광역시,북구,,관음동,A70280304,한신1차아파트,아파트,대구광역시 북구 관음동 1370-1 한신1차아파트,대구광역시 북구 관음로 50,19921117,5,336,개별난방,도시가스,대성에너지,35.9347256,128.5419491,,FALSE
대구광역시,북구,,태전동,A70226001,강북2차화성파크드림와이드,아파트,대구광역시 북구 태전동 198 강북2차화성파크드림와이드,대구광역시 북구 태전로3길 24,20080221,4,366,개별난방,도시가스,대성에너지,35.9217705,128.5425451,,FALSE
대구광역시,북구,,태전동,A10027916,강북이진캐스빌,아파트,대구광역시 북구 태전동 1181 강북이진캐스빌,대구광역시 북구 칠곡중앙대로51길 50,20150527,6,475,개별난방,도시가스,대성에너지,35.9164002,128.5438372,,FALSE
대구광역시,북구,,태전동,A70226002,강북화성파크드림,아파트,대구광역시 북구 태전동 420-5 강북화성파크드림,대구광역시 북구 칠곡중앙대로 312,20071220,4,392,개별난방,도시가스,대성에너지,35.9234767,128.547715,,FALSE
대구광역시,북구,,태전동,A70226005,대구태전휴먼시아1단지,아파트,대구광역시 북구 태전동 1103 대구태전휴먼시아1단지,대구광역시 북구 매전로 73,20080911,14,1937,개별난방,도시가스,대성에너지,35.9118398,128.545209,,FALSE
대구광역시,북구,,태전동,A70226006,두성3차,도시형 생활주택(아파트),대구광역시 북구 태전동 215-2 두성3차,대구광역시 북구 태전로13길 22,19940728,1,137,개별난방,도시가스,대성에너지,35.9238944,128.5415718,,FALSE
대구광역시,북구,,태전동,A70286501,두성파크2차아파트,아파트,대구광역시 북구 태전동 489 두성파크2차아파트,대구광역시 북구 학정로13길 16,19930603,1,180,개별난방,도시가스,대성에너지,35.9152016,128.5498588,,FALSE
대구광역시,북구,,태전동,A10026848,매천역 더뉴클래스,도시형 생활주택(주상복합),대구광역시 북구 태전동 1212 매천역 더뉴클래스,대구광역시 북구 학정로 17-26,20170804,3,144,개별난방,도시가스,대성에너지,35.9148043,128.5450719,,FALSE
대구광역시,북구,,태전동,A70278603,우방미진아파트,아파트,대구광역시 북구 태전동 1075-10 우방미진아파트,대구광역시 북구 칠곡중앙대로52길 46,19930610,3,297,개별난방,도시가스,대성에너지,35.9224915,128.5498666,,FALSE
대구광역시,북구,,태전동,A70286810,칠곡관음타운,아파트,대구광역시 북구 태전동 1065-1 칠곡관음타운,대구광역시 북구 영송로 63,19950929,6,772,개별난방,도시가스,대성에너지,35.9311518,128.5427317,,FALSE
대구광역시,북구,,태전동,A70278407,칠곡대백맨션(1차),아파트,대구광역시 북구 태전동 1066 칠곡대백맨션(1차),대구광역시 북구 관음로 24,19931007,3,430,개별난방,도시가스,대성에너지,35.9322375,128.5413815,,FALSE
대구광역시,북구,,태전동,A70278505,칠곡롯데아파트,아파트,대구광역시 북구 태전동 936 칠곡롯데아파트,대구광역시 북구 구암로 12,19930527,4,390,개별난방,도시가스,대성에너지,35.9332095,128.5415532,,FALSE
대구광역시,북구,,태전동,A70278707,칠곡에덴타운,아파트,대구광역시 북구 태전동 997-1 칠곡에덴타운,대구광역시 북구 구암로22길 14,19930213,4,480,개별난방,도시가스,대성에너지,35.9313846,128.5511522,,FALSE
대구광역시,북구,,태전동,A70286811,칠곡중앙한신아파트,아파트,대구광역시 북구 태전동 936-1 칠곡중앙한신아파트,대구광역시 북구 영송로 85,19931208,6,892,개별난방,도시가스,대성에너지,35.9327497,128.5435278,,FALSE
대구광역시,북구,,태전동,A70279205,칠곡현대1차아파트,아파트,대구광역시 북구 태전동 997 칠곡현대1차아파트,대구광역시 북구 구암로16길 7,19930602,4,441,중앙난방,열병합,대성에너지,35.9314007,128.5498797,,FALSE
대구광역시,북구,,태전동,A70286504,태전3차우방타운,아파트,대구광역시 북구 태전동 442 태전3차우방타운,대구광역시 북구 학정로 126,19990714,4,375,개별난방,도시가스,대성에너지,35.9182774,128.5515274,,FALSE
대구광역시,북구,,태전동,A70278402,태전대백2차아파트,아파트,대구광역시 북구 태전동 1066-23 태전대백2차아파트,대구광역시 북구 관음로 18,19950626,3,270,개별난방,도시가스,대성에너지,35.9313799,128.5399851,,FALSE
대구광역시,북구,,태전동,A70226004,태전두성1차아파트,아파트,대구광역시 북구 태전동 256-1 태전두성1차아파트,대구광역시 북구 태전로7길 10-17,19921103,2,285,개별난방,도시가스,대성에너지,35.9234979,128.5427486,,FALSE
대구광역시,북구,,태전동,A70278608,태전삼성아파트,아파트,대구광역시 북구 태전동 608-5 태전삼성아파트,대구광역시 북구 칠곡중앙대로52길 20,19940528,7,735,개별난방,도시가스,대성에너지,35.920173,128.5491599,,FALSE
대구광역시,북구,,태전동,A10023012,태전역 더뉴클래스,도시형 생활주택(아파트),대구광역시 북구 태전동 206-10 태전역 더뉴클래스,대구광역시 북구 태전로 1,20160428,2,118,개별난방,도시가스,대성에너지,35.920237,128.5456165,,FALSE
대구광역시,북구,,태전동,A10023078,태전역 더뉴클래스 2차,,대구광역시 북구 태전동 496-7 태전역 더뉴클래스 2차,대구광역시 북구 칠곡중앙대로 225,20200722,1,114,개별난방,도시가스,대성에너지,35.9159918,128.5478298,,FALSE
대구광역시,북구,,태전동,A10023113,태전역광신프로그레스,아파트,대구광역시 북구 태전동 214-47 태전역광신프로그레스,대구광역시 북구 태전로7길 34,20231229,8,532,개별난방,도시가스,대성에너지,35.9229008,128.5422638,,FALSE
대구광역시,북구,,태전동,A70286308,태전우방타운,아파트,대구광역시 북구 태전동 169-2 태전우방타운,대구광역시 북구 매천로 220,19921023,5,499,개별난방,도시가스,대성에너지,35.9167709,128.5429938,,FALSE
대구광역시,북구,,태전동,A70279006,태전중석타운,아파트,대구광역시 북구 태전동 695 태전중석타운,대구광역시 북구 학정로7길 3,19950324,4,448,개별난방,도시가스,대성에너지,35.9140588,128.545575,,FALSE
대구광역시,북구,,태전동,A70286303,태전한라아파트,아파트,대구광역시 북구 태전동 166 태전한라아파트,대구광역시 북구 태전로7길 13,19970411,4,284,개별난방,도시가스,대성에너지,35.9222632,128.5436336,,FALSE
대구광역시,북구,,태전동,A70279109,태전한일아파트,아파트,대구광역시 북구 태전동 205-14 태전한일아파트,대구광역시 북구 칠곡중앙대로53길 32,19980224,7,680,개별난방,도시가스,대성에너지,35.9189276,128.542882,,FALSE
대구광역시,북구,,태전동,A70278806,태전협화맨션,아파트,대구광역시 북구 태전동 881-3 태전협화맨션,대구광역시 북구 칠곡중앙대로51길 6,19920605,5,416,개별난방,도시가스,대성에너지,35.9183242,128.5454561,,FALSE
대구광역시,북구,,태전동,A70286502,현대전원맨션,아파트,대구광역시 북구 태전동 532-1 현대전원맨션,대구광역시 북구 칠곡중앙대로46길 25,19901023,2,288,개별난방,도시가스,대성에너지,35.9189111,128.5490757,,FALSE
대구광역시,북구,,태전동,A10026960,협성휴포레강북아파트,아파트,대구광역시 북구 태전동 1186 협성휴포레강북아파트,대구광역시 북구 태암남로 60,20170615,8,756,개별난방,도시가스,대성에너지,35.9226355,128.5518066,,FALSE
대구광역시,북구,,매천동,A70227004,매천센트럴파크,아파트,대구광역시 북구 매천동 741 매천센트럴파크,대구광역시 북구 매전로4길 9,20080116,12,928,개별난방,도시가스,대성에너지,35.907291,128.5450205,,FALSE
대구광역시,북구,,매천동,A70296401,매천화성파크드림,아파트,대구광역시 북구 매천동 673 매천화성파크드림,대구광역시 북구 매전로 17,20101124,7,500,개별난방,도시가스,대성에너지,35.9098342,128.5432712,,FALSE
대구광역시,북구,,매천동,A70282601,삼우그린타운,아파트,대구광역시 북구 매천동 595-2 삼우그린타운,대구광역시 북구 매천로8길 35,19960129,1,220,개별난방,도시가스,대성에너지,35.900076,128.5466114,,FALSE
대구광역시,북구,,매천동,A70282603,청구장미마을,아파트,대구광역시 북구 매천동 595 청구장미마을,대구광역시 북구 칠곡중앙대로 45,19961030,5,518,개별난방,도시가스,대성에너지,35.9009481,128.5462737,,FALSE
대구광역시,북구,,매천동,A10025553,한신더휴 웨스턴팰리스,아파트,대구광역시 북구 매천동 356 한신더휴 웨스턴팰리스,대구광역시 북구 매전로4길 32,20190425,8,919,개별난방,도시가스,대성에너지,35.90528,128.5425472,,FALSE
대구광역시,북구,,매천동,A10025551,한신더휴이스턴팰리스,아파트,대구광역시 북구 매천동 286-4 한신더휴이스턴팰리스,대구광역시 북구 매전로4길 31,20190425,7,683,개별난방,도시가스,대성에너지,35.9056748,128.5448365,,FALSE
대구광역시,북구,,팔달동,A70279302,두산위브2001,아파트,대구광역시 북구 팔달동 52 두산위브2001,대구광역시 북구 매천로2길 19,19990211,14,1108,개별난방,도시가스,대성에너지,35.8984981,128.5432695,,FALSE
대구광역시,북구,,팔달동,A70229001,팔달대백인터빌,아파트,대구광역시 북구 팔달동 145 팔달대백인터빌,대구광역시 북구 작원길 25,20020812,5,495,개별난방,도시가스,대성에너지,35.8997726,128.5490765,,FALSE
대구광역시,북구,,사수동,A10026974,e편한세상 대구금호,아파트,대구광역시 북구 사수동 784 e편한세상 대구금호,대구광역시 북구 내곡로 49,20170607,7,602,개별난방,도시가스,대성에너지,35.9002624,128.5089644,,FALSE
대구광역시,북구,,사수동,A10027410,금호신도시 서한 이다음,아파트,대구광역시 북구 사수동 833 금호신도시 서한 이다음,대구광역시 북구 한강로 17,20160721,9,977,개별난방,도시가스,대성에너지,35.8979139,128.5115764,,FALSE
대구광역시,북구,,사수동,A10026114,대구금호 스타힐스,아파트,대구광역시 북구 사수동 803 대구금호 스타힐스,대구광역시 북구 내곡로 70,20180802,8,904,개별난방,도시가스,대성에너지,35.9001553,128.5114856,,FALSE
대구광역시,북구,,사수동,A70231001,대구금호LH천년나무1단지,아파트,대구광역시 북구 사수동 837 대구금호LH천년나무1단지,대구광역시 북구 한강로 55,20140918,8,1088,개별난방,도시가스,대성에너지,35.8981502,128.5153878,,FALSE
대구광역시,북구,,사수동,A10027240,대구금호LH천년나무5단지,아파트,대구광역시 북구 사수동 787 대구금호LH천년나무5단지,대구광역시 북구 내곡로 69,20161212,7,1252,개별난방,도시가스,대성에너지,35.9027587,128.5117595,,FALSE
대구광역시,북구,,사수동,A10027577,대구북구금호LH천년나무8단지,아파트,대구광역시 북구 사수동 771 대구북구금호LH천년나무8단지,대구광역시 북구 내곡로 123,20160429,6,1022,개별난방,도시가스,대성에너지,35.9008678,128.5170694,,FALSE
대구광역시,북구,,사수동,A10028041,브라운스톤 강북 아파트,아파트,대구광역시 북구 사수동 789 브라운스톤 강북 아파트,대구광역시 북구 내곡로 89,20150602,9,959,개별난방,도시가스,대성에너지,35.9027449,128.5149747,,FALSE
대구광역시,북구,,사수동,A10025419,서희스타힐스테이,아파트,대구광역시 북구 사수동 812 서희스타힐스테이,대구광역시 북구 내곡로 90,20190425,5,591,개별난방,도시가스,대성에너지,35.9002908,128.5142512,,FALSE
대구광역시,북구,,연경동,A10024889,대구연경 연경숲 아파트,아파트,대구광역시 북구 연경동 923 대구연경 연경숲 아파트,대구광역시 북구 연경중앙로 55,20200427,10,823,개별난방,도시가스,대성에너지,35.9477157,128.6161859,,FALSE
대구광역시,북구,,연경동,A10025563,대구연경천년나무1단지,아파트,대구광역시 북구 연경동 865 대구연경천년나무1단지,대구광역시 북구 동화천로 280,20190423,2,600,개별난방,도시가스,대성에너지,35.9408202,128.6214522,,FALSE
대구광역시,북구,,연경동,A10024657,연경 대광로제비앙 더퍼스트,아파트,대구광역시 북구 연경동 994 연경 대광로제비앙 더퍼스트,대구광역시 북구 동화천로 220,20200827,9,580,개별난방,도시가스,대성에너지,35.9412802,128.6170282,,FALSE
대구광역시,북구,,연경동,A10024978,연경금성백조예미지숲속의아침,아파트,대구광역시 북구 연경동 943 연경금성백조예미지숲속의아침,대구광역시 북구 연경중앙로 11,20200221,12,711,개별난방,도시가스,대성에너지,35.9440581,128.6165313,,FALSE
대구광역시,북구,,연경동,A10024918,연경동화아이위시,아파트,대구광역시 북구 연경동 987 연경동화아이위시,대구광역시 북구 동화천로 190,20200414,8,627,개별난방,도시가스,대성에너지,35.9401846,128.6139244,,FALSE
대구광역시,북구,,연경동,A10024825,연경우방아이유쉘더포레스트,아파트,대구광역시 북구 연경동 931 연경우방아이유쉘더포레스트,대구광역시 북구 연경중앙로11길 33,20200605,10,503,개별난방,도시가스,대성에너지,35.9452662,128.6140244,,FALSE
대구광역시,수성구,,범어동,A70677110,3차가든하이츠,아파트,대구광역시 수성구 범어동 333 3차가든하이츠,대구광역시 수성구 청호로 365,19900503,6,282,개별난방,도시가스,대성에너지,35.8497187,128.6380952,,FALSE
대구광역시,수성구,,범어동,A10027870,e편한세상범어,아파트,"대구광역시 수성구 범어동 1601,대구광역시 수성구 범어동 2240 e편한세상범어",대구광역시 수성구 들안로78길 45,20150921,10,842,개별난방,도시가스,대성에너지,35.8664584,128.6200432,,FALSE
대구광역시,수성구,,범어동,A70682204,가든하이츠1단지,아파트,"대구광역시 수성구 범어동 300,대구광역시 수성구 범어동 300 가든하이츠1단지",대구광역시 수성구 범어로 45,19851216,4,220,개별난방,도시가스,대성에너지,35.8535649,128.6352819,,FALSE
대구광역시,수성구,,범어동,A70682207,경남타운,아파트,"대구광역시 수성구 범어동 320,대구광역시 수성구 범어동 327-1 경남타운",대구광역시 수성구 범어로 27,19820622,5,312,개별난방,도시가스,대성에너지,35.8518151,128.6358342,,FALSE
대구광역시,수성구,,범어동,A70601105,궁전맨션,아파트,대구광역시 수성구 범어동 371 궁전맨션,대구광역시 수성구 동대구로 274,19880613,5,538,개별난방,도시가스,대성에너지,35.8549597,128.6266561,,FALSE
대구광역시,수성구,,범어동,A70601009,두산위브더제니스,아파트,대구광역시 수성구 범어동 179 두산위브더제니스,대구광역시 수성구 달구벌대로 2435,20091224,9,1494,중앙난방,열병합,대성에너지,35.860282,128.6289704,,FALSE
대구광역시,수성구,,범어동,A70672608,래미안수성,아파트,대구광역시 수성구 범어동 2030 래미안수성,대구광역시 수성구 상록로 69,20080626,5,467,개별난방,도시가스,대성에너지,35.8654475,128.6225892,,FALSE
대구광역시,수성구,,범어동,A10026674,마크팰리스 범어,도시형 생활주택(아파트),대구광역시 수성구 범어동 177-3 마크팰리스 범어,대구광역시 수성구 동대구로 336,20171026,1,160,개별난방,도시가스,대성에너지,35.8604903,128.627474,,FALSE
대구광역시,수성구,,범어동,A70601006,범어SKVIEW아파트,아파트,"대구광역시 수성구 범어동 2234,대구광역시 수성구 범어동 2235 범어SKVIEW아파트",대구광역시 수성구 범어로 75,20090224,6,444,개별난방,도시가스,대성에너지,35.8564275,128.6348631,,FALSE
대구광역시,수성구,,범어동,A70601010,범어STXKAN,아파트,대구광역시 수성구 범어동 800-3 범어STXKAN,대구광역시 수성구 범어천로 107,20100930,4,299,개별난방,도시가스,대성에너지,35.8562952,128.6217171,,FALSE
대구광역시,수성구,,범어동,A70601001,범어동일하이빌아파트,아파트,대구광역시 수성구 범어동 897 범어동일하이빌아파트,대구광역시 수성구 동대구로52길 55,20070903,2,228,개별난방,도시가스,대성에너지,35.8541384,128.6283766,,FALSE
대구광역시,수성구,,범어동,A10027287,범어라온프라이빗,아파트,대구광역시 수성구 범어동 2248 범어라온프라이빗,대구광역시 수성구 동대구로55길 11,20161111,3,175,개별난방,도시가스,대성에너지,35.8554586,128.6244308,,FALSE
대구광역시,수성구,,범어동,A10025982,범어라온프라이빗2차아파트,아파트,대구광역시 수성구 범어동 2252 범어라온프라이빗2차아파트,대구광역시 수성구 청호로 438,20181019,5,206,개별난방,도시가스,대성에너지,35.8556955,128.6415409,,FALSE
대구광역시,수성구,,범어동,A70601007,범어롯데캐슬,아파트,대구광역시 수성구 범어동 380 범어롯데캐슬,대구광역시 수성구 동대구로 300,20091126,4,219,개별난방,도시가스,대성에너지,35.8568835,128.6269303,,FALSE
대구광역시,수성구,,범어동,A10022285,범어목련아파트,,대구광역시 수성구 범어동 341- 범어목련아파트,대구광역시 수성구 청호로 340,19871114,5,250,개별난방,도시가스,대성에너지,35.8478882,128.6400218,,FALSE
대구광역시,수성구,,범어동,A70601008,범어삼성쉐르빌아파트,아파트,대구광역시 수성구 범어동 77-7 범어삼성쉐르빌아파트,대구광역시 수성구 청호로 426,20100120,3,213,개별난방,도시가스,대성에너지,35.8549718,128.6408022,,FALSE
대구광역시,수성구,,범어동,A10024708,범어서한포레스트,주상복합,대구광역시 수성구 범어동 177-1 범어서한포레스트,대구광역시 수성구 동대구로 346,20200727,2,202,개별난방,도시가스,대성에너지,35.861189,128.6274186,,FALSE
대구광역시,수성구,,범어동,A10025285,범어센트럴푸르지오 아파트,아파트,대구광역시 수성구 범어동 2257 범어센트럴푸르지오 아파트,대구광역시 수성구 상록로 15,20190911,5,705,개별난방,도시가스,대성에너지,35.8607663,128.6232621,,FALSE
대구광역시,수성구,,범어동,A70671501,범어숲화성파크드림S,주상복합,대구광역시 수성구 범어동 2237 범어숲화성파크드림S,대구광역시 수성구 동대구로 376,20130925,4,404,개별난방,도시가스,대성에너지,35.8643896,128.6279562,,FALSE
대구광역시,수성구,,범어동,A70601005,범어쌍용예가,아파트,대구광역시 수성구 범어동 808 범어쌍용예가,대구광역시 수성구 명덕로 477,20090220,4,400,중앙난방,열병합,대성에너지,35.8547798,128.6219358,,FALSE
대구광역시,수성구,,범어동,A10021982,범어아이파크,아파트,대구광역시 수성구 범어동 2300- 범어아이파크,대구광역시 수성구 동대구로 230,20240930,4,418,개별난방,도시가스,대성에너지,35.8510931,128.6263318,,FALSE
대구광역시,수성구,,범어동,A10024330,범어에일린의뜰,아파트,대구광역시 수성구 범어동 2272 범어에일린의뜰,대구광역시 수성구 청솔로14길 15,20210325,6,719,개별난방,도시가스,대성에너지,35.8523171,128.6219925,,FALSE
대구광역시,수성구,,범어동,A70601011,범어역아이워시타워,도시형 생활주택(주상복합),대구광역시 수성구 범어동 792-43 범어역아이워시타워,대구광역시 수성구 동대구로59길 14-19,20131018,1,178,개별난방,도시가스,대성에너지,35.8582579,128.6235149,,FALSE
대구광역시,수성구,,범어동,A70672609,범어역우방유쉘아파트,주상복합,대구광역시 수성구 범어동 35-1 범어역우방유쉘아파트,대구광역시 수성구 동대구로 345,20090929,1,292,개별난방,도시가스,대성에너지,35.8617376,128.625768,,FALSE
대구광역시,수성구,,범어동,A70682607,범어월드메르디앙 웨스턴카운티,아파트,대구광역시 수성구 범어동 966-1 범어월드메르디앙 웨스턴카운티,대구광역시 수성구 범어천로 200,20080625,7,600,개별난방,도시가스,대성에너지,35.8645842,128.6204832,,FALSE
대구광역시,수성구,,범어동,A70682506,범어유림노르웨이숲,아파트,대구광역시 수성구 범어동 906-1 범어유림노르웨이숲,대구광역시 수성구 동대구로50길 37,20061002,9,576,개별난방,도시가스,대성에너지,35.852617,128.6283356,,FALSE
대구광역시,수성구,,범어동,A70682504,범어청구푸른마을,아파트,대구광역시 수성구 범어동 614-100 범어청구푸른마을,대구광역시 수성구 동대구로 240,20001230,5,378,개별난방,도시가스,대성에너지,35.8519816,128.6267479,,FALSE
대구광역시,수성구,,범어동,A70681905,범어청구하이츠,아파트,대구광역시 수성구 범어동 88-6 범어청구하이츠,대구광역시 수성구 청호로84안길 2,20001213,4,240,개별난방,도시가스,대성에너지,35.8540494,128.6412418,,FALSE
대구광역시,수성구,,범어동,A70681605,범어태왕아너스,아파트,대구광역시 수성구 범어동 475-6 범어태왕아너스,대구광역시 수성구 상록로 41,20060627,4,299,개별난방,도시가스,대성에너지,35.8634758,128.6231771,,FALSE
대구광역시,수성구,,범어동,A70601013,범어풀비체,아파트,대구광역시 수성구 범어동 2236 범어풀비체,대구광역시 수성구 범어로 61,20130225,1,138,개별난방,도시가스,대성에너지,35.8546762,128.6350207,,FALSE
대구광역시,수성구,,범어동,A70601012,범어화산샬레,아파트,대구광역시 수성구 범어동 2238 범어화산샬레,대구광역시 수성구 청호로 411-3,20140530,2,169,개별난방,도시가스,대성에너지,35.8539639,128.6378019,,FALSE
대구광역시,수성구,,범어동,A70682604,범어화성파크드림,아파트,대구광역시 수성구 범어동 2148 범어화성파크드림,대구광역시 수성구 범어천로 180,20060217,2,179,개별난방,도시가스,대성에너지,35.8628545,128.6224243,,FALSE
대구광역시,수성구,,범어동,A70601301,범어화성파크리젠시,주상복합,대구광역시 수성구 범어동 43-5 범어화성파크리젠시,대구광역시 수성구 동대구로 337,20070430,1,153,개별난방,도시가스,대성에너지,35.8607691,128.6257346,,FALSE
대구광역시,수성구,,범어동,A10026472,범어효성해링턴플레이스,아파트,대구광역시 수성구 범어동 75-2 범어효성해링턴플레이스,대구광역시 수성구 청호로 433,20180209,2,179,개별난방,도시가스,대성에너지,35.8556707,128.6397795,,FALSE
대구광역시,수성구,,범어동,A10026932,브라운스톤 범어,주상복합,대구광역시 수성구 범어동 175-1 브라운스톤 범어,대구광역시 수성구 동대구로 354,20170630,1,180,개별난방,도시가스,대성에너지,35.8618003,128.6276708,,FALSE
대구광역시,수성구,,범어동,A10025779,빌리브범어,아파트,"대구광역시 수성구 범어동 2253,대구광역시 수성구 범어동 93-20 빌리브범어",대구광역시 수성구 청호로 418,20190124,5,227,개별난방,도시가스,대성에너지,35.8537458,128.6393776,,FALSE
대구광역시,수성구,,범어동,A10023842,빌리브범어 120,아파트,대구광역시 수성구 범어동 2280 빌리브범어 120,대구광역시 수성구 범어로20길 120,20220317,3,209,개별난방,도시가스,대성에너지,35.8580142,128.6391252,,FALSE
대구광역시,수성구,,범어동,A70677101,서한두레맨션,아파트,대구광역시 수성구 범어동 305-3 서한두레맨션,대구광역시 수성구 달구벌대로496길 72,19930519,2,156,개별난방,도시가스,대성에너지,35.852382,128.634773,,FALSE
대구광역시,수성구,,범어동,A70677203,서한을지맨션,아파트,대구광역시 수성구 범어동 314-2 서한을지맨션,대구광역시 수성구 달구벌대로496길 88,19871015,3,213,개별난방,도시가스,대성에너지,35.8514609,128.6348444,,FALSE
대구광역시,수성구,,범어동,A10022866,수성범어W아파트,아파트,대구광역시 수성구 범어동 2291 수성범어W아파트,대구광역시 수성구 달구벌대로 2436,20231215,5,1340,개별난방,도시가스,대성에너지,35.8483414,128.6670622,,FALSE
대구광역시,수성구,,범어동,A70682603,수성태왕아너스,아파트,대구광역시 수성구 범어동 1266 수성태왕아너스,대구광역시 수성구 들안로77길 30,20071024,2,179,개별난방,도시가스,대성에너지,35.8653745,128.6174015,,FALSE
대구광역시,수성구,,범어동,A10023068,쌍용 더 플래티넘 범어,주상복합,대구광역시 수성구 범어동 2283 쌍용 더 플래티넘 범어,대구광역시 수성구 상록로 25,20230817,2,207,개별난방,도시가스,대성에너지,35.8632088,128.6239282,,FALSE
대구광역시,수성구,,범어동,A10021578,아진맨션,아파트,"대구광역시 수성구 범어동 665-3,대구광역시 수성구 범어동 665-1 아진맨션",대구광역시 수성구 동대구로38길 80-1,19810522,4,144,개별난방,도시가스,대성에너지,35.8497323,128.6279103,,FALSE
대구광역시,수성구,,범어동,A10021377,우방3차범어타운아파트,아파트,대구광역시 수성구 범어동 238-46 우방3차범어타운아파트,대구광역시 수성구 달구벌대로492길 12,19841126,1,145,개별난방,도시가스,대성에너지,35.8577954,128.6310832,,FALSE
대구광역시,수성구,,범어동,A70681902,우방청솔맨션,아파트,대구광역시 수성구 범어동 88 우방청솔맨션,대구광역시 수성구 청호로 422,19940811,1,194,개별난방,도시가스,대성에너지,35.8542822,128.6401335,,FALSE
대구광역시,수성구,,범어동,A70601003,월드메르디앙이스턴카운티,아파트,대구광역시 수성구 범어동 2100 월드메르디앙이스턴카운티,대구광역시 수성구 범어천로 190,20080429,3,260,개별난방,도시가스,대성에너지,35.8638582,128.6217293,,FALSE
대구광역시,수성구,,범어동,A70601409,장원맨션,아파트,대구광역시 수성구 범어동 103 장원맨션,대구광역시 수성구 청호로 370,19881112,4,455,개별난방,도시가스,대성에너지,35.8508507,128.6394923,,FALSE
대구광역시,수성구,,범어동,A10022571,청구빌라맨션,,대구광역시 수성구 범어동 476 청구빌라맨션,대구광역시 수성구 상록로11길 5,19790319,1,100,개별난방,도시가스,대성에너지,35.8645622,128.6234913,,FALSE
대구광역시,수성구,,범어동,A70682606,청구성조타운,아파트,대구광역시 수성구 범어동 2017 청구성조타운,대구광역시 수성구 국채보상로 846,19960622,3,445,개별난방,도시가스,대성에너지,35.8667555,128.6230075,,FALSE
대구광역시,수성구,,범어동,A70601002,코오롱하늘채수,주상복합,대구광역시 수성구 범어동 792-19 코오롱하늘채수,대구광역시 수성구 범어천로 126,20050727,2,215,개별난방,도시가스,대성에너지,35.8580866,128.6230777,,FALSE
대구광역시,수성구,,범어동,A70601102,태왕유성하이빌,아파트,대구광역시 수성구 범어동 614-3 태왕유성하이빌,대구광역시 수성구 동대구로 250,20030425,2,277,개별난방,도시가스,대성에너지,35.8529384,128.626282,,FALSE
대구광역시,수성구,,범어동,A10022085,효성백년가약궁,아파트,대구광역시 수성구 범어동 63-100 효성백년가약궁,대구광역시 수성구 청호로 466,20061222,1,114,개별난방,도시가스,대성에너지,35.8568332,128.643354,,FALSE
대구광역시,수성구,,범어동,A10024491,힐스테이트 범어,아파트,대구광역시 수성구 범어동 2264 힐스테이트 범어,대구광역시 수성구 범어로18길 22,20201224,5,414,개별난방,도시가스,대성에너지,35.8567984,128.6370287,,FALSE
대구광역시,수성구,,범어동,A10023944,힐스테이트범어센트럴,주상복합,대구광역시 수성구 범어동 2277 힐스테이트범어센트럴,대구광역시 수성구 상록로 80,20220127,3,343,개별난방,도시가스,대성에너지,35.8669101,128.6245551,,FALSE
대구광역시,수성구,,만촌동,A70675906,만촌1차우방타운,아파트,대구광역시 수성구 만촌동 816 만촌1차우방타운,대구광역시 수성구 교학로11길 46,19970527,14,1224,중앙난방,도시가스,대성에너지,35.8494784,128.6546409,,FALSE
대구광역시,수성구,,만촌동,A70675904,만촌2차우방타운,아파트,대구광역시 수성구 만촌동 777 만촌2차우방타운,대구광역시 수성구 교학로11길 91,19961129,6,390,개별난방,도시가스,대성에너지,35.8507625,128.6576198,,FALSE
대구광역시,수성구,,만촌동,A10027578,만촌3차화성파크드림,아파트,대구광역시 수성구 만촌동 860-1 만촌3차화성파크드림,대구광역시 수성구 교학로 13,20160421,5,410,개별난방,도시가스,대성에너지,35.8536864,128.6531222,,FALSE
대구광역시,수성구,,만촌동,A70680402,만촌보성타운,아파트,대구광역시 수성구 만촌동 605 만촌보성타운,대구광역시 수성구 공경로 70,20020710,6,661,개별난방,도시가스,대성에너지,35.874119,128.6433169,,FALSE
대구광역시,수성구,,만촌동,A10025194,만촌삼정그린코아에듀파크,아파트,대구광역시 수성구 만촌동 881 만촌삼정그린코아에듀파크,대구광역시 수성구 교학로 65,20191114,10,774,개별난방,도시가스,대성에너지,35.849126,128.6526488,,FALSE
대구광역시,수성구,,만촌동,A10022040,만촌역 서한포레스트,,대구광역시 수성구 만촌동 1040-12 만촌역 서한포레스트,대구광역시 수성구 달구벌대로 2606,20221206,1,102,개별난방,도시가스,대성에너지,35.8483414,128.6670622,,FALSE
대구광역시,수성구,,만촌동,A10022458,만촌역 태왕디아너스,아파트,대구광역시 수성구 만촌동 1041-1 만촌역 태왕디아너스,대구광역시 수성구 달구벌대로 2599,20240731,7,450,개별난방,도시가스,대성에너지,35.8591774,128.647464,,FALSE
대구광역시,수성구,,만촌동,A70671101,만촌우방팔레스,아파트,대구광역시 수성구 만촌동 775 만촌우방팔레스,대구광역시 수성구 청수로 551,20051007,4,174,개별난방,도시가스,대성에너지,35.8521352,128.6584356,,FALSE
대구광역시,수성구,,만촌동,A10021219,만촌월드메르디앙 ,주상복합,대구광역시 수성구 만촌동 1037-7 만촌월드메르디앙 ,대구광역시 수성구 달구벌대로 2583,20070119,1,124,개별난방,도시가스,대성에너지,35.8595211,128.6453736,,FALSE
대구광역시,수성구,,만촌동,A10023402,만촌자이르네,아파트,대구광역시 수성구 만촌동 1489 만촌자이르네,대구광역시 수성구 교학로19길 19,20230117,6,607,개별난방,도시가스,대성에너지,35.8477851,128.6515655,,FALSE
대구광역시,수성구,,만촌동,A70602005,만촌태왕리더스,아파트,대구광역시 수성구 만촌동 995-1 만촌태왕리더스,대구광역시 수성구 무열로 47,20041230,7,433,개별난방,도시가스,대성에너지,35.8637091,128.6485861,,FALSE
대구광역시,수성구,,만촌동,A70680702,만촌한화꿈에그린,아파트,대구광역시 수성구 만촌동 811-49 만촌한화꿈에그린,대구광역시 수성구 교학로7길 77,20060210,2,178,개별난방,도시가스,대성에너지,35.8507871,128.6566513,,FALSE
대구광역시,수성구,,만촌동,A10022503,만촌화성파크드림 2차,,대구광역시 수성구 만촌동 861-8 만촌화성파크드림 2차,대구광역시 수성구 달구벌대로 2690,20060831,1,103,개별난방,도시가스,대성에너지,35.8542034,128.6550055,,FALSE
대구광역시,수성구,,만촌동,A70602003,만촌화성파크스위트,아파트,대구광역시 수성구 만촌동 272 만촌화성파크스위트,대구광역시 수성구 화랑로34길 141,20050225,4,291,개별난방,도시가스,대성에너지,35.8743074,128.6533662,,FALSE
대구광역시,수성구,,만촌동,A70602104,메트로팔레스1단지,아파트,대구광역시 수성구 만촌동 1356-3 메트로팔레스1단지,대구광역시 수성구 동원로 135,20030128,8,804,개별난방,도시가스,대성에너지,35.8701814,128.6346566,,FALSE
대구광역시,수성구,,만촌동,A70680305,메트로팔레스2단지,아파트,대구광역시 수성구 만촌동 1356-7 메트로팔레스2단지,대구광역시 수성구 동원로 123,20030128,9,869,개별난방,도시가스,대성에너지,35.8691274,128.6356904,,FALSE
대구광역시,수성구,,만촌동,A70602106,메트로팔레스3단지,아파트,대구광역시 수성구 만촌동 1429 메트로팔레스3단지,대구광역시 수성구 동원로 110,20030128,9,878,개별난방,도시가스,대성에너지,35.869894,128.638596,,FALSE
대구광역시,수성구,,만촌동,A70602103,메트로팔레스5단지,아파트,대구광역시 수성구 만촌동 1429-5 메트로팔레스5단지,대구광역시 수성구 동원로 100,20030128,7,689,개별난방,도시가스,대성에너지,35.8686053,128.6401633,,FALSE
대구광역시,수성구,,만촌동,A70676003,산장맨션,아파트,대구광역시 수성구 만촌동 1172-1 산장맨션,대구광역시 수성구 교학로 111,19900928,3,216,개별난방,도시가스,대성에너지,35.8475938,128.6502945,,FALSE
대구광역시,수성구,,만촌동,A70680805,수성2차e-편한세상,아파트,대구광역시 수성구 만촌동 1046-10 수성2차e-편한세상,대구광역시 수성구 달구벌대로522길 33,20070411,8,447,개별난방,도시가스,대성에너지,35.8557704,128.6479037,,FALSE
대구광역시,수성구,,만촌동,A70679901,수성누리빌데시앙,아파트,대구광역시 수성구 만촌동 1430-8 수성누리빌데시앙,대구광역시 수성구 국채보상로 1019,20120327,13,280,개별난방,도시가스,대성에너지,35.8669603,128.6410434,,FALSE
대구광역시,수성구,,만촌동,A70671102,수성아크로타워,주상복합,대구광역시 수성구 만촌동 1039-4 수성아크로타워,대구광역시 수성구 달구벌대로 2570,20080528,1,224,개별난방,도시가스,대성에너지,35.8584931,128.644118,,FALSE
대구광역시,수성구,,만촌동,A10021851,수성풀비체아파트,아파트,대구광역시 수성구 만촌동 641- 수성풀비체아파트,대구광역시 수성구 화랑로32길 91,20070907,2,32,개별난방,도시가스,대성에너지,35.8721735,128.6455915,,FALSE
대구광역시,수성구,,만촌동,A70602301,우방금탑,아파트,대구광역시 수성구 만촌동 860 우방금탑,대구광역시 수성구 교학로 3,19861025,1,152,개별난방,도시가스,대성에너지,35.8544437,128.6536178,,FALSE
대구광역시,수성구,,만촌동,A10023400,해링턴플레이스 만촌,아파트,대구광역시 수성구 만촌동 1040-1 해링턴플레이스 만촌,대구광역시 수성구 청호로 490,20230207,2,152,개별난방,도시가스,대성에너지,35.8406944,128.6443136,,FALSE
대구광역시,수성구,,만촌동,A10021035,힐스테이트 만촌역,주상복합,대구광역시 수성구 만촌동 1032-1 힐스테이트 만촌역,대구광역시 수성구 달구벌대로 2567,20241219,6,658,개별난방,도시가스,대성에너지,35.8483414,128.6670622,,FALSE
대구광역시,수성구,,수성동1가,A10027861,대구수성롯데캐슬더퍼스트,아파트,"대구광역시 수성구 수성동1가 249-139,대구광역시 수성구 수성동1가 96-9 대구수성롯데캐슬더퍼스트",대구광역시 수성구 수성로69길 65,20150828,15,979,개별난방,도시가스,대성에너지,35.8556613,128.6096903,,FALSE
대구광역시,수성구,,수성동1가,A10022952,더샵수성오클레어,,대구광역시 수성구 수성동1가 649-19 더샵수성오클레어,대구광역시 수성구 희망로19길 29,20231010,6,303,개별난방,도시가스,대성에너지,35.8487148,128.6094882,,FALSE
대구광역시,수성구,,수성동1가,A70683109,삼우1차수성타운,아파트,대구광역시 수성구 수성동1가 73 삼우1차수성타운,대구광역시 수성구 달구벌대로456길 19,19970919,3,292,개별난방,도시가스,대성에너지,35.8589,128.6119419,,FALSE
대구광역시,수성구,,수성동1가,A70690701,삼환아파트,아파트,대구광역시 수성구 수성동1가 649-17 삼환아파트,대구광역시 수성구 신천동로 288,19791220,1,150,개별난방,도시가스,대성에너지,35.8503093,128.6090836,,FALSE
대구광역시,수성구,,수성동1가,A70683101,수성그린타운,아파트,대구광역시 수성구 수성동1가 112-7 수성그린타운,대구광역시 수성구 달구벌대로458길 17,20050712,2,201,개별난방,도시가스,대성에너지,35.8589656,128.613216,,FALSE
대구광역시,수성구,,수성동1가,A70683103,수성대백인터빌,아파트,대구광역시 수성구 수성동1가 259-40 수성대백인터빌,대구광역시 수성구 수성로69길 14,20031128,1,235,개별난방,도시가스,대성에너지,35.8565348,128.6125533,,FALSE
대구광역시,수성구,,수성동1가,A70683102,수성동양엘레브,아파트,대구광역시 수성구 수성동1가 629-12 수성동양엘레브,대구광역시 수성구 명덕로73길 40,20060630,2,209,개별난방,도시가스,대성에너지,35.8565129,128.6115155,,FALSE
대구광역시,수성구,,수성동1가,A10021957,수성삼익맨션,아파트,대구광역시 수성구 수성동1가 649-55 수성삼익맨션,대구광역시 수성구 신천동로 278,19781214,1,100,개별난방,도시가스,대성에너지,35.8496683,128.6088872,,FALSE
대구광역시,수성구,,수성동1가,A10023546,수성서한이다음,아파트,대구광역시 수성구 수성동1가 269-1 수성서한이다음,대구광역시 수성구 수성로69길 15,20050629,1,119,개별난방,도시가스,대성에너지,35.854959,128.6128858,,FALSE
대구광역시,수성구,,수성동1가,A70683105,수성영남타운,아파트,대구광역시 수성구 수성동1가 105-5 수성영남타운,대구광역시 수성구 달구벌대로456길 43,20000217,1,246,개별난방,도시가스,대성에너지,35.8576966,128.6116881,,FALSE
대구광역시,수성구,,수성동1가,A10021123,수성자이르네,아파트,대구광역시 수성구 수성동1가 288- 수성자이르네,대구광역시 수성구 수성로57길 14,20241128,5,219,개별난방,도시가스,대성에너지,35.8515148,128.6108383,,FALSE
대구광역시,수성구,,수성동1가,A70683211,신세계타운,아파트,대구광역시 수성구 수성동1가 613 신세계타운,대구광역시 수성구 신천동로 320,19891212,11,930,중앙난방,도시가스,대성에너지,35.8532089,128.6107023,,FALSE
대구광역시,수성구,,수성동1가,A70683110,우방오성타운,아파트,대구광역시 수성구 수성동1가 96-14 우방오성타운,대구광역시 수성구 신천동로 380,19931104,6,496,개별난방,도시가스,대성에너지,35.8588516,128.6092236,,FALSE
대구광역시,수성구,,수성동1가,A70683207,우방한가람타운,주상복합,대구광역시 수성구 수성동1가 272-11 우방한가람타운,대구광역시 수성구 명덕로 368,19951226,1,272,개별난방,도시가스,대성에너지,35.8544177,128.6102524,,FALSE
대구광역시,수성구,,수성동1가,A70683104,유성푸르나임,주상복합,대구광역시 수성구 수성동1가 230 유성푸르나임,대구광역시 수성구 수성로75길 16,20070813,5,235,개별난방,도시가스,대성에너지,35.8577531,128.6131164,,FALSE
대구광역시,수성구,,수성동1가,A70603108,태왕하이츠리버뷰,아파트,대구광역시 수성구 수성동1가 93-1 태왕하이츠리버뷰,대구광역시 수성구 달구벌대로454길 9,20040206,4,288,개별난방,도시가스,대성에너지,35.859169,128.6104857,,FALSE
대구광역시,수성구,,수성동2가,A10022355,롬바드아파트,,대구광역시 수성구 수성동2가 1-3 롬바드아파트,대구광역시 수성구 들안로 325,20110722,1,108,개별난방,도시가스,대성에너지,35.8589838,128.6168162,,FALSE
대구광역시,수성구,,수성동3가,A70683303,수성3가롯데캐슬,아파트,대구광역시 수성구 수성동3가 57 수성3가롯데캐슬,대구광역시 수성구 명덕로 455,20081127,8,802,중앙난방,열병합,대성에너지,35.8556786,128.6199434,,FALSE
대구광역시,수성구,,수성동3가,A70683304,수성3가화성파크1단지,아파트,대구광역시 수성구 수성동3가 130-1 수성3가화성파크1단지,대구광역시 수성구 들안로60길 17,20091126,4,301,개별난방,도시가스,대성에너지,35.85803,128.6198017,,FALSE
대구광역시,수성구,,수성동3가,A70683305,수성3가화성파크드림2단지,아파트,대구광역시 수성구 수성동3가 275 수성3가화성파크드림2단지,대구광역시 수성구 들안로60길 7,20091126,4,314,개별난방,도시가스,대성에너지,35.8580611,128.6183301,,FALSE
대구광역시,수성구,,수성동3가,A70683301,수성코오롱하늘채,아파트,대구광역시 수성구 수성동3가 289 수성코오롱하늘채,대구광역시 수성구 들안로 300,20090119,6,439,개별난방,도시가스,대성에너지,35.8560933,128.6181715,,FALSE
대구광역시,수성구,,수성동4가,A70683502,범어삼환나우빌,아파트,대구광역시 수성구 수성동4가 1005 범어삼환나우빌,대구광역시 수성구 범어천로 197,20070830,2,240,개별난방,도시가스,대성에너지,35.8626137,128.6208264,,FALSE
대구광역시,수성구,,수성동4가,A10021348,빌리브 헤리티지,아파트,대구광역시 수성구 수성동4가 2266- 빌리브 헤리티지,대구광역시 수성구 들안로73길 20,20230821,2,146,개별난방,도시가스,대성에너지,35.8637464,128.616341,,FALSE
대구광역시,수성구,,수성동4가,A70603302,수성대림e-편한세상,아파트,대구광역시 수성구 수성동4가 1115-16 수성대림e-편한세상,대구광역시 수성구 들안로 73,20050602,8,664,개별난방,도시가스,대성에너지,35.8364244,128.6165214,,FALSE
대구광역시,수성구,,수성동4가,A10022100,수성롯데캐슬,,대구광역시 수성구 수성동4가 1085-28 수성롯데캐슬,대구광역시 수성구 달구벌대로 2315,20080423,2,124,개별난방,도시가스,대성에너지,35.8601728,128.6158213,,FALSE
대구광역시,수성구,,수성동4가,A70677707,수성보성타운,아파트,대구광역시 수성구 수성동4가 1090-6 수성보성타운,대구광역시 수성구 수성로 412,19960525,9,1032,중앙난방,도시가스,대성에너지,35.8624958,128.6153887,,FALSE
대구광역시,수성구,,수성동4가,A70677701,수성우방팔레스,아파트,대구광역시 수성구 수성동4가 1090-1 수성우방팔레스,대구광역시 수성구 수성로 400,20021101,1,188,개별난방,도시가스,대성에너지,35.8611362,128.6149133,,FALSE
대구광역시,수성구,,수성동4가,A70692608,수성태영데시앙,아파트,대구광역시 수성구 수성동4가 1017-1 수성태영데시앙,대구광역시 수성구 들안로 360,20080430,6,718,중앙난방,열병합,대성에너지,35.8622596,128.6189356,,FALSE
대구광역시,수성구,,수성동4가,A70683503,수성하이츠,주상복합,대구광역시 수성구 수성동4가 1090-8 수성하이츠,대구광역시 수성구 수성로 393,20000103,4,260,중앙난방,도시가스,대성에너지,35.8609237,128.6134452,,FALSE
대구광역시,수성구,,수성동4가,A70677705,수성화성쌍용타운,아파트,대구광역시 수성구 수성동4가 1090-5 수성화성쌍용타운,대구광역시 수성구 수성로 411,19961126,5,677,중앙난방,도시가스,대성에너지,35.8626443,128.6135974,,FALSE
대구광역시,수성구,,수성동4가,A70677704,우방사랑마을,아파트,대구광역시 수성구 수성동4가 1090-7 우방사랑마을,대구광역시 수성구 달구벌대로 2317,19961023,3,342,중앙난방,도시가스,대성에너지,35.8608881,128.6160389,,FALSE
대구광역시,수성구,,황금동,A10022484,가든하이츠2단지,,대구광역시 수성구 황금동 100- 가든하이츠2단지,대구광역시 수성구 청호로69길 30,19860314,2,106,개별난방,도시가스,대성에너지,35.84937,128.6365188,,FALSE
대구광역시,수성구,,황금동,A70685004,수성2차우방타운,아파트,대구광역시 수성구 황금동 60 수성2차우방타운,대구광역시 수성구 청호로 330,19860821,12,560,개별난방,도시가스,대성에너지,35.8462487,128.640056,,FALSE
대구광역시,수성구,,황금동,A70679501,신천지하이츠,아파트,대구광역시 수성구 황금동 254-1 신천지하이츠,대구광역시 수성구 청호로 229,19921128,3,164,개별난방,도시가스,대성에너지,35.8382204,128.6399151,,FALSE
대구광역시,수성구,,황금동,A70679502,우방신천지타운,아파트,대구광역시 수성구 황금동 272 우방신천지타운,대구광역시 수성구 청호로46길 17,19910131,5,425,개별난방,도시가스,대성에너지,35.8390726,128.6415318,,FALSE
대구광역시,수성구,,황금동,A10021273,청원맨션,아파트,대구광역시 수성구 황금동 162- 청원맨션,대구광역시 수성구 청수로35길 150,19891227,1,132,개별난방,도시가스,대성에너지,35.8428783,128.6358132,,FALSE
대구광역시,수성구,,황금동,A70604003,캐슬골드파크,아파트,대구광역시 수성구 황금동 365 캐슬골드파크,대구광역시 수성구 청수로 213,20060731,67,4256,개별난방,도시가스,대성에너지,35.8405773,128.6311019,,FALSE
대구광역시,수성구,,황금동,A10022041,코아시스105아파트,,대구광역시 수성구 황금동 843-1 코아시스105아파트,대구광역시 수성구 동대구로 149,20040630,1,105,개별난방,도시가스,대성에너지,35.8437859,128.6239194,,FALSE
대구광역시,수성구,,황금동,A10022670,화성고려파크뷰,아파트,대구광역시 수성구 황금동 505 화성고려파크뷰,대구광역시 수성구 청수로40길 29,20030129,1,112,개별난방,도시가스,대성에너지,35.8379774,128.6310128,,FALSE
대구광역시,수성구,,황금동,A70604001,황금동태왕아너스,아파트,대구광역시 수성구 황금동 99-1 황금동태왕아너스,대구광역시 수성구 청호로 345,20040730,4,480,개별난방,도시가스,대성에너지,35.8481211,128.6370378,,FALSE
대구광역시,수성구,,황금동,A10021265,황금미진아파트,아파트,대구광역시 수성구 황금동 705-1 황금미진아파트,대구광역시 수성구 청솔로12길 40,19941230,1,120,개별난방,도시가스,대성에너지,35.8502368,128.6229404,,FALSE
대구광역시,수성구,,황금동,A70685005,황금제3주공아파트,아파트,대구광역시 수성구 황금동 965 황금제3주공아파트,대구광역시 수성구 청수로45길 41,19920902,6,978,중앙난방,도시가스,대성에너지,35.8434679,128.6318466,,FALSE
대구광역시,수성구,,황금동,A10026333,힐스테이트 황금동,아파트,"대구광역시 수성구 황금동 240,대구광역시 수성구 황금동 985 힐스테이트 황금동",대구광역시 수성구 청수로 274,20180425,8,782,개별난방,도시가스,대성에너지,35.8397302,128.6385885,,FALSE
대구광역시,수성구,,황금동,A10021050,힐스테이트 황금역리저브 1단지,주상복합,대구광역시 수성구 황금동 891-1 힐스테이트 황금역리저브 1단지,대구광역시 수성구 청수로 127,20241122,2,152,개별난방,도시가스,대성에너지,35.8404489,128.6221284,,FALSE
대구광역시,수성구,,황금동,A10021059,힐스테이트 황금역리저브 2단지,도시형 생활주택(주상복합),대구광역시 수성구 황금동 862-5 힐스테이트 황금역리저브 2단지,대구광역시 수성구 청수로25길 24,20241122,2,185,개별난방,도시가스,대성에너지,35.8415921,128.6199232,,FALSE
대구광역시,수성구,,황금동,A10023866,힐스테이트황금엘포레,아파트,대구광역시 수성구 황금동 692-4 힐스테이트황금엘포레,대구광역시 수성구 청솔로 16,20220329,9,750,개별난방,도시가스,대성에너지,35.8476878,128.6227204,,FALSE
대구광역시,수성구,,중동,A70683802,광명프레지던트,아파트,대구광역시 수성구 중동 411-1 광명프레지던트,대구광역시 수성구 수성로 165,19800819,2,233,개별난방,도시가스,대성에너지,35.8401873,128.6116686,,FALSE
대구광역시,수성구,,중동,A10023992,수성골드클래스더센텀,아파트,대구광역시 수성구 중동 356-7 수성골드클래스더센텀,대구광역시 수성구 수성로 185,20211224,6,588,개별난방,도시가스,대성에너지,35.8426452,128.6116351,,FALSE
대구광역시,수성구,,중동,A10023871,수성데시앙리버뷰아파트,아파트,대구광역시 수성구 중동 532-324 수성데시앙리버뷰아파트,대구광역시 수성구 희망로20길 10,20220330,6,278,개별난방,도시가스,대성에너지,35.8450899,128.6092241,,FALSE
대구광역시,수성구,,중동,A10023317,수성뷰웰리버파크,아파트,대구광역시 수성구 중동 485-1 수성뷰웰리버파크,대구광역시 수성구 수성로41길 41,20230321,4,266,개별난방,도시가스,대성에너지,35.844911,128.6100324,,FALSE
대구광역시,수성구,,중동,A10023038,수성센트럴화성파크드림,주상복합,대구광역시 수성구 중동 179 수성센트럴화성파크드림,대구광역시 수성구 수성로 180,20230828,1,156,개별난방,도시가스,대성에너지,35.8457975,128.6123776,,FALSE
대구광역시,수성구,,중동,A10022714,수성푸르지오리버센트 아파트,,대구광역시 수성구 중동 556 수성푸르지오리버센트 아파트,대구광역시 수성구 수성로35길 50,20240229,10,714,개별난방,도시가스,대성에너지,35.8415368,128.6104381,,FALSE
대구광역시,수성구,,중동,A10025069,수성효성해링턴플레이스,아파트,대구광역시 수성구 중동 541-2 수성효성해링턴플레이스,대구광역시 수성구 희망로24길 24,20200128,7,745,개별난방,도시가스,대성에너지,35.8462583,128.6104525,,FALSE
대구광역시,수성구,,상동,A70682801,상동청구타운,아파트,"대구광역시 수성구 상동 247,대구광역시 수성구 상동 247-4 상동청구타운",대구광역시 수성구 수성로19길 41,19941130,2,150,개별난방,도시가스,대성에너지,35.8336563,128.6092333,,FALSE
대구광역시,수성구,,상동,A70677501,수성동일하이빌레이크시티,아파트,대구광역시 수성구 상동 555 수성동일하이빌레이크시티,대구광역시 수성구 수성로 71,20090430,16,1411,개별난방,도시가스,대성에너지,35.8313412,128.60952,,FALSE
대구광역시,수성구,,상동,A70682802,정화우방팔레스,아파트,대구광역시 수성구 상동 72 정화우방팔레스,대구광역시 수성구 수성로 135,20030129,5,488,개별난방,도시가스,대성에너지,35.8380165,128.6107781,,FALSE
대구광역시,수성구,,파동,A10027293,대구수성아이파크,아파트,대구광역시 수성구 파동 1000 대구수성아이파크,대구광역시 수성구 파동로22길 15,20161017,6,455,개별난방,도시가스,대성에너지,35.8135174,128.6190133,,FALSE
대구광역시,수성구,,파동,A10021960,대자연2차아파트,,대구광역시 수성구 파동 240- 대자연2차아파트,대구광역시 수성구 파동로 84,19880629,5,289,개별난방,도시가스,대성에너지,35.812124,128.618949,,FALSE
대구광역시,수성구,,파동,A10021310,더펜트하우스수성,연립주택,대구광역시 수성구 파동 1004- 더펜트하우스수성,대구광역시 수성구 파동로26길 26,20210205,17,143,개별난방,도시가스,대성에너지,35.8184347,128.6183947,,FALSE
대구광역시,수성구,,파동,A70607001,동신실리안아파트,아파트,대구광역시 수성구 파동 24-9 동신실리안아파트,대구광역시 수성구 파동로 209,20031229,3,155,개별난방,도시가스,대성에너지,35.8213137,128.6114676,,FALSE
대구광역시,수성구,,파동,A70684704,송원맨션,아파트,대구광역시 수성구 파동 581-28 송원맨션,대구광역시 수성구 파동로 223,19891103,3,232,개별난방,도시가스,대성에너지,35.822379,128.6109865,,FALSE
대구광역시,수성구,,파동,A10022948,수성더팰리스푸르지오더샵,,대구광역시 수성구 파동 27-17 수성더팰리스푸르지오더샵,대구광역시 수성구 파동로 188,20231030,18,1299,개별난방,도시가스,대성에너지,35.815776,128.6159719,,FALSE
대구광역시,수성구,,파동,A10022684,수성레이크 우방아이유쉘,,대구광역시 수성구 파동 1021 수성레이크 우방아이유쉘,대구광역시 수성구 파동로32길 100,20240329,6,394,개별난방,도시가스,대성에너지,35.8214703,128.6135471,,FALSE
대구광역시,수성구,,파동,A70679307,수성못코오롱하늘채,아파트,대구광역시 수성구 파동 53 수성못코오롱하늘채,대구광역시 수성구 파동로 222,20130625,14,832,개별난방,도시가스,대성에너지,35.8231245,128.6123004,,FALSE
대구광역시,수성구,,파동,A10020837,수성포레스트스위첸,아파트,대구광역시 수성구 파동 118-118 수성포레스트스위첸,대구광역시 수성구 파동로30길 30,20250103,17,755,개별난방,도시가스,대성에너지,35.8189773,128.6159338,,FALSE
대구광역시,수성구,,파동,A10022719,수성해모로하이엔,아파트,"대구광역시 수성구 파동 1009-,대구광역시 수성구 파동 540-14 수성해모로하이엔",대구광역시 수성구 파동로 47,20241015,11,795,개별난방,도시가스,대성에너지,35.815776,128.6159719,,FALSE
대구광역시,수성구,,파동,A70679306,우방대자연1차아파트,아파트,대구광역시 수성구 파동 153 우방대자연1차아파트,대구광역시 수성구 파동로 120,19870718,8,408,개별난방,도시가스,대성에너지,35.8147442,128.6169105,,FALSE
대구광역시,수성구,,파동,A70684902,파동청구하이츠,아파트,대구광역시 수성구 파동 311-1 파동청구하이츠,대구광역시 수성구 파동로12길 39,19971224,4,176,개별난방,도시가스,대성에너지,35.810179,128.6216313,,FALSE
대구광역시,수성구,,파동,A10021840,파동태왕리더스,아파트,대구광역시 수성구 파동 197-1 파동태왕리더스,대구광역시 수성구 파동로 105,20051028,1,117,개별난방,도시가스,대성에너지,35.8129418,128.6167055,,FALSE
대구광역시,수성구,,파동,A70684903,파동화성파크뷰,아파트,대구광역시 수성구 파동 486-1 파동화성파크뷰,대구광역시 수성구 파동로 19,20041129,4,228,개별난방,도시가스,대성에너지,35.8064097,128.6222375,,FALSE
대구광역시,수성구,,두산동,A70680002,대우트럼프월드수성,주상복합,대구광역시 수성구 두산동 105 대우트럼프월드수성,대구광역시 수성구 동대구로 59,20070430,6,967,개별난방,도시가스,대성에너지,35.836643,128.6229976,,FALSE
대구광역시,수성구,,두산동,A70670405,수성SK리더스뷰,주상복합,대구광역시 수성구 두산동 113 수성SK리더스뷰,대구광역시 수성구 동대구로 95,20100930,7,788,중앙난방,열병합,대성에너지,35.8388009,128.6232068,,FALSE
대구광역시,수성구,,두산동,A10023587,수성레이크푸르지오,아파트,대구광역시 수성구 두산동 81-2 수성레이크푸르지오,대구광역시 수성구 청수로24길 91,20220826,2,332,개별난방,도시가스,대성에너지,35.837792,128.6212797,,FALSE
대구광역시,수성구,,두산동,A70670404,수성화성파크드림,아파트,대구광역시 수성구 두산동 789 수성화성파크드림,대구광역시 수성구 용학로28길 8,20091217,4,373,개별난방,도시가스,대성에너지,35.822465,128.624349,,FALSE
대구광역시,수성구,,두산동,A10022536,호반써밋수성,,"대구광역시 수성구 두산동 85,대구광역시 수성구 두산동 85- 호반써밋수성",대구광역시 수성구 청수로24길 71,20240625,2,301,개별난방,도시가스,대성에너지,35.837792,128.6212797,,FALSE
대구광역시,수성구,,지산동,A10022207,대우로얄하이츠,,대구광역시 수성구 지산동 1190- 대우로얄하이츠,대구광역시 수성구 용학로36길 20,19991029,3,128,개별난방,도시가스,대성에너지,35.8211237,128.6278786,,FALSE
대구광역시,수성구,,지산동,A10023214,더샵수성라크에르,아파트,대구광역시 수성구 지산동 1766 더샵수성라크에르,대구광역시 수성구 지산로3길 33,20240326,9,899,개별난방,도시가스,대성에너지,35.8249737,128.6275051,,FALSE
대구광역시,수성구,,지산동,A70609001,동서무학맨션,아파트,대구광역시 수성구 지산동 359-1 동서무학맨션,대구광역시 수성구 지산로14길 83,19941024,1,281,개별난방,도시가스,대성에너지,35.8266546,128.6384055,,FALSE
대구광역시,수성구,,지산동,A70678903,서한청산맨션,아파트,대구광역시 수성구 지산동 1269-1 서한청산맨션,대구광역시 수성구 지범로21길 15,19910828,5,468,개별난방,도시가스,대성에너지,35.8258997,128.6362352,,FALSE
대구광역시,수성구,,지산동,A70678607,지산5단지,아파트,대구광역시 수성구 지산동 1297 지산5단지,대구광역시 수성구 용학로 325,19911115,5,1076,개별난방,도시가스,대성에너지,35.82484,128.6425568,,FALSE
대구광역시,수성구,,지산동,A10021593,지산낙원아파트,아파트,대구광역시 수성구 지산동 1190-2 지산낙원아파트,대구광역시 수성구 용학로36길 17,19870903,1,145,개별난방,도시가스,대성에너지,35.8207584,128.6289078,,FALSE
대구광역시,수성구,,지산동,A70678605,지산녹원맨션,아파트,대구광역시 수성구 지산동 761 지산녹원맨션,대구광역시 수성구 무학로 189,19890523,9,542,중앙난방,열병합,대성에너지,35.8314196,128.6303743,,FALSE
대구광역시,수성구,,지산동,A70678802,지산동서맨션,아파트,대구광역시 수성구 지산동 1269 지산동서맨션,대구광역시 수성구 지산로 56,19910813,5,465,개별난방,도시가스,대성에너지,35.8265869,128.6347776,,FALSE
대구광역시,수성구,,지산동,A70679109,지산리더스,아파트,대구광역시 수성구 지산동 1234-1 지산리더스,대구광역시 수성구 지산로 5,19911115,4,694,개별난방,도시가스,대성에너지,35.8226141,128.6316213,,FALSE
대구광역시,수성구,,지산동,A70684510,지산목련아파트,아파트,대구광역시 수성구 지산동 1200 지산목련아파트,대구광역시 수성구 용학로42길 13,19860929,12,770,개별난방,도시가스,대성에너지,35.8197627,128.6322204,,FALSE
대구광역시,수성구,,지산동,A70609004,지산보성맨션,아파트,대구광역시 수성구 지산동 1270-1 지산보성맨션,대구광역시 수성구 지범로21길 3,19910812,5,526,개별난방,도시가스,대성에너지,35.8244735,128.6361257,,FALSE
대구광역시,수성구,,지산동,A70683904,지산서한이다음,아파트,대구광역시 수성구 지산동 1297-3 지산서한이다음,대구광역시 수성구 용학로 313,19911115,3,488,개별난방,도시가스,대성에너지,35.8239402,128.6419157,,FALSE
대구광역시,수성구,,지산동,A70679003,지산에덴맨션,아파트,대구광역시 수성구 지산동 1272-2 지산에덴맨션,대구광역시 수성구 용학로 223,19910918,4,420,개별난방,도시가스,대성에너지,35.8219292,128.633852,,FALSE
대구광역시,수성구,,지산동,A70679105,지산영남맨션,아파트,대구광역시 수성구 지산동 1257-1 지산영남맨션,대구광역시 수성구 지산로 31,19910720,6,446,개별난방,도시가스,대성에너지,35.8242926,128.6320548,,FALSE
대구광역시,수성구,,지산동,A70679106,지산우방타운,아파트,대구광역시 수성구 지산동 1271 지산우방타운,대구광역시 수성구 지산로 32,19910529,5,460,개별난방,도시가스,대성에너지,35.8236614,128.6339074,,FALSE
대구광역시,수성구,,지산동,A70678801,지산청구타운,아파트,대구광역시 수성구 지산동 1270 지산청구타운,대구광역시 수성구 지산로 48,19910812,4,455,개별난방,도시가스,대성에너지,35.8249761,128.6347056,,FALSE
대구광역시,수성구,,지산동,A70678606,지산타운,아파트,대구광역시 수성구 지산동 1288 지산타운,대구광역시 수성구 용학로 303,19911115,3,630,개별난방,도시가스,대성에너지,35.8228939,128.6408542,,FALSE
대구광역시,수성구,,지산동,A70679108,지산한라타운,아파트,대구광역시 수성구 지산동 1275 지산한라타운,대구광역시 수성구 지범로22길 9,19911007,4,555,개별난방,도시가스,대성에너지,35.8225402,128.6369007,,FALSE
대구광역시,수성구,,지산동,A70609202,지산현대,아파트,대구광역시 수성구 지산동 1272-3 지산현대,대구광역시 수성구 지범로22길 20,19910618,4,387,개별난방,도시가스,대성에너지,35.82164,128.634791,,FALSE
대구광역시,수성구,,지산동,A70679007,지산협화맨션,아파트,대구광역시 수성구 지산동 1273 지산협화맨션,대구광역시 수성구 지범로22길 23,19911119,5,552,개별난방,도시가스,대성에너지,35.8213035,128.6361954,,FALSE
대구광역시,수성구,,지산동,A70684404,지산화성맨션,아파트,대구광역시 수성구 지산동 1257 지산화성맨션,대구광역시 수성구 용학로35길 62,19910715,6,436,개별난방,도시가스,대성에너지,35.8247637,128.6305809,,FALSE
대구광역시,수성구,,지산동,A10024413,지산화성파크드림,아파트,대구광역시 수성구 지산동 1140-3 지산화성파크드림,대구광역시 수성구 지범로17길 85,20060317,2,142,개별난방,도시가스,대성에너지,35.8277353,128.6282777,,FALSE
대구광역시,수성구,,지산동,A70684501,청구호반맨션,아파트,대구광역시 수성구 지산동 1208 청구호반맨션,대구광역시 수성구 용학로46길 40,19900703,4,280,개별난방,도시가스,대성에너지,35.8184903,128.6338054,,FALSE
대구광역시,수성구,,범물동,A10023442,더트루엘수성,,대구광역시 수성구 범물동 859-1 더트루엘수성,대구광역시 수성구 지범로52길 5-6,20221229,2,158,개별난방,도시가스,대성에너지,35.8159524,128.6466916,,FALSE
대구광역시,수성구,,범물동,A70681408,범물(창신태성한라)맨션,아파트,"대구광역시 수성구 범물동 1336,대구광역시 수성구 범물동 1336,대구광역시 수성구 범물동 1336 범물(창신태성한라)맨션",대구광역시 수성구 용학로 272,19921016,6,804,개별난방,도시가스,대성에너지,35.8200387,128.6387423,,FALSE
대구광역시,수성구,,범물동,A10025970,범물두성타운,,대구광역시 수성구 범물동 887 범물두성타운,대구광역시 수성구 지범로 300,19960418,1,126,개별난방,도시가스,대성에너지,35.8148477,128.6490937,,FALSE
대구광역시,수성구,,범물동,A70610002,범물보성맨션,아파트,대구광역시 수성구 범물동 1269 범물보성맨션,대구광역시 수성구 용학로 316,19920820,5,443,중앙난방,열병합,대성에너지,35.8223867,128.6427624,,FALSE
대구광역시,수성구,,범물동,A70676401,범물보성타운,아파트,대구광역시 수성구 범물동 1279 범물보성타운,대구광역시 수성구 지범로39길 56,19920820,3,285,개별난방,도시가스,대성에너지,35.821948,128.6442201,,FALSE
대구광역시,수성구,,범물동,A70691403,범물삼주타운,아파트,대구광역시 수성구 범물동 1382 범물삼주타운,대구광역시 수성구 범안로8길 35,19930107,3,430,개별난방,도시가스,대성에너지,35.815643,128.6419992,,FALSE
대구광역시,수성구,,범물동,A70676605,범물서한화성타운,아파트,대구광역시 수성구 범물동 1328 범물서한화성타운,대구광역시 수성구 지범로40길 11,19921026,6,612,개별난방,도시가스,대성에너지,35.8187562,128.641977,,FALSE
대구광역시,수성구,,범물동,A70610001,범물신화맨션,아파트,대구광역시 수성구 범물동 1332 범물신화맨션,대구광역시 수성구 지범로40길 6,19920918,2,260,개별난방,도시가스,대성에너지,35.819189,128.6403273,,FALSE
대구광역시,수성구,,범물동,A70681401,범물에덴타운,아파트,대구광역시 수성구 범물동 1332 범물에덴타운,대구광역시 수성구 지범로40길 6,19920918,2,262,개별난방,도시가스,대성에너지,35.819189,128.6403273,,FALSE
대구광역시,수성구,,범물동,A70676402,범물영남타운,아파트,대구광역시 수성구 범물동 1269 범물영남타운,대구광역시 수성구 용학로 316,19920820,5,442,중앙난방,열병합,대성에너지,35.8223867,128.6427624,,FALSE
대구광역시,수성구,,범물동,A70676706,범물우방미진하이츠,아파트,대구광역시 수성구 범물동 670 범물우방미진하이츠,대구광역시 수성구 지범로 290,20000202,9,661,개별난방,도시가스,대성에너지,35.8145143,128.6479789,,FALSE
대구광역시,수성구,,범물동,A70610104,범물청구타운,아파트,대구광역시 수성구 범물동 1281 범물청구타운,대구광역시 수성구 지범로39길 12,19920929,6,594,개별난방,도시가스,대성에너지,35.8201081,128.6434531,,FALSE
대구광역시,수성구,,범물동,A70681105,범물하이츠,아파트,대구광역시 수성구 범물동 1261 범물하이츠,대구광역시 수성구 용학로 336,19920415,6,1000,개별난방,도시가스,대성에너지,35.8243029,128.64416,,FALSE
대구광역시,수성구,,범물동,A70610003,보성송정타운,아파트,대구광역시 수성구 범물동 697-1 보성송정타운,대구광역시 수성구 지범로46길 43,19950913,5,498,개별난방,도시가스,대성에너지,35.813832,128.6429644,,FALSE
대구광역시,수성구,,범물동,A10024582,수성하늘채르레브,아파트,대구광역시 수성구 범물동 1397 수성하늘채르레브,대구광역시 수성구 지범로48길 21,20201013,7,709,개별난방,도시가스,대성에너지,35.8155961,128.6451873,,FALSE
대구광역시,수성구,,범물동,A70672301,용지아파트,아파트,"대구광역시 수성구 범물동 1285,대구광역시 수성구 범물동 1283,대구광역시 수성구 범물동 1287 용지아파트",대구광역시 수성구 범안로 79,19920710,15,2646,개별난방,도시가스,대성에너지,35.8202007,128.6461562,,FALSE
대구광역시,수성구,,범물동,A70610004,청아타운,아파트,대구광역시 수성구 범물동 1372 청아타운,대구광역시 수성구 범안로 40,19921125,8,680,개별난방,도시가스,대성에너지,35.816929,128.6418868,,FALSE
대구광역시,수성구,,범물동,A70681202,현대청림타운,아파트,대구광역시 수성구 범물동 630 현대청림타운,대구광역시 수성구 지범로54길 15,19990722,4,350,개별난방,도시가스,대성에너지,35.814372,128.6463207,,FALSE
대구광역시,수성구,,시지동,A70677810,고산노변타운,아파트,대구광역시 수성구 시지동 498 고산노변타운,대구광역시 수성구 시지로 55,19960813,7,885,개별난방,도시가스,대성에너지,35.8391422,128.6959285,,FALSE
대구광역시,수성구,,시지동,A10025121,고산역화성파크드림,아파트,대구광역시 수성구 시지동 378 고산역화성파크드림,대구광역시 수성구 달구벌대로 3122,20191224,1,112,개별난방,도시가스,대성에너지,35.8423722,128.6984821,,FALSE
대구광역시,수성구,,시지동,A70622009,노변다숲,아파트,대구광역시 수성구 시지동 499 노변다숲,대구광역시 수성구 노변공원로 34,19961207,5,745,개별난방,도시가스,대성에너지,35.8391642,128.6976402,,FALSE
대구광역시,수성구,,시지동,A70677807,노변동서우방,아파트,대구광역시 수성구 시지동 509 노변동서우방,대구광역시 수성구 노변공원로 22,19961025,6,472,개별난방,도시가스,대성에너지,35.8408755,128.6979991,,FALSE
대구광역시,수성구,,시지동,A70677906,노변청구타운,아파트,대구광역시 수성구 시지동 486 노변청구타운,대구광역시 수성구 시지로 21,19960530,4,465,개별난방,도시가스,대성에너지,35.8416495,128.6937703,,FALSE
대구광역시,수성구,,시지동,A10025655,수성알파시티동화아이위시,아파트,대구광역시 수성구 시지동 591 수성알파시티동화아이위시,대구광역시 수성구 알파시티2로 48,20190211,7,698,개별난방,도시가스,대성에너지,35.8387204,128.6923842,,FALSE
대구광역시,수성구,,시지동,A70622001,시지대백맨션,아파트,대구광역시 수성구 시지동 462-2 시지대백맨션,대구광역시 수성구 달구벌대로625길 21,19921128,4,265,개별난방,도시가스,대성에너지,35.8445296,128.6996271,,FALSE
대구광역시,수성구,,시지동,A10020820,시지센트레빌 아파트,아파트,대구광역시 수성구 시지동 602- 시지센트레빌 아파트,대구광역시 수성구 달구벌대로622길 9,20240217,2,120,개별난방,도시가스,대성에너지,35.8420977,128.6975871,,FALSE
대구광역시,수성구,,시지동,A70677811,시지월드메르디앙,아파트,대구광역시 수성구 시지동 41 시지월드메르디앙,대구광역시 수성구 천을로 70,20090528,6,603,개별난방,도시가스,대성에너지,35.8445307,128.6984008,,FALSE
대구광역시,수성구,,시지동,A70622005,시지태왕아너스,아파트,대구광역시 수성구 시지동 28 시지태왕아너스,대구광역시 수성구 천을로 91,20071126,4,407,개별난방,도시가스,대성에너지,35.8455934,128.7009795,,FALSE
대구광역시,수성구,,시지동,A70622003,아이프라임시지,아파트,대구광역시 수성구 시지동 262 아이프라임시지,대구광역시 수성구 달구벌대로 3110,20080430,2,301,개별난방,도시가스,대성에너지,35.8420949,128.6967395,,FALSE
대구광역시,수성구,,시지동,A70622002,제림은세계아파트,아파트,대구광역시 수성구 시지동 141-5 제림은세계아파트,대구광역시 수성구 달구벌대로 3081,19930403,1,299,개별난방,도시가스,대성에너지,35.8443932,128.6946602,,FALSE
대구광역시,수성구,,시지동,A70622004,제림은탑맨션,아파트,대구광역시 수성구 시지동 70 제림은탑맨션,대구광역시 수성구 천을로 49,19941103,2,346,개별난방,도시가스,대성에너지,35.845682,128.6962327,,FALSE
대구광역시,수성구,,시지동,A70677908,청구전원타운,아파트,대구광역시 수성구 시지동 349 청구전원타운,대구광역시 수성구 시지로 45,19901103,6,678,개별난방,도시가스,대성에너지,35.8407745,128.6962799,,FALSE
대구광역시,수성구,,매호동,A70676303,매호2차동서타운,아파트,대구광역시 수성구 매호동 1077-1 매호2차동서타운,대구광역시 수성구 달구벌대로641길 8,19990323,3,282,개별난방,도시가스,대성에너지,35.8415439,128.708776,,FALSE
대구광역시,수성구,,매호동,A70676309,매호동서타운,아파트,대구광역시 수성구 매호동 1040 매호동서타운,대구광역시 수성구 천을로 180,19951221,5,687,개별난방,도시가스,대성에너지,35.8424837,128.7100667,,FALSE
대구광역시,수성구,,매호동,A10026326,매호청구하이츠빌,아파트,대구광역시 수성구 매호동 721-1 매호청구하이츠빌,대구광역시 수성구 천을로23길 26,20001122,1,128,개별난방,도시가스,대성에너지,35.8462216,128.7056924,,FALSE
대구광역시,수성구,,매호동,A70614007,매호한일유앤아이,아파트,"대구광역시 수성구 매호동 979-4,대구광역시 수성구 매호동 979-4 매호한일유앤아이",대구광역시 수성구 고산로 162,20060411,8,490,개별난방,도시가스,대성에너지,35.8461541,128.7077097,,FALSE
대구광역시,수성구,,매호동,A70676305,매호협화타운,아파트,대구광역시 수성구 매호동 1055 매호협화타운,대구광역시 수성구 천을로 181,19960326,3,404,개별난방,도시가스,대성에너지,35.8436502,128.7106932,,FALSE
대구광역시,수성구,,매호동,A10022147,매호화성파크드림,,대구광역시 수성구 매호동 986-1 매호화성파크드림,대구광역시 수성구 달구벌대로641길 31,20060309,1,143,개별난방,도시가스,대성에너지,35.8433465,128.7078616,,FALSE
대구광역시,수성구,,매호동,A70614006,매호효성백년가약,아파트,대구광역시 수성구 매호동 750 매호효성백년가약,대구광역시 수성구 천을로23길 31,20060228,6,419,개별난방,도시가스,대성에너지,35.8472424,128.7057775,,FALSE
대구광역시,수성구,,매호동,A70676301,시지2차서한타운,아파트,대구광역시 수성구 매호동 997-2 시지2차서한타운,대구광역시 수성구 천을로31길 8,19961112,2,209,개별난방,도시가스,대성에너지,35.8443436,128.7093155,,FALSE
대구광역시,수성구,,매호동,A70676312,시지2차태왕하이츠,아파트,대구광역시 수성구 매호동 1075-1 시지2차태왕하이츠,대구광역시 수성구 천을로 170,20010413,3,248,개별난방,도시가스,대성에너지,35.8429621,128.7088276,,FALSE
대구광역시,수성구,,매호동,A70676308,시지누리타운,아파트,대구광역시 수성구 매호동 1330 시지누리타운,대구광역시 수성구 달구벌대로637길 21,19950523,4,600,개별난방,도시가스,대성에너지,35.8431007,128.7064902,,FALSE
대구광역시,수성구,,매호동,A70676310,시지두레타운,아파트,대구광역시 수성구 매호동 1324 시지두레타운,대구광역시 수성구 천을로 131,19950523,4,780,개별난방,도시가스,대성에너지,35.8450384,128.7052183,,FALSE
대구광역시,수성구,,매호동,A70614002,시지우방하이츠,아파트,대구광역시 수성구 매호동 1033 시지우방하이츠,대구광역시 수성구 달구벌대로645길 22,19991115,2,234,개별난방,도시가스,대성에너지,35.841846,128.7113374,,FALSE
대구광역시,수성구,,매호동,A70676311,시지하나타운,아파트,대구광역시 수성구 매호동 1331 시지하나타운,대구광역시 수성구 고산로 123,19950523,8,1200,개별난방,도시가스,대성에너지,35.8433782,128.7046338,,FALSE
대구광역시,수성구,,매호동,A10021905,신매역우방유쉘,아파트,대구광역시 수성구 매호동 775- 신매역우방유쉘,대구광역시 수성구 천을로23길 21,20071126,1,121,개별난방,도시가스,대성에너지,35.8465177,128.7045825,,FALSE
대구광역시,수성구,,사월동,A70616001,시지 푸르지오,아파트,대구광역시 수성구 사월동 325 시지 푸르지오,대구광역시 수성구 달구벌대로661길 7,20060529,5,362,개별난방,도시가스,대성에너지,35.83794,128.7191135,,FALSE
대구광역시,수성구,,사월동,A70616004,시지2차사월보성타운,아파트,대구광역시 수성구 사월동 464 시지2차사월보성타운,대구광역시 수성구 욱수천로 133,19960907,8,1498,중앙난방,도시가스,대성에너지,35.8408528,128.7154965,,FALSE
대구광역시,수성구,,사월동,A10025694,시지3차 서한이다음,아파트,대구광역시 수성구 사월동 650 시지3차 서한이다음,대구광역시 수성구 달구벌대로669길 20-20,20181114,6,383,개별난방,도시가스,대성에너지,35.8370352,128.7243033,,FALSE
대구광역시,수성구,,사월동,A70616003,시지6차태왕리더스,아파트,대구광역시 수성구 사월동 510-2 시지6차태왕리더스,대구광역시 수성구 달구벌대로669길 70,20041230,7,527,개별난방,도시가스,대성에너지,35.8391801,128.7220422,,FALSE
대구광역시,수성구,,사월동,A70616002,시지대성유니드,아파트,대구광역시 수성구 사월동 500 시지대성유니드,대구광역시 수성구 달구벌대로669길 80,20070629,5,413,개별난방,도시가스,대성에너지,35.8398452,128.7217532,,FALSE
대구광역시,수성구,,사월동,A70677401,시지동화아이위시,아파트,대구광역시 수성구 사월동 642 시지동화아이위시,대구광역시 수성구 달구벌대로669길 20,20130222,4,352,개별난방,도시가스,대성에너지,35.8365594,128.7231256,,FALSE
대구광역시,수성구,,사월동,A70677402,시지한신휴플러스,아파트,대구광역시 수성구 사월동 645 시지한신휴플러스,대구광역시 수성구 달구벌대로669길 50,20131203,6,510,개별난방,도시가스,대성에너지,35.8380911,128.7228731,,FALSE
대구광역시,수성구,,신매동,A70678019,대백신화창신맨션,아파트,대구광역시 수성구 신매동 569 대백신화창신맨션,대구광역시 수성구 고산로 90,19940907,6,870,개별난방,도시가스,대성에너지,35.8386576,128.7055079,,FALSE
대구광역시,수성구,,신매동,A70617004,사월화성파크드림1단지,주상복합,대구광역시 수성구 신매동 10-14 사월화성파크드림1단지,대구광역시 수성구 달구벌대로 3304,20060323,5,188,개별난방,도시가스,대성에너지,35.8363623,128.7167198,,FALSE
대구광역시,수성구,,신매동,A70617012,사월화성파크드림2단지,주상복합,대구광역시 수성구 신매동 46 사월화성파크드림2단지,대구광역시 수성구 달구벌대로 3304-1,20060323,4,297,개별난방,도시가스,대성에너지,35.8354974,128.7161034,,FALSE
대구광역시,수성구,,신매동,A70617001,사월화성파크드림3단지,주상복합,대구광역시 수성구 신매동 49 사월화성파크드림3단지,대구광역시 수성구 달구벌대로 3304-2,20060323,2,167,개별난방,도시가스,대성에너지,35.835295,128.7147022,,FALSE
대구광역시,수성구,,신매동,A70678307,시지3차신매보성타운,아파트,대구광역시 수성구 신매동 245 시지3차신매보성타운,대구광역시 수성구 달구벌대로651길 23,19971113,1,251,개별난방,도시가스,대성에너지,35.8398248,128.7135957,,FALSE
대구광역시,수성구,,신매동,A70617005,시지3차태왕하이츠,아파트,대구광역시 수성구 신매동 100 시지3차태왕하이츠,대구광역시 수성구 욱수천로 77,20011211,3,236,개별난방,도시가스,대성에너지,35.8355551,128.7112403,,FALSE
대구광역시,수성구,,신매동,A70678114,시지동서타운,아파트,대구광역시 수성구 신매동 594 시지동서타운,대구광역시 수성구 신매로 41,19951027,3,360,개별난방,도시가스,대성에너지,35.833714,128.7069281,,FALSE
대구광역시,수성구,,신매동,A70678115,시지두성타운,아파트,대구광역시 수성구 신매동 595 시지두성타운,대구광역시 수성구 고산로 30,19940629,3,385,개별난방,도시가스,대성에너지,35.8341171,128.704776,,FALSE
대구광역시,수성구,,신매동,A10023367,시지라온프라이빗,아파트,대구광역시 수성구 신매동 610 시지라온프라이빗,대구광역시 수성구 달구벌대로656길 32,20230131,5,207,개별난방,도시가스,대성에너지,35.8347851,128.7136152,,FALSE
대구광역시,수성구,,신매동,A70678023,시지반도유보라,아파트,대구광역시 수성구 신매동 162 시지반도유보라,대구광역시 수성구 욱수천로 87,20121224,4,262,개별난방,도시가스,대성에너지,35.8365986,128.7118507,,FALSE
대구광역시,수성구,,신매동,A70617017,시지보성서한타운,아파트,대구광역시 수성구 신매동 601 시지보성서한타운,대구광역시 수성구 신매로 21,19950208,6,664,개별난방,도시가스,대성에너지,35.832263,128.7060984,,FALSE
대구광역시,수성구,,신매동,A70617020,시지삼주한라협화타운,아파트,대구광역시 수성구 신매동 570 시지삼주한라협화타운,대구광역시 수성구 신매로 91,19940827,6,954,개별난방,도시가스,대성에너지,35.8383839,128.7078315,,FALSE
대구광역시,수성구,,신매동,A70678002,시지에덴타운,아파트,대구광역시 수성구 신매동 594-1 시지에덴타운,대구광역시 수성구 고산로12길 34,19940827,3,210,개별난방,도시가스,대성에너지,35.8338851,128.7059118,,FALSE
대구광역시,수성구,,신매동,A70675021,시지천마타운,아파트,대구광역시 수성구 신매동 579 시지천마타운,대구광역시 수성구 신매로 71,19940527,12,1095,개별난방,도시가스,대성에너지,35.8367717,128.7073893,,FALSE
대구광역시,수성구,,신매동,A70678118,시지청솔타운,아파트,대구광역시 수성구 신매동 580 시지청솔타운,대구광역시 수성구 고산로 70,19951123,6,750,개별난방,도시가스,대성에너지,35.8372257,128.7052598,,FALSE
대구광역시,수성구,,신매동,A70617013,시지태왕하이츠,아파트,대구광역시 수성구 신매동 263 시지태왕하이츠,대구광역시 수성구 달구벌대로647길 16,20001209,4,343,개별난방,도시가스,대성에너지,35.8401155,128.7116812,,FALSE
대구광역시,수성구,,신매동,A70617010,시지효성백년가약1단지,주상복합,대구광역시 수성구 신매동 30-5 시지효성백년가약1단지,대구광역시 수성구 달구벌대로 3280,20080620,5,299,개별난방,도시가스,대성에너지,35.836912,128.7147313,,FALSE
대구광역시,수성구,,신매동,A70617009,시지효성백년가약2단지,아파트,대구광역시 수성구 신매동 30-6 시지효성백년가약2단지,대구광역시 수성구 달구벌대로 3280-1,20080620,4,293,개별난방,도시가스,대성에너지,35.8359607,128.7143402,,FALSE
대구광역시,수성구,,신매동,A70678203,신매우방타운,아파트,대구광역시 수성구 신매동 246 신매우방타운,대구광역시 수성구 달구벌대로651길 33,19971125,1,221,개별난방,도시가스,대성에너지,35.8409703,128.7136246,,FALSE
대구광역시,수성구,,신매동,A70678116,신매태성맨션,아파트,대구광역시 수성구 신매동 581 신매태성맨션,대구광역시 수성구 고산로 50,19940620,3,490,개별난방,도시가스,대성에너지,35.8356159,128.7050801,,FALSE
대구광역시,수성구,,신매동,A70678022,신매한라하우젠트,주상복합,대구광역시 수성구 신매동 10-31 신매한라하우젠트,대구광역시 수성구 달구벌대로 3310,20060721,3,255,개별난방,도시가스,대성에너지,35.8359743,128.7177586,,FALSE
대구광역시,수성구,,신매동,A10021659,신매효성백년가약청,아파트,대구광역시 수성구 신매동 280- 신매효성백년가약청,대구광역시 수성구 달구벌대로 3233,20060724,3,138,개별난방,도시가스,대성에너지,35.8398897,128.7108593,,FALSE
대구광역시,수성구,,신매동,A70678008,신화빌라트,아파트,대구광역시 수성구 신매동 139-1 신화빌라트,대구광역시 수성구 달구벌대로650길 29,19961122,4,291,개별난방,도시가스,대성에너지,35.8363831,128.7103763,,FALSE
대구광역시,수성구,,신매동,A70617011,아이프라임신매,아파트,대구광역시 수성구 신매동 230 아이프라임신매,대구광역시 수성구 달구벌대로649길 14,20081030,6,309,개별난방,도시가스,대성에너지,35.8394275,128.7128531,,FALSE
대구광역시,수성구,,신매동,A10021155,유성푸르나임르노블,주상복합,대구광역시 수성구 신매동 57-17 유성푸르나임르노블,대구광역시 수성구 달구벌대로 3308,20090529,1,119,개별난방,도시가스,대성에너지,35.8348936,128.7176202,,FALSE
대구광역시,수성구,,욱수동,A70618001,시지4차태왕하이츠레전드,아파트,대구광역시 수성구 욱수동 185-1 시지4차태왕하이츠레전드,대구광역시 수성구 욱수천로 27,20040217,5,402,개별난방,도시가스,대성에너지,35.8315745,128.7098793,,FALSE
대구광역시,수성구,,욱수동,A10023150,시지삼정그린코아포레스트,아파트,대구광역시 수성구 욱수동 25-2 시지삼정그린코아포레스트,대구광역시 수성구 욱수천로2길 22,20230522,7,667,개별난방,도시가스,대성에너지,35.83445,128.7119668,,FALSE
대구광역시,수성구,,욱수동,A70618002,시지태왕5차월드하이츠,아파트,대구광역시 수성구 욱수동 130 시지태왕5차월드하이츠,대구광역시 수성구 욱수천로 7,20041230,3,416,개별난방,도시가스,대성에너지,35.8300253,128.7090365,,FALSE
대구광역시,수성구,,욱수동,A70691901,웰리치시지,아파트,대구광역시 수성구 욱수동 246 웰리치시지,대구광역시 수성구 욱수천로 55,20080912,4,366,개별난방,도시가스,대성에너지,35.8337003,128.710476,,FALSE
대구광역시,수성구,,노변동,A70675101,노변대백,아파트,대구광역시 수성구 노변동 440 노변대백,대구광역시 수성구 노변로 11,19990830,4,432,개별난방,도시가스,대성에너지,35.833272,128.6991011,,FALSE
대구광역시,수성구,,노변동,A10024251,수성알파시티 청아람,아파트,대구광역시 수성구 노변동 742 수성알파시티 청아람,대구광역시 수성구 알파시티2로 96,20210625,11,844,개별난방,도시가스,대성에너지,35.835097,128.6968389,,FALSE
대구광역시,수성구,,노변동,A70623002,수성월드메르디앙,아파트,대구광역시 수성구 노변동 353 수성월드메르디앙,대구광역시 수성구 노변로 55,20071126,9,753,개별난방,도시가스,대성에너지,35.8367038,128.699337,,FALSE
대구광역시,달서구,,성당동,A70408202,성당두산위브아파트,아파트,대구광역시 달서구 성당동 840 성당두산위브아파트,대구광역시 달서구 당산로 82,20091012,6,690,개별난방,도시가스,대성에너지,35.8444507,128.5458072,,FALSE
대구광역시,달서구,,성당동,A70496901,성당래미안e편한세상3단지,아파트,대구광역시 달서구 성당동 839 성당래미안e편한세상3단지,대구광역시 달서구 장기로 127,20090721,9,822,지역난방,도시가스,한국지역난방공사,35.8423403,128.5458643,,FALSE
대구광역시,달서구,,성당동,A70408001,성당에덴타운,아파트,대구광역시 달서구 성당동 87-1 성당에덴타운,대구광역시 달서구 성당로33길 16,19950626,1,246,개별난방,도시가스,대성에너지,35.8496002,128.56933,,FALSE
대구광역시,달서구,,성당동,A10023731,성당태왕아너스메트로,주상복합,대구광역시 달서구 성당동 223-8 성당태왕아너스메트로,대구광역시 달서구 대명천로 33,20220628,3,222,개별난방,도시가스,대성에너지,35.8383639,128.5556812,,FALSE
대구광역시,달서구,,성당동,A70408203,성당포스코더샵,아파트,대구광역시 달서구 성당동 834 성당포스코더샵,대구광역시 달서구 장기로 115,20080801,8,904,지역난방,도시가스,한국지역난방공사,35.8423009,128.5478351,,FALSE
대구광역시,달서구,,두류동,A10021720,두류보성맨션,아파트,대구광역시 달서구 두류동 833-5 두류보성맨션,대구광역시 달서구 두류6길 9,19991023,2,122,개별난방,도시가스,대성에너지,35.8579395,128.5668411,,FALSE
대구광역시,달서구,,두류동,A10021027,두류센트레빌 더 파크,아파트,대구광역시 달서구 두류동 2363- 두류센트레빌 더 파크,대구광역시 달서구 당산로36길 37,20241129,4,433,개별난방,도시가스,대성에너지,35.8519623,128.5511189,,FALSE
대구광역시,달서구,,두류동,A10023443,두류센트레빌더시티,아파트,대구광역시 달서구 두류동 631-40 두류센트레빌더시티,대구광역시 달서구 당산로36길 11,20221229,5,333,개별난방,도시가스,대성에너지,35.8519623,128.5511189,,FALSE
대구광역시,달서구,,두류동,A10020997,두류중흥s클래스센텀포레,아파트,대구광역시 달서구 두류동 819 두류중흥s클래스센텀포레,대구광역시 달서구 두류길 107,20241118,7,454,개별난방,도시가스,대성에너지,35.8590352,128.5700162,,FALSE
대구광역시,달서구,,두류동,A10023513,두류파크kcc스위첸,아파트,대구광역시 달서구 두류동 803-44 두류파크kcc스위첸,대구광역시 달서구 파도고개로 70,20230721,9,785,개별난방,도시가스,대성에너지,35.8556076,128.5683278,,FALSE
대구광역시,달서구,,두류동,A70491001,삼정그린빌,아파트,대구광역시 달서구 두류동 486-2 삼정그린빌,대구광역시 달서구 야외음악당로39길 54,20020527,10,1208,지역난방,도시가스,한국지역난방공사,35.8549727,128.5553439,,FALSE
대구광역시,달서구,,파호동,A70474202,성서삼성명가타운,아파트,대구광역시 달서구 파호동 89 성서삼성명가타운,대구광역시 달서구 호산로 125,20000224,21,1999,지역난방,도시가스,한국지역난방공사,35.8507618,128.4756261,,FALSE
대구광역시,달서구,,파호동,A70422001,성서우방유쉘,아파트,대구광역시 달서구 파호동 24 성서우방유쉘,대구광역시 달서구 달구벌대로 995,20071030,5,347,개별난방,도시가스,대성에너지,35.8536428,128.4753634,,FALSE
대구광역시,달서구,,신당동,A70474903,대구성서1,아파트,대구광역시 달서구 신당동 1844 대구성서1,대구광역시 달서구 신당로 56,19950504,13,1877,지역난방,도시가스,한국지역난방공사,35.8524866,128.4978659,성서지구,TRUE
대구광역시,달서구,,신당동,A70477604,대구성서3,아파트,대구광역시 달서구 신당동 1846 대구성서3,대구광역시 달서구 신당로 55,19950504,5,835,지역난방,도시가스,한국지역난방공사,35.8545202,128.4979521,성서지구,TRUE
대구광역시,달서구,,신당동,A70477602,성서주공2단지아파트,아파트,대구광역시 달서구 신당동 1846 성서주공2단지아파트,대구광역시 달서구 신당로 55,19950504,10,1412,지역난방,도시가스,한국지역난방공사,35.8545202,128.4979521,성서지구,TRUE
대구광역시,달서구,,신당동,A70491901,신당한화꿈에그린아파트,아파트,대구광역시 달서구 신당동 682-30 신당한화꿈에그린아파트,대구광역시 달서구 달서대로 719,20050927,10,833,개별난방,도시가스,대성에너지,35.8636834,128.4894564,,FALSE
대구광역시,달서구,,이곡동,A70477904,보성화성타운,아파트,대구광역시 달서구 이곡동 1191 보성화성타운,대구광역시 달서구 계대동문로 99,19941028,9,1240,개별난방,도시가스,대성에너지,35.8561847,128.5031428,성서지구,TRUE
대구광역시,달서구,,이곡동,A70492907,성서2차서한타운,아파트,대구광역시 달서구 이곡동 1308-1 성서2차서한타운,대구광역시 달서구 선원로 122,19970905,6,714,지역난방,도시가스,한국지역난방공사,35.8580513,128.5057909,성서지구,TRUE
대구광역시,달서구,,이곡동,A70492902,성서2차화성타운,아파트,대구광역시 달서구 이곡동 1300-1 성서2차화성타운,대구광역시 달서구 성서동로 355-20,19971216,4,365,지역난방,도시가스,한국지역난방공사,35.8531288,128.5132929,성서지구,TRUE
대구광역시,달서구,,이곡동,A70492901,성서3차동서타운,아파트,대구광역시 달서구 이곡동 1304-5 성서3차동서타운,대구광역시 달서구 이곡공원로 49,19980206,2,294,지역난방,도시가스,한국지역난방공사,35.8556876,128.5134948,성서지구,TRUE
대구광역시,달서구,,이곡동,A70477703,성서대백창신한라타운,아파트,대구광역시 달서구 이곡동 1194-2 성서대백창신한라타운,대구광역시 달서구 성서서로 316,19941014,6,876,개별난방,도시가스,대성에너지,35.8529749,128.5009376,성서지구,TRUE
대구광역시,달서구,,이곡동,A70471301,성서동서서한타운,아파트,대구광역시 달서구 이곡동 1189-2 성서동서서한타운,대구광역시 달서구 선원로 100,19941018,7,974,개별난방,도시가스,대성에너지,35.858209,128.5032069,성서지구,TRUE
대구광역시,달서구,,이곡동,A70492911,성서동서화성타운,아파트,대구광역시 달서구 이곡동 1304-1 성서동서화성타운,대구광역시 달서구 이곡공원로 33,19971222,8,1256,지역난방,도시가스,한국지역난방공사,35.856146,128.5113722,성서지구,TRUE
대구광역시,달서구,,이곡동,A70492904,성서무지개아파트,아파트,대구광역시 달서구 이곡동 1332 성서무지개아파트,대구광역시 달서구 선원로 171,19971226,4,574,지역난방,도시가스,한국지역난방공사,35.860026,128.511864,성서지구,TRUE
대구광역시,달서구,,이곡동,A70478002,성서우방타운,아파트,대구광역시 달서구 이곡동 1192 성서우방타운,대구광역시 달서구 계대동문로 123,19940820,6,765,개별난방,도시가스,대성에너지,35.8562181,128.5057951,성서지구,TRUE
대구광역시,달서구,,이곡동,A70492803,성서주공4단지,아파트,대구광역시 달서구 이곡동 1258-3 성서주공4단지,대구광역시 달서구 성서동로 355-27,19961122,6,570,지역난방,도시가스,한국지역난방공사,35.8516862,128.5123711,성서지구,TRUE
대구광역시,달서구,,이곡동,A70478601,성서청남타운,아파트,대구광역시 달서구 이곡동 1194 성서청남타운,대구광역시 달서구 성서서로 330,19940826,6,616,개별난방,도시가스,대성에너지,35.8544756,128.500963,성서지구,TRUE
대구광역시,달서구,,이곡동,A70492906,성서푸른마을아파트,아파트,대구광역시 달서구 이곡동 1330 성서푸른마을아파트,대구광역시 달서구 선원로 137,19971129,6,672,지역난방,도시가스,한국지역난방공사,35.8596509,128.5088445,성서지구,TRUE
대구광역시,달서구,,이곡동,A70492912,성서한빛마을,아파트,대구광역시 달서구 이곡동 1306-4 성서한빛마을,대구광역시 달서구 선원남로 99,19980402,17,1461,지역난방,도시가스,한국지역난방공사,35.8580657,128.5117776,성서지구,TRUE
대구광역시,달서구,,이곡동,A70492909,성서한샘타운,아파트,대구광역시 달서구 이곡동 1306-1 성서한샘타운,대구광역시 달서구 선원남로 77,19971121,6,1026,지역난방,도시가스,한국지역난방공사,35.8580073,128.5087848,성서지구,TRUE
대구광역시,달서구,,이곡동,A70492805,와룡타운,아파트,대구광역시 달서구 이곡동 1256 와룡타운,대구광역시 달서구 이곡동로 32,19940705,6,630,개별난방,도시가스,대성에너지,35.8532092,128.5115521,성서지구,TRUE
대구광역시,달서구,,장기동,A70472701,영남네오빌비스타,주상복합,대구광역시 달서구 장기동 551 영남네오빌비스타,대구광역시 달서구 대명천로 250,20050518,2,272,개별난방,도시가스,대성에너지,35.8422643,128.5330868,,FALSE
대구광역시,달서구,,장기동,A70418002,장기누림타운,아파트,대구광역시 달서구 장기동 812 장기누림타운,대구광역시 달서구 한들로 31,20020731,4,356,지역난방,도시가스,한국지역난방공사,35.8473263,128.528521,장기지구,TRUE
대구광역시,달서구,,장기동,A10027401,장기동협성휴포레,아파트,대구광역시 달서구 장기동 535 장기동협성휴포레,대구광역시 달서구 장기로 252,20160825,2,155,개별난방,도시가스,대성에너지,35.8439467,128.5328473,,FALSE
대구광역시,달서구,,장기동,A70418003,장기영남네오빌파크,아파트,대구광역시 달서구 장기동 809 장기영남네오빌파크,대구광역시 달서구 한들로 36,20040422,7,836,지역난방,도시가스,한국지역난방공사,35.8474452,128.5262946,장기지구,TRUE
대구광역시,달서구,,장기동,A70472702,장기주공아파트,아파트,대구광역시 달서구 장기동 515 장기주공아파트,대구광역시 달서구 용산로 88,20050412,5,705,지역난방,도시가스,한국지역난방공사,35.8457748,128.5316258,,FALSE
대구광역시,달서구,,장기동,A70418004,장기초록나라,아파트,대구광역시 달서구 장기동 813-1 장기초록나라,대구광역시 달서구 한들로 55,20000731,12,976,지역난방,도시가스,한국지역난방공사,35.8456457,128.5292912,장기지구,TRUE
대구광역시,달서구,,장기동,A70418005,장기파랑새마을아파트,아파트,대구광역시 달서구 장기동 814-1 장기파랑새마을아파트,대구광역시 달서구 한들로 70,20000728,13,1216,지역난방,도시가스,한국지역난방공사,35.8452899,128.5268458,장기지구,TRUE
대구광역시,달서구,,장기동,A10022376,죽전역동서프라임,주상복합,대구광역시 달서구 장기동 548-2 죽전역동서프라임,대구광역시 달서구 대명천로 234,20240709,1,148,개별난방,도시가스,대성에너지,35.8400325,128.5434753,,FALSE
대구광역시,달서구,,장기동,A10025455,죽전역코오롱하늘채,아파트,대구광역시 달서구 장기동 542-4 죽전역코오롱하늘채,대구광역시 달서구 용산로12길 77,20190607,4,476,지역난방,도시가스,한국지역난방공사,35.8428686,128.5348393,,FALSE
대구광역시,달서구,,용산동,A10022751,대구용산자이,아파트,대구광역시 달서구 용산동 997 대구용산자이,대구광역시 달서구 달구벌대로 1515,20240228,4,429,개별난방,도시가스,대성에너지,35.8547047,128.5255562,용산지구,TRUE
대구광역시,달서구,,용산동,A70492506,성서1차영남우방타운,아파트,대구광역시 달서구 용산동 414-1 성서1차영남우방타운,대구광역시 달서구 성지로 11,19971126,4,836,지역난방,도시가스,한국지역난방공사,35.8543848,128.5167205,성서지구,TRUE
대구광역시,달서구,,용산동,A70474303,성서2차보성타운,아파트,대구광역시 달서구 용산동 501-2 성서2차보성타운,대구광역시 달서구 선원로 241,19971030,7,1012,지역난방,도시가스,한국지역난방공사,35.8594106,128.5185494,성서지구,TRUE
대구광역시,달서구,,용산동,A70492504,성서2차영남우방타운,아파트,대구광역시 달서구 용산동 416-1 성서2차영남우방타운,대구광역시 달서구 이곡공원로 83,19971226,6,794,지역난방,도시가스,한국지역난방공사,35.8560726,128.5167104,성서지구,TRUE
대구광역시,달서구,,용산동,A70492501,성서6주공,아파트,대구광역시 달서구 용산동 414-4 성서6주공,대구광역시 달서구 성지로 35,19981102,4,464,지역난방,도시가스,한국지역난방공사,35.8543745,128.5195095,성서지구,TRUE
대구광역시,달서구,,용산동,A70492507,성서보람타운,아파트,대구광역시 달서구 용산동 410-2 성서보람타운,대구광역시 달서구 새동네로 34,19970314,8,918,지역난방,도시가스,한국지역난방공사,35.8515413,128.5192813,성서지구,TRUE
대구광역시,달서구,,용산동,A70474301,성서주공5단지,아파트,대구광역시 달서구 용산동 419-5 성서주공5단지,대구광역시 달서구 선원남로 181,19971219,11,891,지역난방,도시가스,한국지역난방공사,35.8579851,128.5197712,성서지구,TRUE
대구광역시,달서구,,용산동,A70492502,성서주공6-1단지,아파트,대구광역시 달서구 용산동 414-4 성서주공6-1단지,대구광역시 달서구 성지로 35,19971219,7,570,지역난방,도시가스,한국지역난방공사,35.8543745,128.5195095,성서지구,TRUE
대구광역시,달서구,,용산동,A70492505,성서주공7단지,아파트,대구광역시 달서구 용산동 412-1 성서주공7단지,대구광역시 달서구 성지로 12,19971113,11,794,지역난방,도시가스,한국지역난방공사,35.8529674,128.5167141,성서지구,TRUE
대구광역시,달서구,,용산동,A70492503,성서주공8단지,아파트,대구광역시 달서구 용산동 412-5 성서주공8단지,대구광역시 달서구 성지로 42,19971020,9,693,지역난방,도시가스,한국지역난방공사,35.8529455,128.5200933,성서지구,TRUE
대구광역시,달서구,,용산동,A70492508,성서청구타운,아파트,대구광역시 달서구 용산동 416-5 성서청구타운,대구광역시 달서구 성지로 75,19971219,5,940,지역난방,도시가스,한국지역난방공사,35.8559379,128.5197507,성서지구,TRUE
대구광역시,달서구,,용산동,A70474302,성서한마음타운,아파트,대구광역시 달서구 용산동 419-1 성서한마음타운,대구광역시 달서구 선원남로 151,19971125,6,996,지역난방,도시가스,한국지역난방공사,35.8579266,128.5167418,성서지구,TRUE
대구광역시,달서구,,용산동,A70492305,용산1차서한화성타운,아파트,대구광역시 달서구 용산동 955 용산1차서한화성타운,대구광역시 달서구 장산로 10,19981116,6,478,지역난방,도시가스,한국지역난방공사,35.8548254,128.5296027,용산지구,TRUE
대구광역시,달서구,,용산동,A70492606,용산2차서한화성타운,아파트,대구광역시 달서구 용산동 919 용산2차서한화성타운,대구광역시 달서구 용산큰못길 30,19990310,6,492,지역난방,도시가스,한국지역난방공사,35.859525,128.5280818,용산지구,TRUE
대구광역시,달서구,,용산동,A70492604,용산2차우방타운,아파트,대구광역시 달서구 용산동 928 용산2차우방타운,대구광역시 달서구 용산서로 38,19991025,3,379,지역난방,도시가스,한국지역난방공사,35.8580964,128.526419,용산지구,TRUE
대구광역시,달서구,,용산동,A70492307,용산동서우방타운,아파트,대구광역시 달서구 용산동 956 용산동서우방타운,대구광역시 달서구 장산로 20,19981127,6,496,지역난방,도시가스,한국지역난방공사,35.854811,128.527999,용산지구,TRUE
대구광역시,달서구,,용산동,A70492319,용산롯데캐슬그랜드,아파트,대구광역시 달서구 용산동 230-10 용산롯데캐슬그랜드,대구광역시 달서구 장산남로 33,20040529,10,1619,지역난방,도시가스,한국지역난방공사,35.8508499,128.5266605,,FALSE
대구광역시,달서구,,용산동,A70492602,용산보성타운,아파트,대구광역시 달서구 용산동 937 용산보성타운,대구광역시 달서구 용산서로 37,19991230,4,345,지역난방,도시가스,한국지역난방공사,35.8567487,128.526497,용산지구,TRUE
대구광역시,달서구,,용산동,A70492610,용산세광태왕2차,아파트,대구광역시 달서구 용산동 935 용산세광태왕2차,대구광역시 달서구 용산서로 9,19990528,6,564,지역난방,도시가스,한국지역난방공사,35.8567587,128.5295959,용산지구,TRUE
대구광역시,달서구,,용산동,A70492603,용산영남타운,아파트,대구광역시 달서구 용산동 914 용산영남타운,대구광역시 달서구 용산로 266,19981203,3,352,지역난방,도시가스,한국지역난방공사,35.8608545,128.5323595,용산지구,TRUE
대구광역시,달서구,,용산동,A70492609,용산우방미진태왕타운,아파트,대구광역시 달서구 용산동 936 용산우방미진태왕타운,대구광역시 달서구 용산서로 21,19981127,6,544,지역난방,도시가스,한국지역난방공사,35.8567543,128.5279913,용산지구,TRUE
대구광역시,달서구,,용산동,A70471701,용산우방타운,아파트,대구광역시 달서구 용산동 807 용산우방타운,대구광역시 달서구 용산로 174,19970626,4,334,개별난방,도시가스,대성에너지,35.8532483,128.5312153,,FALSE
대구광역시,달서구,,용산동,A70492612,용산청구블루빌,아파트,대구광역시 달서구 용산동 917 용산청구블루빌,대구광역시 달서구 용산로 254,20000614,6,584,지역난방,도시가스,한국지역난방공사,35.8595636,128.5316703,용산지구,TRUE
대구광역시,달서구,,용산동,A70492601,용산청구타운,아파트,대구광역시 달서구 용산동 929 용산청구타운,대구광역시 달서구 용산서로 22,19990828,4,282,지역난방,도시가스,한국지역난방공사,35.8581014,128.527989,용산지구,TRUE
대구광역시,달서구,,용산동,A70492615,용산파크타운,아파트,대구광역시 달서구 용산동 911 용산파크타운,대구광역시 달서구 용산로 259,20000729,10,802,지역난방,도시가스,한국지역난방공사,35.8608842,128.5280639,용산지구,TRUE
대구광역시,달서구,,용산동,A70492608,용산현대우방타운,아파트,대구광역시 달서구 용산동 918 용산현대우방타운,대구광역시 달서구 용산로 253,19990730,4,496,지역난방,도시가스,한국지역난방공사,35.8595296,128.5296861,용산지구,TRUE
대구광역시,달서구,,용산동,A70492314,우방죽전타운,아파트,대구광역시 달서구 용산동 221 우방죽전타운,대구광역시 달서구 용산로 160,19970829,8,792,지역난방,도시가스,한국지역난방공사,35.8510151,128.5313367,,FALSE
대구광역시,달서구,,용산동,A70492611,평화타운,아파트,대구광역시 달서구 용산동 905 평화타운,대구광역시 달서구 성서동로 350,19941115,6,579,개별난방,도시가스,대성에너지,35.8514997,128.5168516,성서지구,TRUE
대구광역시,달서구,,죽전동,A70493201,동화로즈빌,아파트,대구광역시 달서구 죽전동 251 동화로즈빌,대구광역시 달서구 죽전1길 82,20010508,3,348,개별난방,도시가스,대성에너지,35.852965,128.5391055,,FALSE
대구광역시,달서구,,죽전동,A10023084,빌리브 죽전,,대구광역시 달서구 죽전동 279-1 빌리브 죽전,대구광역시 달서구 달구벌대로 1581,20230504,1,176,개별난방,도시가스,대성에너지,,,,FALSE
대구광역시,달서구,,죽전동,A70493202,죽전그린빌,아파트,대구광역시 달서구 죽전동 368 죽전그린빌,대구광역시 달서구 와룡로53길 40,20030519,9,494,지역난방,도시가스,한국지역난방공사,35.8573876,128.5358213,,FALSE
대구광역시,달서구,,죽전동,A10022743,죽전역에일린의뜰,아파트,대구광역시 달서구 죽전동 204-1 죽전역에일린의뜰,대구광역시 달서구 와룡로 254,20240227,11,959,개별난방,도시가스,대성에너지,35.8553674,128.5376753,,FALSE
대구광역시,달서구,,감삼동,A10021410,감삼우방맨션,아파트,대구광역시 달서구 감삼동 105-2 감삼우방맨션,대구광역시 달서구 당산로 187,19971110,1,120,개별난방,도시가스,대성에너지,35.8534227,128.5479071,,FALSE
대구광역시,달서구,,감삼동,A10023468,빌리브스카이,주상복합,대구광역시 달서구 감삼동 141-5 빌리브스카이,대구광역시 달서구 와룡로 186,20220812,3,504,지역난방,도시가스,한국지역난방공사,35.8450523,128.5368192,,FALSE
대구광역시,달서구,,감삼동,A70496103,삼정브리티시용산,주상복합,대구광역시 달서구 감삼동 702 삼정브리티시용산,대구광역시 달서구 달구벌대로 1530,20130510,5,767,개별난방,도시가스,대성에너지,35.8489532,128.5337426,,FALSE
대구광역시,달서구,,감삼동,A70490402,성당코오롱하늘채,아파트,대구광역시 달서구 감삼동 287-57 성당코오롱하늘채,대구광역시 달서구 장기로 160,20070810,7,784,지역난방,도시가스,한국지역난방공사,35.8441871,128.5429733,,FALSE
대구광역시,달서구,,감삼동,A70490503,우방드림시티,아파트,대구광역시 달서구 감삼동 521 우방드림시티,대구광역시 달서구 장기로 242,20030310,17,2160,지역난방,도시가스,한국지역난방공사,35.8452833,128.5345139,,FALSE
대구광역시,달서구,,감삼동,A70496102,월드마크웨스트엔드,주상복합,대구광역시 달서구 감삼동 461 월드마크웨스트엔드,대구광역시 달서구 와룡로 169,20100826,7,994,개별난방,도시가스,대성에너지,35.8482582,128.5359789,,FALSE
대구광역시,달서구,,감삼동,A10023655,죽전역동화아이위시,아파트,대구광역시 달서구 감삼동 492-2 죽전역동화아이위시,대구광역시 달서구 와룡로 123,20220720,3,392,개별난방,도시가스,대성에너지,35.8450523,128.5368192,,FALSE
대구광역시,달서구,,감삼동,A10022906,죽전역코아루더리브,아파트,대구광역시 달서구 감삼동 573 죽전역코아루더리브,대구광역시 달서구 용산로24길 40,20231117,2,274,개별난방,도시가스,대성에너지,35.8486076,128.5330571,,FALSE
대구광역시,달서구,,감삼동,A10022607,죽전역해링턴플레이스더베스트,,대구광역시 달서구 감삼동 567-1 죽전역해링턴플레이스더베스트,대구광역시 달서구 와룡로33길 20,20240412,1,200,개별난방,도시가스,대성에너지,35.847261,128.5334645,,FALSE
대구광역시,달서구,,감삼동,A10023220,죽전역해링턴플레이스더원,아파트,대구광역시 달서구 감삼동 560-1 죽전역해링턴플레이스더원,대구광역시 달서구 와룡로31길 16,20230517,1,200,개별난방,도시가스,대성에너지,35.846498,128.5345373,,FALSE
대구광역시,달서구,,감삼동,A10023552,죽전역화성파크드림,아파트,대구광역시 달서구 감삼동 582-5 죽전역화성파크드림,대구광역시 달서구 달구벌대로304길 60,20221025,2,144,개별난방,도시가스,대성에너지,35.8472872,128.532494,,FALSE
대구광역시,달서구,,감삼동,A10022518,힐스테이트 감삼센트럴,,대구광역시 달서구 감삼동 719- 힐스테이트 감삼센트럴,대구광역시 달서구 달구벌대로308길 30,20240621,2,393,개별난방,도시가스,대성에너지,35.8484745,128.5343462,,FALSE
대구광역시,달서구,,감삼동,A10023602,힐스테이트죽전역더퍼스트,,대구광역시 달서구 감삼동 556 힐스테이트죽전역더퍼스트,대구광역시 달서구 와룡로31길 26,20220930,3,391,개별난방,도시가스,대성에너지,35.846498,128.5345373,,FALSE
대구광역시,달서구,,본리동,A10022501,달서SK뷰,,"대구광역시 달서구 본리동 433,대구광역시 달서구 본리동 1224- 달서SK뷰",대구광역시 달서구 용산로 40,20240627,9,1196,지역난방,도시가스,한국지역난방공사,35.8512601,128.5305056,,FALSE
대구광역시,달서구,,본리동,A70491401,달서유림노르웨이숲,주상복합,대구광역시 달서구 본리동 401-1 달서유림노르웨이숲,대구광역시 달서구 와룡로 67,20081031,2,172,개별난방,도시가스,대성에너지,35.8387407,128.5363286,,FALSE
대구광역시,달서구,,본리동,A10024651,더샵달서센트럴,아파트,대구광역시 달서구 본리동 300-1 더샵달서센트럴,대구광역시 달서구 당산로 17,20200827,10,789,개별난방,도시가스,대성에너지,35.8384189,128.5438799,,FALSE
대구광역시,달서구,,본리동,A10022584,두산위브더제니스 센트럴 달서,아파트,대구광역시 달서구 본리동 360-3 두산위브더제니스 센트럴 달서,대구광역시 달서구 와룡로 80,20240530,2,316,개별난방,도시가스,대성에너지,35.8397657,128.5374902,,FALSE
대구광역시,달서구,,본리동,A70491308,본리롯데캐슬,아파트,대구광역시 달서구 본리동 193-3 본리롯데캐슬,대구광역시 달서구 대명천로 101,20080911,7,528,지역난방,도시가스,한국지역난방공사,35.8386914,128.5477929,,FALSE
대구광역시,달서구,,본리동,A70491307,본리롯데캐슬2차,아파트,대구광역시 달서구 본리동 196-1 본리롯데캐슬2차,대구광역시 달서구 대명천로 119,20090302,6,473,지역난방,도시가스,한국지역난방공사,35.8387551,128.5459067,,FALSE
대구광역시,달서구,,본리동,A70491210,성당래미안e-편한세상1단지,아파트,대구광역시 달서구 본리동 74-1 성당래미안e-편한세상1단지,대구광역시 달서구 장기로 189,20090721,10,1036,지역난방,도시가스,한국지역난방공사,35.8420855,128.540503,,FALSE
대구광역시,달서구,,본리동,A70491211,성당래미안e-편한세상2단지,아파트,대구광역시 달서구 본리동 76-1 성당래미안e-편한세상2단지,대구광역시 달서구 장기로 145,20090721,19,1608,지역난방,도시가스,한국지역난방공사,35.8421309,128.5431647,,FALSE
대구광역시,달서구,,본리동,A10025001,성당우방아파트,아파트,대구광역시 달서구 본리동 210-1 성당우방아파트,대구광역시 달서구 구마로 171,19850327,6,265,개별난방,도시가스,대성에너지,35.8377277,128.5457851,,FALSE
대구광역시,달서구,,본리동,A70491305,우방아카시아,아파트,대구광역시 달서구 본리동 306-1 우방아카시아,대구광역시 달서구 대명천로 153,19870429,5,330,개별난방,도시가스,대성에너지,35.8385999,128.5422198,,FALSE
대구광역시,달서구,,본리동,A70491402,유림 노르웨이아침,주상복합,대구광역시 달서구 본리동 352-4 유림 노르웨이아침,대구광역시 달서구 구마로 97,20080721,2,178,개별난방,도시가스,대성에너지,35.8377756,128.5383931,,FALSE
대구광역시,달서구,,본리동,A10022778,죽전역 태왕아너스,아파트,대구광역시 달서구 본리동 1-3 죽전역 태왕아너스,대구광역시 달서구 와룡로 111,20240126,2,230,개별난방,도시가스,대성에너지,35.8450523,128.5368192,,FALSE
대구광역시,달서구,,상인동,A70437010,보성산호타운,아파트,대구광역시 달서구 상인동 1474-1 보성산호타운,대구광역시 달서구 상화북로 159,19890225,7,320,개별난방,도시가스,대성에너지,35.8122948,128.5433291,,FALSE
대구광역시,달서구,,상인동,A70437033,보성은하타운,아파트,대구광역시 달서구 상인동 42 보성은하타운,대구광역시 달서구 월곡로 320,19940408,9,1521,지역난방,도시가스,한국지역난방공사,35.8225524,128.5355313,,FALSE
대구광역시,달서구,,상인동,A70437027,비둘기아파트,아파트,대구광역시 달서구 상인동 1563 비둘기아파트,대구광역시 달서구 상화로 371,19931221,11,2824,개별난방,도시가스,대성에너지,35.8092681,128.5530059,,FALSE
대구광역시,달서구,,상인동,A70437001,삼미타운,아파트,대구광역시 달서구 상인동 351-2 삼미타운,대구광역시 달서구 월배로34길 27,19940725,1,154,개별난방,도시가스,대성에너지,35.8153383,128.5330341,,FALSE
대구광역시,달서구,,상인동,A70437017,상인낙원아파트,아파트,대구광역시 달서구 상인동 1473 상인낙원아파트,대구광역시 달서구 월곡로45길 49,19881221,8,430,개별난방,도시가스,대성에너지,35.8129366,128.5397098,,FALSE
대구광역시,달서구,,상인동,A70480801,상인대성스카이렉스,주상복합,대구광역시 달서구 상인동 171-1 상인대성스카이렉스,대구광역시 달서구 월배로 183,20070807,4,386,개별난방,도시가스,대성에너지,35.8181693,128.5334098,,FALSE
대구광역시,달서구,,상인동,A70437014,상인동서타운,아파트,대구광역시 달서구 상인동 1524 상인동서타운,대구광역시 달서구 상인서로 39,19930706,4,415,개별난방,도시가스,대성에너지,35.813703,128.5442226,,FALSE
대구광역시,달서구,,상인동,A70437011,상인동화아이위시,아파트,대구광역시 달서구 상인동 1106-1 상인동화아이위시,대구광역시 달서구 월곡로 171,19940625,3,380,개별난방,도시가스,대성에너지,35.8109648,128.5451667,,FALSE
대구광역시,달서구,,상인동,A70437026,상인동화태왕타운,아파트,"대구광역시 달서구 상인동 1501,대구광역시 달서구 상인동 1501,대구광역시 달서구 상인동 1501 상인동화태왕타운",대구광역시 달서구 상인서로 94,19930925,7,702,개별난방,도시가스,대성에너지,35.8186368,128.5418942,,FALSE
대구광역시,달서구,,상인동,A70437008,상인보성타운,아파트,대구광역시 달서구 상인동 1515 상인보성타운,대구광역시 달서구 상인서로 75,19930707,3,317,개별난방,도시가스,대성에너지,35.8161344,128.5415095,,FALSE
대구광역시,달서구,,상인동,A70437015,상인서한타운,아파트,대구광역시 달서구 상인동 1521 상인서한타운,대구광역시 달서구 상인서로 46,19930817,5,424,개별난방,도시가스,대성에너지,35.8149843,128.5446732,,FALSE
대구광역시,달서구,,상인동,A70475403,상인성지아파트,아파트,대구광역시 달서구 상인동 1522 상인성지아파트,대구광역시 달서구 상화북로 195,19931231,2,214,개별난방,도시가스,대성에너지,35.8145232,128.5468054,,FALSE
대구광역시,달서구,,상인동,A70475406,상인역KCC스위첸,아파트,대구광역시 달서구 상인동 95 상인역KCC스위첸,대구광역시 달서구 월배로39길 26,20091029,3,293,지역난방,도시가스,한국지역난방공사,35.8198512,128.5336171,,FALSE
대구광역시,달서구,,상인동,A70437030,상인역e-편한세상,아파트,"대구광역시 달서구 상인동 113,대구광역시 달서구 상인동 87 상인역e-편한세상",대구광역시 달서구 월서로3길 15,20081029,10,1053,지역난방,도시가스,한국지역난방공사,35.8202208,128.5350733,,FALSE
대구광역시,달서구,,상인동,A10025126,상인역모아엘가파크뷰,아파트,대구광역시 달서구 상인동 1600 상인역모아엘가파크뷰,대구광역시 달서구 상화북로 162,20191210,5,598,개별난방,도시가스,대성에너지,35.8111561,128.5432299,,FALSE
대구광역시,달서구,,상인동,A70437025,상인역신일해피트리,아파트,대구광역시 달서구 상인동 150-11 상인역신일해피트리,대구광역시 달서구 월서로 31,20070323,7,678,지역난방,도시가스,한국지역난방공사,35.8193924,128.5322385,,FALSE
대구광역시,달서구,,상인동,A70437028,상인영남화성아파트,아파트,대구광역시 달서구 상인동 1517 상인영남화성아파트,대구광역시 달서구 상인서로 76,19930716,6,758,개별난방,도시가스,대성에너지,35.8173789,128.5431861,,FALSE
대구광역시,달서구,,상인동,A70437009,상인우방타운,아파트,대구광역시 달서구 상인동 1516 상인우방타운,대구광역시 달서구 상인서로 65,19930625,3,317,개별난방,도시가스,대성에너지,35.8153528,128.5424681,,FALSE
대구광역시,달서구,,상인동,A70437016,상인은행아파트,아파트,대구광역시 달서구 상인동 1587 상인은행아파트,대구광역시 달서구 월곡로 112,19931018,3,430,개별난방,도시가스,대성에너지,35.8075817,128.5506385,,FALSE
대구광역시,달서구,,상인동,A70437102,상인자이아파트,아파트,대구광역시 달서구 상인동 142 상인자이아파트,대구광역시 달서구 상원로 142,20070222,7,646,지역난방,도시가스,한국지역난방공사,35.8210611,128.5305339,,FALSE
대구광역시,달서구,,상인동,A70437022,상인장미3단지,아파트,대구광역시 달서구 상인동 1591 상인장미3단지,대구광역시 달서구 상화로 370,19930924,3,540,개별난방,도시가스,대성에너지,35.8076704,128.553209,,FALSE
대구광역시,달서구,,상인동,A70437029,상인장미4단지,아파트,대구광역시 달서구 상인동 1592 상인장미4단지,대구광역시 달서구 상화로 380,19930924,4,760,개별난방,도시가스,대성에너지,35.8076843,128.5566991,,FALSE
대구광역시,달서구,,상인동,A70437018,상인제림타운,아파트,대구광역시 달서구 상인동 1551 상인제림타운,대구광역시 달서구 상화북로 196,19930819,3,435,개별난방,도시가스,대성에너지,35.8133377,128.5479512,,FALSE
대구광역시,달서구,,상인동,A70437002,상인중석타운,아파트,대구광역시 달서구 상인동 72-1 상인중석타운,대구광역시 달서구 월곡로 291,19970819,1,166,개별난방,도시가스,대성에너지,35.8192919,128.536328,,FALSE
대구광역시,달서구,,상인동,A70437013,상인청구타운,아파트,대구광역시 달서구 상인동 1520 상인청구타운,대구광역시 달서구 상인로 105,19930527,5,412,개별난방,도시가스,대성에너지,35.8156672,128.5455636,,FALSE
대구광역시,달서구,,상인동,A70437012,상인평광맨션,아파트,대구광역시 달서구 상인동 1557 상인평광맨션,대구광역시 달서구 상인서로 3,19930802,3,380,개별난방,도시가스,대성에너지,35.8115862,128.5465003,,FALSE
대구광역시,달서구,,상인동,A70437035,상인푸르지오,아파트,대구광역시 달서구 상인동 1598 상인푸르지오,대구광역시 달서구 상화로 235,20100621,6,698,지역난방,도시가스,한국지역난방공사,35.8105088,128.5392039,,FALSE
대구광역시,달서구,,상인동,A70437004,상인한서타운,아파트,대구광역시 달서구 상인동 1522 상인한서타운,대구광역시 달서구 상화북로 195,19940404,2,214,개별난방,도시가스,대성에너지,35.8145232,128.5468054,,FALSE
대구광역시,달서구,,상인동,A70475404,상인현대동방타운,아파트,대구광역시 달서구 상인동 1514 상인현대동방타운,대구광역시 달서구 상인서로 85,19930713,4,440,개별난방,도시가스,대성에너지,35.8171596,128.5406575,,FALSE
대구광역시,달서구,,상인동,A70437034,상인화성파크드림아파트,아파트,"대구광역시 달서구 상인동 1596,대구광역시 달서구 상인동 1597 상인화성파크드림아파트",대구광역시 달서구 송현로7길 10,20101101,27,2420,지역난방,도시가스,한국지역난방공사,35.8217218,128.5456222,,FALSE
대구광역시,달서구,,상인동,A70437006,상인화성하이츠,아파트,대구광역시 달서구 상인동 750 상인화성하이츠,대구광역시 달서구 월배로 245,19991222,3,222,지역난방,도시가스,한국지역난방공사,35.8205999,128.5400154,,FALSE
대구광역시,달서구,,상인동,A70437003,세경백조3차아파트,아파트,대구광역시 달서구 상인동 1475 세경백조3차아파트,대구광역시 달서구 상화북로 160,19940531,1,180,개별난방,도시가스,대성에너지,35.8123013,128.5393143,,FALSE
대구광역시,달서구,,상인동,A70437020,우방청자아파트,아파트,대구광역시 달서구 상인동 1473-1 우방청자아파트,대구광역시 달서구 상화북로 117,19890422,9,440,개별난방,도시가스,대성에너지,35.8118652,128.5394176,,FALSE
대구광역시,달서구,,상인동,A70437007,월촌화성타운,아파트,대구광역시 달서구 상인동 821 월촌화성타운,대구광역시 달서구 송현로7길 41,19991229,4,452,지역난방,도시가스,한국지역난방공사,35.8190881,128.5479114,,FALSE
대구광역시,달서구,,상인동,A70437021,한양은하,아파트,대구광역시 달서구 상인동 1474 한양은하,대구광역시 달서구 상화북로 137,19890228,13,520,지역난방,도시가스,한국지역난방공사,35.8120129,128.54155,,FALSE
대구광역시,달서구,,도원동,A70479103,가람마을2단지,아파트,대구광역시 달서구 도원동 1439 가람마을2단지,대구광역시 달서구 한실로 135,19970320,11,920,지역난방,도시가스,한국지역난방공사,35.8075496,128.5412112,대곡지구,TRUE
대구광역시,달서구,,도원동,A70479407,대곡2단지미리샘마을,아파트,대구광역시 달서구 도원동 1444 대곡2단지미리샘마을,대구광역시 달서구 한실로 134,19980320,14,1120,지역난방,도시가스,한국지역난방공사,35.8056647,128.5413414,대곡지구,TRUE
대구광역시,달서구,,도원동,A70479512,대곡6단지별메마을,아파트,대구광역시 달서구 도원동 1442 대곡6단지별메마을,대구광역시 달서구 도원로 46,19960826,18,1594,지역난방,도시가스,한국지역난방공사,35.8055803,128.5342567,대곡지구,TRUE
대구광역시,달서구,,도원동,A70479709,대곡7단지산새마을,아파트,대구광역시 달서구 도원동 1457 대곡7단지산새마을,대구광역시 달서구 도원남로 40,19960820,15,1302,지역난방,도시가스,한국지역난방공사,35.8033824,128.5342614,대곡지구,TRUE
대구광역시,달서구,,도원동,A70479810,대곡9단지아람마을,아파트,대구광역시 달서구 도원동 1440 대곡9단지아람마을,대구광역시 달서구 한실로 30,19970418,15,1348,지역난방,도시가스,한국지역난방공사,35.8065244,128.5302041,대곡지구,TRUE
대구광역시,달서구,,도원동,A70479211,대곡강산타운,아파트,대구광역시 달서구 도원동 1443 대곡강산타운,대구광역시 달서구 도원로 45,19971212,14,1480,지역난방,도시가스,한국지역난방공사,35.805399,128.537494,대곡지구,TRUE
대구광역시,달서구,,도원동,A70479304,대곡나래마을,아파트,대구광역시 달서구 도원동 1428 대곡나래마을,대구광역시 달서구 한실로 29,19970418,15,1060,지역난방,도시가스,한국지역난방공사,35.8084731,128.5298072,대곡지구,TRUE
대구광역시,달서구,,도원동,A70479113,대구가람1,아파트,대구광역시 달서구 도원동 1439 대구가람1,대구광역시 달서구 한실로 135,19970320,5,526,지역난방,도시가스,한국지역난방공사,35.8075496,128.5412112,대곡지구,TRUE
대구광역시,달서구,,도원동,A70479914,대구한실들1,아파트,대구광역시 달서구 도원동 1429 대구한실들1,대구광역시 달서구 한실로 49,19960825,5,534,지역난방,도시가스,한국지역난방공사,35.8085095,128.5338546,대곡지구,TRUE
대구광역시,달서구,,도원동,A70480202,롯데캐슬레이크,아파트,대구광역시 달서구 도원동 677-1 롯데캐슬레이크,대구광역시 달서구 상화로58길 86,20050329,8,910,개별난방,도시가스,대성에너지,35.8053293,128.5492234,,FALSE
대구광역시,달서구,,도원동,A70479608,사계절타운,아파트,대구광역시 달서구 도원동 1438 사계절타운,대구광역시 달서구 한실로 117,19970920,14,1200,지역난방,도시가스,한국지역난방공사,35.8082176,128.5383235,대곡지구,TRUE
대구광역시,달서구,,도원동,A10028127,서한이다음 레이크뷰,아파트,대구광역시 달서구 도원동 639 서한이다음 레이크뷰,대구광역시 달서구 상화로58길 35,20150120,8,633,개별난방,도시가스,대성에너지,35.8069165,128.547483,,FALSE
대구광역시,달서구,,도원동,A70479905,한실들마을2차,아파트,대구광역시 달서구 도원동 1429 한실들마을2차,대구광역시 달서구 한실로 49,19961207,11,1119,지역난방,도시가스,한국지역난방공사,35.8085095,128.5338546,대곡지구,TRUE
대구광역시,달서구,,진천동,A70478814,귀빈맨션,아파트,"대구광역시 달서구 진천동 205-1,대구광역시 달서구 진천동 205-1 귀빈맨션",대구광역시 달서구 월배로32안길 61,19901219,3,413,개별난방,도시가스,대성에너지,35.8128449,128.530479,,FALSE
대구광역시,달서구,,진천동,A70436013,동백맨션,아파트,대구광역시 달서구 진천동 131 동백맨션,대구광역시 달서구 월배로32안길 35,19901023,3,318,개별난방,도시가스,대성에너지,35.8139992,128.5308214,,FALSE
대구광역시,달서구,,진천동,A70478816,월배2차귀빈타운,아파트,대구광역시 달서구 진천동 210-5 월배2차귀빈타운,대구광역시 달서구 월배로32안길 66,19941207,3,461,개별난방,도시가스,대성에너지,35.8132716,128.5292454,,FALSE
대구광역시,달서구,,진천동,A10022328,월배역 디엘  라온프라이빗,,대구광역시 달서구 진천동 42-3 월배역 디엘  라온프라이빗,대구광역시 달서구 월배로 159,20240906,4,555,개별난방,도시가스,대성에너지,35.822094,128.5374226,,FALSE
대구광역시,달서구,,진천동,A10026276,월배역라온프라이빗,아파트,대구광역시 달서구 진천동 72 월배역라온프라이빗,대구광역시 달서구 월배로33길 53,20180130,4,230,지역난방,도시가스,한국지역난방공사,35.8174467,128.5285527,,FALSE
대구광역시,달서구,,진천동,A70483418,월배역포스코더샾,아파트,대구광역시 달서구 진천동 15-1 월배역포스코더샾,대구광역시 달서구 월서로 51,20060728,7,816,지역난방,도시가스,한국지역난방공사,35.818606,128.5298294,,FALSE
대구광역시,달서구,,진천동,A70483710,제림하나로아파트,아파트,대구광역시 달서구 진천동 478-1 제림하나로아파트,대구광역시 달서구 상화로21길 55,19951004,1,254,개별난방,도시가스,대성에너지,35.8104751,128.5239261,,FALSE
대구광역시,달서구,,진천동,A10021968,진천 대동맨션,아파트,대구광역시 달서구 진천동 710- 진천 대동맨션,대구광역시 달서구 상화로7길 31,20000531,1,129,개별난방,도시가스,대성에너지,35.8095358,128.5204582,,FALSE
대구광역시,달서구,,진천동,A70483709,진천세광그린맨션,아파트,대구광역시 달서구 진천동 472 진천세광그린맨션,대구광역시 달서구 진천로7길 47,19960530,2,249,개별난방,도시가스,대성에너지,35.8106056,128.5231145,,FALSE
대구광역시,달서구,,진천동,A70478820,진천역계룡리슈빌,아파트,대구광역시 달서구 진천동 602 진천역계룡리슈빌,대구광역시 달서구 진천로 77,20110825,9,810,개별난방,도시가스,대성에너지,35.8155343,128.5219174,,FALSE
대구광역시,달서구,,진천동,A70483415,진천역대성스카이렉스,주상복합,대구광역시 달서구 진천동 508 진천역대성스카이렉스,대구광역시 달서구 월배로 80,20081127,3,446,개별난방,도시가스,대성에너지,35.8132331,128.5237828,,FALSE
대구광역시,달서구,,진천동,A70483412,진천역대우이안아파트,아파트,대구광역시 달서구 진천동 561-5 진천역대우이안아파트,대구광역시 달서구 진천로18길 10,20060110,6,294,개별난방,도시가스,대성에너지,35.8161317,128.5246079,,FALSE
대구광역시,달서구,,진천동,A10023772,진천역라온프라이빗센텀,아파트,대구광역시 달서구 진천동 555-8 진천역라온프라이빗센텀,대구광역시 달서구 진천로16길 26,20220526,3,585,개별난방,도시가스,대성에너지,35.8163458,128.5267562,,FALSE
대구광역시,달서구,,진천동,A70483704,진천역현대2차아파트,아파트,대구광역시 달서구 진천동 628-2 진천역현대2차아파트,대구광역시 달서구 월배로14길 43,19951110,1,204,개별난방,도시가스,대성에너지,35.8117547,128.5224096,,FALSE
대구광역시,달서구,,진천동,A70483606,진천우방아파트,아파트,대구광역시 달서구 진천동 263 진천우방아파트,대구광역시 달서구 진천로4길 39,19931217,2,210,개별난방,도시가스,대성에너지,35.8114762,128.5277061,,FALSE
대구광역시,달서구,,진천동,A70483717,진천청구타운,아파트,대구광역시 달서구 진천동 490 진천청구타운,대구광역시 달서구 진천로 41,19950626,4,464,개별난방,도시가스,대성에너지,35.8120452,128.5245076,,FALSE
대구광역시,달서구,,진천동,A70483707,진천코오롱하늘채,아파트,대구광역시 달서구 진천동 716-6 진천코오롱하늘채,대구광역시 달서구 상화로 65,20040603,2,226,개별난방,도시가스,대성에너지,35.808559,128.5211576,,FALSE
대구광역시,달서구,,진천동,A70483702,진천태왕아너스1단지,아파트,대구광역시 달서구 진천동 740-1 진천태왕아너스1단지,대구광역시 달서구 상화로5길 23,20080222,3,182,개별난방,도시가스,대성에너지,35.8100082,128.5180483,,FALSE
대구광역시,달서구,,진천동,A70483701,진천태왕아너스2단지,아파트,대구광역시 달서구 진천동 732 진천태왕아너스2단지,대구광역시 달서구 상화로5길 24,20080222,2,165,개별난방,도시가스,대성에너지,35.8097224,128.519006,,FALSE
대구광역시,달서구,,진천동,A70483408,진천트윈팰리스,주상복합,대구광역시 달서구 진천동 595 진천트윈팰리스,대구광역시 달서구 월배로 71,20060630,1,192,개별난방,도시가스,대성에너지,35.8141926,128.5222613,,FALSE
대구광역시,달서구,,진천동,A70483603,진천현대1차아파트,아파트,대구광역시 달서구 진천동 262-2 진천현대1차아파트,대구광역시 달서구 상화북로5길 39,19931115,1,183,개별난방,도시가스,대성에너지,35.8121127,128.5276607,,FALSE
대구광역시,달서구,,유천동,A70439001,대곡역화성타운,아파트,대구광역시 달서구 유천동 396 대곡역화성타운,대구광역시 달서구 비슬로 2731,19960329,3,245,개별난방,도시가스,대성에너지,35.8104121,128.5138105,,FALSE
대구광역시,달서구,,유천동,A70439004,대곡역화성파크드림,아파트,대구광역시 달서구 유천동 298-1 대곡역화성파크드림,대구광역시 달서구 달서대로 41,20071214,4,670,지역난방,도시가스,한국지역난방공사,35.8128387,128.5106397,,FALSE
대구광역시,달서구,,유천동,A10027487,대구월배2차IPARk,아파트,대구광역시 달서구 유천동 612 대구월배2차IPARk,대구광역시 달서구 월배로5길 76,20160629,19,2134,지역난방,도시가스,한국지역난방공사,35.8179056,128.5124434,,FALSE
대구광역시,달서구,,유천동,A10028098,월배1차 아이파크,아파트,대구광역시 달서구 유천동 182 월배1차 아이파크,대구광역시 달서구 조암남로 182,20150128,13,1296,지역난방,도시가스,한국지역난방공사,35.815405,128.514617,,FALSE
대구광역시,달서구,,유천동,A70439003,월배쌍용예가,아파트,대구광역시 달서구 유천동 42 월배쌍용예가,대구광역시 달서구 조암남로32길 13,20081024,3,555,개별난방,도시가스,대성에너지,35.8173642,128.5161917,,FALSE
대구광역시,달서구,,유천동,A70439005,유천포스코더 #,아파트,대구광역시 달서구 유천동 488 유천포스코더 #,대구광역시 달서구 달서대로 67,20061031,6,764,개별난방,도시가스,대성에너지,35.8137012,128.5086441,,FALSE
대구광역시,달서구,,유천동,A70486101,진천역AK그랑폴리스,아파트,대구광역시 달서구 유천동 597 진천역AK그랑폴리스,대구광역시 달서구 월배로11길 33,20130429,17,1669,개별난방,도시가스,대성에너지,35.8148652,128.5183167,,FALSE
대구광역시,달서구,,유천동,A70486102,진천역AK그랑폴리스2차,주상복합,대구광역시 달서구 유천동 595 진천역AK그랑폴리스2차,대구광역시 달서구 월배로 51,20130509,2,212,개별난방,도시가스,대성에너지,35.8136709,128.5200585,,FALSE
대구광역시,달서구,,유천동,A70439002,진천역화성파크리젠시,주상복합,"대구광역시 달서구 유천동 120-1,대구광역시 달서구 유천동 120-7 진천역화성파크리젠시",대구광역시 달서구 월배로11길 9-16,20070313,2,285,개별난방,도시가스,대성에너지,35.8141346,128.5189693,,FALSE
대구광역시,달서구,,대천동,A10024036,월배삼정그린코아포레스트,아파트,대구광역시 달서구 대천동 1042 월배삼정그린코아포레스트,대구광역시 달서구 조암남로32길 40,20211123,15,1533,개별난방,도시가스,대성에너지,35.8190663,128.5154136,,FALSE
대구광역시,달서구,,대천동,A70480001,월배태영데시앙,아파트,대구광역시 달서구 대천동 497-2 월배태영데시앙,대구광역시 달서구 조암남로 123,20090224,7,431,지역난방,도시가스,한국지역난방공사,35.8177231,128.5208325,,FALSE
대구광역시,달서구,,대천동,A70433002,월배힐스테이트,아파트,대구광역시 달서구 대천동 413 월배힐스테이트,대구광역시 달서구 조암남로 132,20080702,6,730,개별난방,도시가스,대성에너지,35.8185702,128.5186898,,FALSE
대구광역시,달서구,,대천동,A70486401,이안월배아파트,아파트,대구광역시 달서구 대천동 326-1 이안월배아파트,대구광역시 달서구 조암남로 116,20091030,5,400,지역난방,도시가스,한국지역난방공사,35.8193964,128.5202471,,FALSE
대구광역시,달서구,,월성동,A70440020,e편한세상월배,아파트,대구광역시 달서구 월성동 1835 e편한세상월배,대구광역시 달서구 월성로 132,20141016,8,932,개별난방,도시가스,대성에너지,35.8274442,128.5221643,,FALSE
대구광역시,달서구,,월성동,A10023763,월성 삼정 그린코아 에듀파크,아파트,대구광역시 달서구 월성동 682 월성 삼정 그린코아 에듀파크,대구광역시 달서구 월성로 100,20220615,12,1392,개별난방,도시가스,대성에너지,35.8300932,128.5282758,,FALSE
대구광역시,달서구,,월성동,A70440019,월성e-편한세상,아파트,대구광역시 달서구 월성동 536 월성e-편한세상,대구광역시 달서구 조암남로 10,20091006,8,1097,지역난방,도시가스,한국지역난방공사,35.8223423,128.5266654,,FALSE
대구광역시,달서구,,월성동,A70440002,월성동서타운,아파트,대구광역시 달서구 월성동 277-3 월성동서타운,대구광역시 달서구 학산로7길 5,19911214,4,300,지역난방,도시가스,한국지역난방공사,35.8287112,128.5317333,,FALSE
대구광역시,달서구,,월성동,A70440014,월성보성1단지,아파트,대구광역시 달서구 월성동 364 월성보성1단지,대구광역시 달서구 학산로 30,19911228,10,1185,지역난방,도시가스,한국지역난방공사,35.8273399,128.5335653,,FALSE
대구광역시,달서구,,월성동,A70440010,월성보성2차,아파트,대구광역시 달서구 월성동 277 월성보성2차,대구광역시 달서구 학산로7길 27,19911209,6,551,지역난방,도시가스,한국지역난방공사,35.8304793,128.5301924,,FALSE
대구광역시,달서구,,월성동,A70471901,월성삼성래미안,아파트,대구광역시 달서구 월성동 1300 월성삼성래미안,대구광역시 달서구 상원로 143,20060519,7,760,지역난방,도시가스,한국지역난방공사,35.820259,128.5285875,,FALSE
대구광역시,달서구,,월성동,A10023820,월성삼정그린코아카운티,아파트,대구광역시 달서구 월성동 1894 월성삼정그린코아카운티,대구광역시 달서구 월암로 8,20220425,3,202,개별난방,도시가스,대성에너지,35.8226194,128.5166409,,FALSE
대구광역시,달서구,,월성동,A70440011,월성서한이다음,아파트,대구광역시 달서구 월성동 89 월성서한이다음,대구광역시 달서구 학산로 15,19920225,5,639,지역난방,도시가스,한국지역난방공사,35.8275897,128.5302883,,FALSE
대구광역시,달서구,,월성동,A70440017,월성센트로파크,아파트,대구광역시 달서구 월성동 270 월성센트로파크,대구광역시 달서구 구마로14남길 55,19920326,17,1840,개별난방,도시가스,대성에너지,35.8334189,128.5324281,,FALSE
대구광역시,달서구,,월성동,A70440004,월성영남맨션,아파트,대구광역시 달서구 월성동 500-6 월성영남맨션,대구광역시 달서구 학산로2길 39,19911218,3,375,지역난방,도시가스,한국지역난방공사,35.8245483,128.534641,,FALSE
대구광역시,달서구,,월성동,A70440006,월성우방타운,아파트,대구광역시 달서구 월성동 500-9 월성우방타운,대구광역시 달서구 학산로2길 11,19911114,5,421,지역난방,도시가스,한국지역난방공사,35.8263456,128.5324869,,FALSE
대구광역시,달서구,,월성동,A70471902,월성월드메르디앙,아파트,대구광역시 달서구 월성동 777-2 월성월드메르디앙,대구광역시 달서구 조암로6길 19,20090630,7,865,지역난방,도시가스,한국지역난방공사,35.8259259,128.5245744,,FALSE
대구광역시,달서구,,월성동,A70440008,월성자이아파트,아파트,대구광역시 달서구 월성동 1261 월성자이아파트,대구광역시 달서구 조암남로10길 21,20061124,5,480,지역난방,도시가스,한국지역난방공사,35.8218022,128.5263353,,FALSE
대구광역시,달서구,,월성동,A70440015,월성주공1단지,아파트,대구광역시 달서구 월성동 84 월성주공1단지,대구광역시 달서구 월곡로94길 30,19910803,24,1234,중앙난방,기름,,35.8325962,128.5273101,,FALSE
대구광역시,달서구,,월성동,A70440018,월성주공2단지,아파트,대구광역시 달서구 월성동 86 월성주공2단지,대구광역시 달서구 월성로 77,19910925,11,2364,지역난방,도시가스,한국지역난방공사,35.8294291,128.5289456,,FALSE
대구광역시,달서구,,월성동,A70470201,월성주공3단지,아파트,대구광역시 달서구 월성동 273 월성주공3단지,대구광역시 달서구 학산로7길 39,19911218,8,1482,지역난방,도시가스,한국지역난방공사,35.8325393,128.5304235,,FALSE
대구광역시,달서구,,월성동,A70440007,월성청구타운,아파트,대구광역시 달서구 월성동 500 월성청구타운,대구광역시 달서구 학산로2길 24,19911108,3,434,지역난방,도시가스,한국지역난방공사,35.8250128,128.5322111,,FALSE
대구광역시,달서구,,월성동,A70471903,월성코오롱하늘채1단지,아파트,대구광역시 달서구 월성동 1557-6 월성코오롱하늘채1단지,대구광역시 달서구 조암남로16길 19,20070322,6,823,지역난방,도시가스,한국지역난방공사,35.8212921,128.5229089,,FALSE
대구광역시,달서구,,월성동,A70440003,월성코오롱하늘채2단지,아파트,대구광역시 달서구 월성동 1551 월성코오롱하늘채2단지,대구광역시 달서구 조암남로16길 20,20070323,3,303,지역난방,도시가스,한국지역난방공사,35.821946,128.5243062,,FALSE
대구광역시,달서구,,월성동,A70440016,월성푸르지오,아파트,대구광역시 달서구 월성동 120 월성푸르지오,대구광역시 달서구 조암로6길 20,20080805,10,1824,지역난방,도시가스,한국지역난방공사,35.8275732,128.5267064,,FALSE
대구광역시,달서구,,월성동,A70440005,월성화성타운,아파트,대구광역시 달서구 월성동 500-7 월성화성타운,대구광역시 달서구 학산로2길 27,19911217,4,385,지역난방,도시가스,한국지역난방공사,35.8253905,128.5337343,,FALSE
대구광역시,달서구,,월성동,A70440001,태왕아너스베스트,아파트,대구광역시 달서구 월성동 1329 태왕아너스베스트,대구광역시 달서구 월배로33길 117,20080930,2,263,지역난방,도시가스,한국지역난방공사,35.8203691,128.5264504,,FALSE
대구광역시,달서구,,월성동,A70440009,태왕아너스월성,아파트,대구광역시 달서구 월성동 585 태왕아너스월성,대구광역시 달서구 조암남로 24,20070131,6,499,지역난방,도시가스,한국지역난방공사,35.8225348,128.5292535,,FALSE
대구광역시,달서구,,월성동,A10027429,협성휴포레 월성,아파트,대구광역시 달서구 월성동 1863 협성휴포레 월성,대구광역시 달서구 조암로10길 11,20160622,11,996,개별난방,도시가스,대성에너지,35.8247833,128.522528,,FALSE
대구광역시,달서구,,송현동,A70434007,1차그린아파트,아파트,대구광역시 달서구 송현동 50 1차그린아파트,대구광역시 달서구 구마로40길 21,19841119,8,648,지역난방,도시가스,한국지역난방공사,35.8360412,128.5498083,,FALSE
대구광역시,달서구,,송현동,A70434008,동서장관빌라,연립주택,대구광역시 달서구 송현동 1991 동서장관빌라,대구광역시 달서구 중흥로 68,19870327,7,175,개별난방,도시가스,대성에너지,35.8282073,128.5578983,,FALSE
대구광역시,달서구,,송현동,A70434202,본동주공아파트,아파트,대구광역시 달서구 송현동 977-2 본동주공아파트,대구광역시 달서구 송현로 113,19921215,8,1234,중앙난방,도시가스,대성에너지,35.8280013,128.5432545,,FALSE
대구광역시,달서구,,송현동,A70434002,송현우방맨션,아파트,대구광역시 달서구 송현동 1029-1 송현우방맨션,대구광역시 달서구 송현로 103,19921127,2,177,개별난방,도시가스,대성에너지,35.826246,128.5433893,,FALSE
대구광역시,달서구,,송현동,A70434006,송현월성아파트,아파트,"대구광역시 달서구 송현동 1909-27,대구광역시 달서구 송현동 1911 송현월성아파트",대구광역시 달서구 월배로67길 52,19810520,8,450,개별난방,도시가스,대성에너지,35.8268353,128.5444674,,FALSE
대구광역시,달서구,,송현동,A70434003,송현제림아파트,아파트,대구광역시 달서구 송현동 110 송현제림아파트,대구광역시 달서구 구마로52안길 57,19970616,1,222,개별난방,도시가스,대성에너지,35.8341604,128.5508053,,FALSE
대구광역시,달서구,,송현동,A70434005,앞산청구제네스,아파트,대구광역시 달서구 송현동 1943 앞산청구제네스,대구광역시 달서구 월배로 340,20021031,5,414,개별난방,도시가스,대성에너지,35.8256858,128.5482726,,FALSE
대구광역시,달서구,,송현동,A70476401,우방송현하이츠,아파트,대구광역시 달서구 송현동 906 우방송현하이츠,대구광역시 달서구 학산남로 90,20020520,10,834,개별난방,도시가스,대성에너지,35.8249004,128.5425722,,FALSE
대구광역시,달서구,,송현동,A10021733,장관연립주택,연립주택,대구광역시 달서구 송현동 1991- 장관연립주택,대구광역시 달서구 중흥로 68,19880406,7,172,개별난방,도시가스,대성에너지,35.8282073,128.5578983,,FALSE
대구광역시,달서구,,송현동,A10022687,한양수자인 더팰리시티,아파트,대구광역시 달서구 송현동 78-3 한양수자인 더팰리시티,대구광역시 달서구 구마로 230,20240328,12,1021,개별난방,도시가스,대성에너지,35.8367616,128.5529741,,FALSE
대구광역시,달서구,,송현동,A10025929,해맞이타운,아파트,대구광역시 달서구 송현동 209 해맞이타운,대구광역시 달서구 월배로 420,19870622,5,250,개별난방,도시가스,대성에너지,35.8314085,128.5532408,,FALSE
대구광역시,달서구,,대곡동,A70475108,대곡역금강,아파트,"대구광역시 달서구 대곡동 4,대구광역시 달서구 대곡동 4-1 대곡역금강",대구광역시 달서구 비슬로540길 14,19901215,6,596,지역난방,도시가스,한국지역난방공사,35.8075837,128.5106311,,FALSE
대구광역시,달서구,,대곡동,A70431002,대곡역동화타운,아파트,대구광역시 달서구 대곡동 66 대곡역동화타운,대구광역시 달서구 상화로 24,19950221,2,268,개별난방,도시가스,대성에너지,35.809493,128.5166115,,FALSE
대구광역시,달서구,,대곡동,A70475106,대곡역청구타운,아파트,대구광역시 달서구 대곡동 77 대곡역청구타운,대구광역시 달서구 상화로8길 26,19920831,3,407,개별난방,도시가스,대성에너지,35.8084077,128.5168262,,FALSE
대구광역시,달서구,,대곡동,A70475109,대곡역화성파크드림WITH,아파트,대구광역시 달서구 대곡동 1034 대곡역화성파크드림WITH,대구광역시 달서구 비슬로 2734,20120726,5,359,개별난방,도시가스,대성에너지,35.8095918,128.5148579,,FALSE
대구광역시,달서구,,대곡동,A70475107,대곡우방타운,아파트,대구광역시 달서구 대곡동 2-1 대곡우방타운,대구광역시 달서구 비슬로538길 22,19940617,4,432,지역난방,도시가스,한국지역난방공사,35.8062203,128.5092082,,FALSE
대구광역시,달서구,,대곡동,A70431001,대곡이오스아파트,아파트,대구광역시 달서구 대곡동 58 대곡이오스아파트,대구광역시 달서구 비슬로550길 38,20030430,3,201,개별난방,도시가스,대성에너지,35.8084623,128.5154874,,FALSE
대구광역시,달서구,,대곡동,A70431003,대곡청구제네스,아파트,대구광역시 달서구 대곡동 1031 대곡청구제네스,대구광역시 달서구 상화로 90,20040528,2,275,개별난방,도시가스,대성에너지,35.8070654,128.5247972,,FALSE
대구광역시,달서구,,대곡동,A70431004,대곡한라하우젠트,아파트,대구광역시 달서구 대곡동 46 대곡한라하우젠트,대구광역시 달서구 비슬로 2724,20050121,2,298,개별난방,도시가스,대성에너지,35.8088616,128.5139248,,FALSE
대구광역시,달서구,,대곡동,A10025602,대구대곡 LH천년나무1단지,아파트,대구광역시 달서구 대곡동 1098 대구대곡 LH천년나무1단지,대구광역시 달서구 갈밭로 33,20190312,5,810,지역난방,도시가스,한국지역난방공사,35.8018145,128.5297666,,FALSE
대구광역시,달서구,,대곡동,A10025329,대구대곡2 수목원풍경그린 아파트,아파트,대구광역시 달서구 대곡동 1138 대구대곡2 수목원풍경그린 아파트,대구광역시 달서구 갈밭남로 64,20190903,7,395,지역난방,도시가스,한국지역난방공사,35.8009407,128.5351596,,FALSE
대구광역시,달서구,,대곡동,A70431005,삼성래미안2차아파트,아파트,대구광역시 달서구 대곡동 1028 삼성래미안2차아파트,대구광역시 달서구 상화로 86,20011005,4,317,개별난방,도시가스,대성에너지,35.8067671,128.5232767,,FALSE
대구광역시,달서구,,대곡동,A70431009,수목원 삼성래미안,아파트,대구광역시 달서구 대곡동 1012 수목원 삼성래미안,대구광역시 달서구 상화로8길 23,20001201,8,767,개별난방,도시가스,대성에너지,35.8070225,128.5180704,,FALSE
대구광역시,달서구,,대곡동,A10026331,수목원서한이다음,아파트,대구광역시 달서구 대곡동 1126 수목원서한이다음,대구광역시 달서구 한실로6길 123,20180420,12,849,지역난방,도시가스,한국지역난방공사,35.7959268,128.5305583,,FALSE
대구광역시,달서구,,대곡동,A10026062,수목원제일풍경채,아파트,대구광역시 달서구 대곡동 1123 수목원제일풍경채,대구광역시 달서구 갈밭남로 12,20180817,12,982,지역난방,도시가스,한국지역난방공사,35.7979851,128.5315012,,FALSE
대구광역시,달서구,,대곡동,A10025800,수목원호정포레스트 아파트,아파트,대구광역시 달서구 대곡동 1103 수목원호정포레스트 아파트,대구광역시 달서구 갈밭남로 17,20190107,12,1124,지역난방,도시가스,한국지역난방공사,35.8002649,128.5308608,,FALSE
대구광역시,달서구,,본동,A70475202,2차 그린맨션,아파트,대구광역시 달서구 본동 247 2차 그린맨션,대구광역시 달서구 구마로36길 20,19860726,8,672,지역난방,도시가스,한국지역난방공사,35.8361161,128.5457683,,FALSE
대구광역시,달서구,,본동,A70475203,3차그린맨션,아파트,대구광역시 달서구 본동 276 3차그린맨션,대구광역시 달서구 구마로36길 33,19881226,10,822,지역난방,도시가스,한국지역난방공사,35.8352542,128.5477983,,FALSE
대구광역시,달서구,,본동,A10023187,달서코아루더리브,,대구광역시 달서구 본동 752 달서코아루더리브,대구광역시 달서구 와룡로 42,20230518,1,162,개별난방,도시가스,대성에너지,35.8450523,128.5368192,,FALSE
대구광역시,달서구,,본동,A10022998,빌리브 클라쎄,,대구광역시 달서구 본동 747 빌리브 클라쎄,대구광역시 달서구 와룡로 41,20230622,2,235,개별난방,도시가스,대성에너지,35.8450523,128.5368192,,FALSE
대구광역시,달서구,,본동,A70478505,월성주공아파트5단지,아파트,대구광역시 달서구 본동 616 월성주공아파트5단지,대구광역시 달서구 구마로12길 89,19920816,10,1740,중앙난방,기름,,35.8329355,128.5352106,,FALSE
대구광역시,달서구,,호산동,A70474101,성서삼성한국형아파트,아파트,대구광역시 달서구 호산동 350 성서삼성한국형아파트,대구광역시 달서구 호산로 126,19991126,18,1709,지역난방,도시가스,한국지역난방공사,35.8509417,128.4800433,,FALSE
대구광역시,달성군,화원읍,천내리,A10021503,동서동산아파트,아파트,대구광역시 달성군 화원읍 천내리 42-1 동서동산아파트,대구광역시 달성군 화원읍 비슬로525길 21,19891220,6,260,개별난방,도시가스,대성에너지,35.806842,128.5019757,,FALSE
대구광역시,달성군,화원읍,천내리,A10022165,영남맨션,아파트,대구광역시 달성군 화원읍 천내리 42- 영남맨션,대구광역시 달성군 화원읍 화원로 10,19891221,4,170,개별난방,도시가스,대성에너지,35.8060798,128.5008465,,FALSE
대구광역시,달성군,화원읍,천내리,A10021774,천내보성타운,연립주택,대구광역시 달성군 화원읍 천내리 117- 천내보성타운,대구광역시 달성군 화원읍 화원로 37,19910304,5,107,지역난방,도시가스,한국지역난방공사,35.8075738,128.4979721,,FALSE
대구광역시,달성군,화원읍,천내리,A10021763,천내에덴타운아파트,아파트,대구광역시 달성군 화원읍 천내리 119- 천내에덴타운아파트,대구광역시 달성군 화원읍 비슬로525길 48,19920528,4,128,개별난방,도시가스,대성에너지,35.8092683,128.5007374,,FALSE
대구광역시,달성군,화원읍,천내리,A10021508,천내우방맨션,아파트,대구광역시 달성군 화원읍 천내리 122- 천내우방맨션,대구광역시 달성군 화원읍 화원로 26,19910911,3,220,개별난방,도시가스,대성에너지,35.8071393,128.5000935,,FALSE
대구광역시,달성군,화원읍,천내리,A10024734,천내평광2차,,대구광역시 달성군 화원읍 천내리 122-1 천내평광2차,대구광역시 달성군 비슬로525길 37,19920521,6,188,개별난방,도시가스,대성에너지,35.8076624,128.5011477,,FALSE
대구광역시,달성군,화원읍,천내리,A71183013,화원역태왕리더스,아파트,대구광역시 달성군 화원읍 천내리 138-1 화원역태왕리더스,대구광역시 달성군 화원로3길 66,20050526,6,321,개별난방,도시가스,대성에너지,35.8056519,128.497626,,FALSE
대구광역시,달성군,화원읍,천내리,A10026726,화원이진캐스빌,아파트,대구광역시 달성군 화원읍 천내리 918 화원이진캐스빌,대구광역시 달성군 비슬로 2545,20170920,9,830,개별난방,도시가스,대성에너지,35.8033669,128.4949012,,FALSE
대구광역시,달성군,화원읍,천내리,A71176112,화원창신타운,아파트,대구광역시 달성군 화원읍 천내리 118 화원창신타운,대구광역시 달성군 화원로 36,19901222,8,302,개별난방,도시가스,대성에너지,35.8084396,128.4994649,,FALSE
대구광역시,달성군,화원읍,천내리,A10023605,화원파크뷰 우방아이유쉘,아파트,대구광역시 달성군 화원읍 천내리 690-1 화원파크뷰 우방아이유쉘,대구광역시 달성군 명천로21길 55,20220928,4,538,개별난방,도시가스,대성에너지,35.800617,128.5052119,,FALSE
대구광역시,달성군,화원읍,천내리,A71183511,화원한샘타운,아파트,대구광역시 달성군 화원읍 천내리 346 화원한샘타운,대구광역시 달성군 사문진로6길 17,20000529,2,288,개별난방,도시가스,대성에너지,35.8046155,128.4929899,,FALSE
대구광역시,달성군,화원읍,구라리,A71183024,대곡역래미안,아파트,대구광역시 달성군 화원읍 구라리 1650 대곡역래미안,대구광역시 달성군 비슬로539길 35,20070720,11,1451,지역난방,도시가스,한국지역난방공사,35.81127,128.5067836,,FALSE
대구광역시,달성군,화원읍,구라리,A71183115,대곡역신동아파밀리에,아파트,대구광역시 달성군 화원읍 구라리 1722 대곡역신동아파밀리에,대구광역시 달성군 비슬로539길 38,20071012,6,425,개별난방,도시가스,대성에너지,35.8111774,128.5093222,,FALSE
대구광역시,달성군,화원읍,구라리,A71175617,삼우청솔타운,아파트,대구광역시 달성군 화원읍 구라리 1687 삼우청솔타운,대구광역시 달성군 비슬로539길 17,19971110,3,498,개별난방,도시가스,대성에너지,35.8100213,128.508027,,FALSE
대구광역시,달성군,화원읍,구라리,A71183108,청구청룡맨션,아파트,대구광역시 달성군 화원읍 구라리 1736-3 청구청룡맨션,대구광역시 달성군 비슬로 2715,19950330,2,231,개별난방,도시가스,대성에너지,35.810365,128.511911,,FALSE
대구광역시,달성군,화원읍,구라리,A71175504,청구청산맨션,아파트,대구광역시 달성군 화원읍 구라리 1734-1 청구청산맨션,대구광역시 달성군 비슬로539길 5,19971030,1,217,개별난방,도시가스,대성에너지,35.8088813,128.5094622,,FALSE
대구광역시,달성군,화원읍,구라리,A71175714,한우아파트,아파트,대구광역시 달성군 화원읍 구라리 1734-2 한우아파트,대구광역시 달성군 비슬로 2679,19840608,7,360,개별난방,도시가스,대성에너지,35.8084234,128.5083596,,FALSE
대구광역시,달성군,화원읍,성산리,A71175810,화원대백맨션,아파트,대구광역시 달성군 화원읍 성산리 505 화원대백맨션,대구광역시 달성군 성화로6길 5,19930119,4,270,개별난방,도시가스,대성에너지,35.8016544,128.4897258,,FALSE
대구광역시,달성군,화원읍,성산리,A71177725,화원삼주타운,아파트,대구광역시 달성군 화원읍 성산리 55 화원삼주타운,대구광역시 달성군 사문진로 349,20000325,2,435,개별난방,도시가스,대성에너지,35.8085575,128.4887209,,FALSE
대구광역시,달성군,화원읍,성산리,A71175919,화원태왕타운,아파트,대구광역시 달성군 화원읍 성산리 501 화원태왕타운,대구광역시 달성군 성화로4길 13,19951215,9,741,개별난방,도시가스,대성에너지,35.8028216,128.4909873,,FALSE
대구광역시,달성군,화원읍,설화리,A10023255,설화명곡역우방아이유쉘,아파트,대구광역시 달성군 화원읍 설화리 1157 설화명곡역우방아이유쉘,대구광역시 달성군 비슬로 2417,20230427,5,320,개별난방,도시가스,대성에너지,35.7533526,128.4189589,,FALSE
대구광역시,달성군,화원읍,설화리,A71183303,성화한빛타운,아파트,대구광역시 달성군 화원읍 설화리 536-2 성화한빛타운,대구광역시 달성군 비슬로491길 13,19951229,1,192,개별난방,도시가스,대성에너지,35.7982535,128.4857238,,FALSE
대구광역시,달성군,화원읍,설화리,A10023683,화원신일해피트리 꿈의숲 아파트,아파트,대구광역시 달성군 화원읍 설화리 975 화원신일해피트리 꿈의숲 아파트,대구광역시 달성군 명천로 383,20220729,7,553,개별난방,도시가스,대성에너지,35.7978382,128.495553,,FALSE
대구광역시,달성군,화원읍,명곡리,A71176425,명곡 미래빌2단지,아파트,대구광역시 달성군 화원읍 명곡리 101 명곡 미래빌2단지,대구광역시 달성군 명천로 231,20000322,8,1032,지역난방,도시가스,한국지역난방공사,35.7983725,128.4945332,,FALSE
대구광역시,달성군,화원읍,명곡리,A71183222,명곡미래빌1단지,아파트,대구광역시 달성군 화원읍 명곡리 112 명곡미래빌1단지,대구광역시 달성군 명곡로 11,20000328,11,976,지역난방,도시가스,한국지역난방공사,35.7991458,128.4978321,,FALSE
대구광역시,달성군,화원읍,명곡리,A71183018,명곡미래빌3단지,아파트,대구광역시 달성군 화원읍 명곡리 130 명곡미래빌3단지,대구광역시 달성군 명곡로 30,20000328,8,716,지역난방,도시가스,한국지역난방공사,35.7965876,128.4951353,,FALSE
대구광역시,달성군,화원읍,명곡리,A71183221,명곡미래빌4단지,아파트,대구광역시 달성군 화원읍 명곡리 139 명곡미래빌4단지,대구광역시 달성군 화암로 120,20000525,11,800,지역난방,도시가스,한국지역난방공사,35.7981004,128.4998679,,FALSE
대구광역시,달성군,화원읍,명곡리,A71183020,명곡역미래빌5단지,아파트,대구광역시 달성군 화원읍 명곡리 220 명곡역미래빌5단지,대구광역시 달성군 명천로 243,20011022,7,762,지역난방,도시가스,한국지역난방공사,35.7978529,128.4928151,,FALSE
대구광역시,달성군,화원읍,명곡리,A10021674,화원동화아이위시,주상복합,대구광역시 달성군 화원읍 명곡리 230-8 화원동화아이위시,대구광역시 달성군 화원읍 비슬로510길 20,20241030,4,568,개별난방,도시가스,대성에너지,35.8007583,128.4979428,,FALSE
대구광역시,달성군,화원읍,본리리,A71183526,달성본리2,아파트,대구광역시 달성군 화원읍 본리리 113-2 달성본리2,대구광역시 달성군 성암로 25,20030318,6,414,지역난방,도시가스,한국지역난방공사,35.8012344,128.5104416,,FALSE
대구광역시,달성군,화원읍,본리리,A71177023,대곡역그린빌,아파트,대구광역시 달성군 화원읍 본리리 113-1 대곡역그린빌,대구광역시 달성군 명천로 57,20030808,16,1170,지역난방,도시가스,한국지역난방공사,35.8036688,128.5114706,,FALSE
대구광역시,달성군,화원읍,본리리,A71183106,청구청탑맨션,아파트,대구광역시 달성군 화원읍 본리리 1-2 청구청탑맨션,대구광역시 달성군 비슬로 2674,19950821,1,220,개별난방,도시가스,대성에너지,35.8070133,128.5079453,,FALSE
대구광역시,달성군,논공읍,금포리,A10025833,달성우신미가뷰아파트,아파트,대구광역시 달성군 논공읍 금포리  달성우신미가뷰아파트,대구광역시 달성군 금포로 75-20,20181120,8,701,개별난방,도시가스,대성에너지,35.7720515,128.4241246,,FALSE
대구광역시,달성군,논공읍,남리,A71185005,경일아파트,아파트,"대구광역시 달성군 논공읍 남리 1147,대구광역시 달성군 논공읍 남리 224-116 경일아파트",대구광역시 달성군 논공로9길 39,19870810,8,330,개별난방,도시가스,대성에너지,35.7313949,128.4385176,,FALSE
대구광역시,달성군,논공읍,남리,A71185204,논공삼주아파트,아파트,대구광역시 달성군 논공읍 남리 224 논공삼주아파트,대구광역시 달성군 논공로7길 55,19900404,5,324,개별난방,도시가스,대성에너지,35.7320265,128.4384698,,FALSE
대구광역시,달성군,논공읍,남리,A71185503,논공우방연합타운,아파트,대구광역시 달성군 논공읍 남리 615-5 논공우방연합타운,대구광역시 달성군 논공중앙로22길 36,19961101,1,250,개별난방,도시가스,대성에너지,35.7238901,128.447803,,FALSE
대구광역시,달성군,논공읍,남리,A71185207,논공주공아파트,아파트,대구광역시 달성군 논공읍 남리 635 논공주공아파트,대구광역시 달성군 남리길 48,19970728,4,360,개별난방,도시가스,대성에너지,35.7230805,128.4487787,,FALSE
대구광역시,달성군,논공읍,남리,A71185002,논공평광행복타운,아파트,대구광역시 달성군 논공읍 남리 578-15 논공평광행복타운,대구광역시 달성군 논공중앙로22길 12,20040818,2,180,개별난방,도시가스,대성에너지,35.7256802,128.4465424,,FALSE
대구광역시,달성군,논공읍,남리,A71185208,평광4차아파트,아파트,대구광역시 달성군 논공읍 남리 573-2 평광4차아파트,대구광역시 달성군 남리길 7,19911113,8,396,개별난방,도시가스,대성에너지,35.7264103,128.4482218,,FALSE
대구광역시,달성군,논공읍,북리,A71185711,논공성원아파트,아파트,대구광역시 달성군 논공읍 북리 803-4 논공성원아파트,대구광역시 달성군 논공로23길 14,19960906,6,1364,개별난방,도시가스,대성에너지,35.7313186,128.4440512,,FALSE
대구광역시,달성군,논공읍,북리,A71185010,논공청구타운,아파트,대구광역시 달성군 논공읍 북리 803 논공청구타운,대구광역시 달성군 논공로7길 73,19920626,6,511,개별난방,도시가스,대성에너지,35.7314915,128.4406575,,FALSE
대구광역시,달성군,논공읍,북리,A71185706,평광12차아파트,아파트,대구광역시 달성군 논공읍 북리 803-3 평광12차아파트,대구광역시 달성군 논공로21길 15,19890627,5,340,개별난방,도시가스,대성에너지,35.7310332,128.4426768,,FALSE
대구광역시,달성군,논공읍,북리,A71185209,평광현대아파트,아파트,대구광역시 달성군 논공읍 북리 824-178 평광현대아파트,대구광역시 달성군 용호로 6,19901116,8,424,개별난방,도시가스,대성에너지,35.7277327,128.4459287,,FALSE
대구광역시,달성군,다사읍,서재리,A10023819,메가시티태왕아너스,아파트,대구광역시 달성군 다사읍 서재리 1134 메가시티태왕아너스,대구광역시 달성군 궁산2길 12,20220304,6,857,개별난방,도시가스,대성에너지,35.8729232,128.4880078,,FALSE
대구광역시,달성군,다사읍,서재리,A71181313,서재2차보성아파트,아파트,대구광역시 달성군 다사읍 서재리 61 서재2차보성아파트,대구광역시 달성군 서재로30길 7,19990126,6,634,지역난방,도시가스,한국지역난방공사,35.8772195,128.498492,,FALSE
대구광역시,달성군,다사읍,서재리,A71181318,서재보성타운,아파트,대구광역시 달성군 다사읍 서재리 145 서재보성타운,대구광역시 달성군 서재로30길 17,19970419,8,740,지역난방,도시가스,한국지역난방공사,35.8767222,128.5001961,,FALSE
대구광역시,달성군,다사읍,서재리,A71181308,서재우방타운,아파트,대구광역시 달성군 다사읍 서재리 146-7 서재우방타운,대구광역시 달성군 서재로28길 39,20020907,3,520,지역난방,도시가스,한국지역난방공사,35.8749085,128.5014369,,FALSE
대구광역시,달성군,다사읍,서재리,A71175129,서재휴먼시아,아파트,대구광역시 달성군 다사읍 서재리 486 서재휴먼시아,대구광역시 달성군 서재로14길 2,20100713,8,757,개별난방,도시가스,대성에너지,35.8685686,128.4976868,,FALSE
대구광역시,달성군,다사읍,서재리,A71181309,신성서화성파크드림,아파트,대구광역시 달성군 다사읍 서재리 100 신성서화성파크드림,대구광역시 달성군 서재로27길 42,20071214,6,534,개별난방,도시가스,대성에너지,35.8746493,128.4964865,,FALSE
대구광역시,달성군,다사읍,서재리,A10027728,에코폴리스 동화아이위시,아파트,대구광역시 달성군 다사읍 서재리 1002 에코폴리스 동화아이위시,대구광역시 달성군 서재로12길 38,20151221,6,839,개별난방,도시가스,대성에너지,35.8672559,128.4924149,,FALSE
대구광역시,달성군,다사읍,서재리,A10027222,에코폴리스 동화아이위시2차,아파트,대구광역시 달성군 다사읍 서재리 1003 에코폴리스 동화아이위시2차,대구광역시 달성군 서재로7길 23,20161028,8,933,개별난방,도시가스,대성에너지,35.8685124,128.4910013,,FALSE
대구광역시,달성군,다사읍,서재리,A10026906,에코폴리스동화아이위시3차,아파트,대구광역시 달성군 다사읍 서재리 1131 에코폴리스동화아이위시3차,대구광역시 달성군 서재로7길 25,20170726,15,1553,개별난방,도시가스,대성에너지,35.869963,128.4895972,,FALSE
대구광역시,달성군,다사읍,서재리,A71181005,와룡건영캐스빌,아파트,대구광역시 달성군 다사읍 서재리 1068-5 와룡건영캐스빌,대구광역시 달성군 서재로12길 41-16,20050923,9,415,개별난방,도시가스,대성에너지,35.8670444,128.4952288,,FALSE
대구광역시,달성군,다사읍,서재리,A71181314,진흥더블파크,아파트,대구광역시 달성군 다사읍 서재리 321-1 진흥더블파크,대구광역시 달성군 서재로24길 29,20071226,5,664,개별난방,도시가스,대성에너지,35.8727663,128.5006799,,FALSE
대구광역시,달성군,다사읍,서재리,A71181022,화진금봉타운,아파트,대구광역시 달성군 다사읍 서재리 169 화진금봉타운,대구광역시 달성군 서재로 120,19961213,9,810,지역난방,도시가스,한국지역난방공사,35.8743757,128.4994584,,FALSE
대구광역시,달성군,다사읍,세천리,A10027491,북죽곡엠코타운더솔레뉴,아파트,대구광역시 달성군 다사읍 세천리 1588 북죽곡엠코타운더솔레뉴,대구광역시 달성군 세천로 160,20160629,10,1096,개별난방,도시가스,대성에너지,35.8738202,128.4793146,,FALSE
대구광역시,달성군,다사읍,세천리,A10027086,세천삼정그린코아더베스트1단지아파트,아파트,대구광역시 달성군 다사읍 세천리 1566-3 세천삼정그린코아더베스트1단지아파트,대구광역시 달성군 세천북로 10,20170227,5,316,지역난방,도시가스,CES,35.8755906,128.4801589,,FALSE
대구광역시,달성군,다사읍,세천리,A10027087,세천삼정그린코아더베스트2단지,아파트,대구광역시 달성군 다사읍 세천리 1566-2 세천삼정그린코아더베스트2단지,대구광역시 달성군 세천북로 20,20170227,3,254,지역난방,도시가스,CES,35.8769056,128.479826,,FALSE
대구광역시,달성군,다사읍,세천리,A10027669,세천한라비발디,아파트,대구광역시 달성군 다사읍 세천리 1566-1 세천한라비발디,대구광역시 달성군 세천로 180,20160128,9,1204,개별난방,도시가스,대성에너지,35.8709314,128.4823389,,FALSE
대구광역시,달성군,다사읍,세천리,A10026875,제일풍경채프라임,아파트,"대구광역시 달성군 다사읍 세천리 1703-1,대구광역시 달성군 다사읍 매곡리 1703-1 제일풍경채프라임",대구광역시 달성군 세천남로 35,20170726,15,1457,지역난방,도시가스,CES,35.8716181,128.4797431,,FALSE
대구광역시,달성군,다사읍,세천리,A10027051,현대썬앤빌 대구,아파트,대구광역시 달성군 다사읍 세천리 1587 현대썬앤빌 대구,대구광역시 달성군 세천로 182-10,20170222,3,283,지역난방,도시가스,CES,35.8736443,128.4807893,,FALSE
대구광역시,달성군,다사읍,죽곡리,A71181523,강창태성그린시티,아파트,대구광역시 달성군 다사읍 죽곡리 152 강창태성그린시티,대구광역시 달성군 죽곡2길 6,19960923,4,932,개별난방,도시가스,대성에너지,35.856944,128.4617706,,FALSE
대구광역시,달성군,다사읍,죽곡리,A71181524,강창하이츠,아파트,대구광역시 달성군 다사읍 죽곡리 129-1 강창하이츠,대구광역시 달성군 달구벌대로 812,19991017,6,998,개별난방,도시가스,대성에너지,35.8609205,128.4612625,,FALSE
대구광역시,달성군,다사읍,죽곡리,A71181501,강창훼밀리타운,아파트,대구광역시 달성군 다사읍 죽곡리 56-1 강창훼밀리타운,대구광역시 달성군 달구벌대로 842-7,19960327,4,257,개별난방,도시가스,대성에너지,35.8591709,128.4618131,,FALSE
대구광역시,달성군,다사읍,죽곡리,A10026731,대실역 태왕아너스,아파트,대구광역시 달성군 다사읍 죽곡리 814 대실역 태왕아너스,대구광역시 달성군 대실역남로 11,20170927,7,742,지역난방,도시가스,CES,35.8557796,128.4658512,,FALSE
대구광역시,달성군,다사읍,죽곡리,A71175126,대실역e-편한세상,아파트,대구광역시 달성군 다사읍 죽곡리 373 대실역e-편한세상,대구광역시 달성군 죽곡1길 42,20080324,5,698,지역난방,도시가스,CES,35.8545786,128.4632012,,FALSE
대구광역시,달성군,다사읍,죽곡리,A71175132,대실역리슈빌3단지,아파트,대구광역시 달성군 다사읍 죽곡리 818 대실역리슈빌3단지,대구광역시 달성군 대실역남로 33,20120217,8,597,지역난방,도시가스,CES,35.8544016,128.4676111,,FALSE
대구광역시,달성군,다사읍,죽곡리,A71175130,대실역리슈빌4단지,아파트,대구광역시 달성군 다사읍 죽곡리 815 대실역리슈빌4단지,대구광역시 달성군 대실역남로 35,20111026,4,304,지역난방,도시가스,CES,35.8542062,128.4656237,,FALSE
대구광역시,달성군,다사읍,죽곡리,A71175133,죽곡푸르지오2단지,아파트,대구광역시 달성군 다사읍 죽곡리 822 죽곡푸르지오2단지,대구광역시 달성군 대실역남로 93,20120222,7,544,지역난방,도시가스,CES,35.8511524,128.4662691,,FALSE
대구광역시,달성군,다사읍,죽곡리,A10027482,죽곡한신휴플러스,아파트,대구광역시 달성군 다사읍 죽곡리 870 죽곡한신휴플러스,대구광역시 달성군 대실역남로 2,20160627,7,933,지역난방,도시가스,CES,35.8572757,128.4652988,,FALSE
대구광역시,달성군,다사읍,죽곡리,A10025809,협성휴포레죽곡,아파트,"대구광역시 달성군 다사읍 죽곡리 129-13,대구광역시 달성군 다사읍 죽곡리 876 협성휴포레죽곡",대구광역시 달성군 달구벌대로174길 50,20181226,10,783,개별난방,도시가스,대성에너지,35.8593436,128.4603456,,FALSE
대구광역시,달성군,다사읍,매곡리,A71181216,강창1차삼산타운,아파트,대구광역시 달성군 다사읍 매곡리 719-2 강창1차삼산타운,대구광역시 달성군 달구벌대로 790,19950830,3,721,개별난방,도시가스,대성에너지,35.8616369,128.4587166,,FALSE
대구광역시,달성군,다사읍,매곡리,A10022410,강창그린빌,,대구광역시 달성군 다사읍 매곡리 716-3 강창그린빌,대구광역시 달성군 다사읍 달구벌대로 786,20000211,1,117,개별난방,도시가스,대성에너지,35.8619531,128.4578253,,FALSE
대구광역시,달성군,다사읍,매곡리,A71181204,강창동서타운,아파트,대구광역시 달성군 다사읍 매곡리 302 강창동서타운,대구광역시 달성군 왕선로 49,19931023,2,296,지역난방,도시가스,CES,35.8640691,128.4636486,,FALSE
대구광역시,달성군,다사읍,매곡리,A71181207,강창우방타운,아파트,대구광역시 달성군 다사읍 매곡리 719-1 강창우방타운,대구광역시 달성군 달구벌대로 770,19970906,4,493,개별난방,도시가스,대성에너지,35.8608919,128.4576085,,FALSE
대구광역시,달성군,다사읍,매곡리,A71181221,다사e편한세상,아파트,대구광역시 달성군 다사읍 매곡리 473 다사e편한세상,대구광역시 달성군 다사역로 60,20081231,4,785,개별난방,도시가스,대성에너지,35.8685495,128.4573513,,FALSE
대구광역시,달성군,다사읍,매곡리,A10023297,다사역금호어울림센트럴,주상복합,대구광역시 달성군 다사읍 매곡리 521-2 다사역금호어울림센트럴,대구광역시 달성군 다사로 71,20230330,7,869,개별난방,도시가스,대성에너지,35.875942,128.4835414,,FALSE
대구광역시,달성군,다사읍,매곡리,A10024160,다사역삼정그린코아더베스트,아파트,대구광역시 달성군 다사읍 매곡리 1575 다사역삼정그린코아더베스트,대구광역시 달성군 매곡로14길 8,20210830,5,464,개별난방,도시가스,대성에너지,35.865922,128.4547269,,FALSE
대구광역시,달성군,다사읍,매곡리,A71175127,다사주공,아파트,"대구광역시 달성군 다사읍 매곡리 509,대구광역시 달성군 다사읍 매곡리 510 다사주공",대구광역시 달성군 매곡로14길 11,20060829,10,801,개별난방,도시가스,대성에너지,35.8671744,128.4556782,,FALSE
대구광역시,달성군,다사읍,매곡리,A71181215,다사한일유앤아이,아파트,대구광역시 달성군 다사읍 매곡리 622 다사한일유앤아이,대구광역시 달성군 매곡로4길 9,20090116,6,678,개별난방,도시가스,대성에너지,35.8641172,128.4543085,,FALSE
대구광역시,달성군,다사읍,매곡리,A71181225,대실역 청아람2단지,아파트,대구광역시 달성군 다사읍 매곡리 1538 대실역 청아람2단지,대구광역시 달성군 대실역북로 26,20080930,12,1316,지역난방,도시가스,CES,35.8587445,128.4689973,죽곡지구,TRUE
대구광역시,달성군,다사읍,매곡리,A71181210,대실역동화아이위시,아파트,대구광역시 달성군 다사읍 매곡리 1540 대실역동화아이위시,대구광역시 달성군 대실역북로 55,20080918,6,583,지역난방,도시가스,CES,35.8614042,128.4670966,죽곡지구,TRUE
대구광역시,달성군,다사읍,매곡리,A71181220,대실역청아람1단지,아파트,대구광역시 달성군 다사읍 매곡리 1537 대실역청아람1단지,대구광역시 달성군 대실역북로 38,20080930,7,769,지역난방,도시가스,CES,35.8608089,128.4693644,죽곡지구,TRUE
대구광역시,달성군,다사읍,매곡리,A10025829,죽곡삼정그린코아더베스트,아파트,"대구광역시 달성군 다사읍 매곡리 1568,대구광역시 달성군 다사읍 매곡리 244 죽곡삼정그린코아더베스트",대구광역시 달성군 다사로 50,20181226,7,929,지역난방,도시가스,CES,35.8642471,128.4615728,,FALSE
대구광역시,달성군,다사읍,매곡리,A71175131,죽곡푸르지오1단지,아파트,대구광역시 달성군 다사읍 매곡리 1552 죽곡푸르지오1단지,대구광역시 달성군 대실역북로 16,20110922,3,214,지역난방,도시가스,CES,35.8567099,128.4685956,죽곡지구,TRUE
대구광역시,달성군,다사읍,매곡리,A71181212,죽곡하우젠트아너스빌,아파트,대구광역시 달성군 다사읍 매곡리 1543 죽곡하우젠트아너스빌,대구광역시 달성군 왕선로 26,20080102,6,605,지역난방,도시가스,CES,35.861208,128.4654945,죽곡지구,TRUE
대구광역시,달성군,다사읍,매곡리,A71181211,죽곡휴먼시아1단지,아파트,대구광역시 달성군 다사읍 매곡리 1539 죽곡휴먼시아1단지,대구광역시 달성군 대실역북로1길 6,20080617,7,594,지역난방,도시가스,CES,35.8595665,128.466878,죽곡지구,TRUE
대구광역시,달성군,다사읍,매곡리,A71175103,태왕드림하이츠,아파트,대구광역시 달성군 다사읍 매곡리 719-26 태왕드림하이츠,대구광역시 달성군 달구벌대로 802,20001110,4,282,개별난방,도시가스,대성에너지,35.8621076,128.4599378,,FALSE
대구광역시,달성군,다사읍,매곡리,A71181006,한서꼼빠니아,아파트,대구광역시 달성군 다사읍 매곡리 719-3 한서꼼빠니아,대구광역시 달성군 달구벌대로 802-1,19961115,3,448,개별난방,도시가스,대성에너지,35.8609349,128.4597709,,FALSE
대구광역시,달성군,다사읍,매곡리,A10023784,힐스테이트 다사역,아파트,대구광역시 달성군 다사읍 매곡리 637-6 힐스테이트 다사역,대구광역시 달성군 매곡로12길 22,20220530,6,674,개별난방,도시가스,대성에너지,35.8652516,128.4569631,,FALSE
대구광역시,달성군,유가읍,봉리,A10026758,대구테크노폴리스4단지,아파트,대구광역시 달성군 유가읍 봉리 602 대구테크노폴리스4단지,대구광역시 달성군 테크노상업로 111,20170918,9,922,개별난방,도시가스,대성에너지,35.694462,128.4608119,,FALSE
대구광역시,달성군,유가읍,봉리,A10022950,대구테크노폴리스예미지더센트럴,,대구광역시 달성군 유가읍 봉리 660 대구테크노폴리스예미지더센트럴,대구광역시 달성군 테크노북로 260,20231020,9,894,개별난방,도시가스,대성에너지,35.6943503,128.4500853,,FALSE
대구광역시,달성군,유가읍,봉리,A10027802,대구테크노폴리스우미린,아파트,대구광역시 달성군 유가읍 봉리 621 대구테크노폴리스우미린,대구광역시 달성군 테크노북로9길 16,20151120,10,827,개별난방,도시가스,대성에너지,35.6925855,128.4639135,,FALSE
대구광역시,달성군,유가읍,봉리,A10027206,제일풍경채 센트럴,아파트,대구광역시 달성군 유가읍 봉리 625 제일풍경채 센트럴,대구광역시 달성군 테크노대로 165,20161212,16,1029,개별난방,도시가스,대성에너지,35.6904921,128.4638926,,FALSE
대구광역시,달성군,유가읍,봉리,A10027705,테크노폴리스 남해오네뜨2차,아파트,대구광역시 달성군 유가읍 봉리 604 테크노폴리스 남해오네뜨2차,대구광역시 달성군 테크노대로5길 57,20160125,11,759,개별난방,도시가스,대성에너지,35.69437,128.4638795,,FALSE
대구광역시,달성군,유가읍,봉리,A10027645,테크노폴리스 반도유보라 아파트,아파트,대구광역시 달성군 유가읍 봉리 627 테크노폴리스 반도유보라 아파트,대구광역시 달성군 테크노대로 82,20160314,12,845,개별난방,도시가스,대성에너지,35.688946,128.4542714,,FALSE
대구광역시,달성군,유가읍,봉리,A10027399,테크노폴리스 진아리채 아파트,아파트,대구광역시 달성군 유가읍 봉리 603 테크노폴리스 진아리채 아파트,대구광역시 달성군 테크노대로5길 79,20160603,11,730,개별난방,도시가스,대성에너지,35.6959822,128.463866,,FALSE
대구광역시,달성군,유가읍,봉리,A10028093,테크노폴리스 하나리움 퀸즈파크,아파트,대구광역시 달성군 유가읍 봉리 601 테크노폴리스 하나리움 퀸즈파크,대구광역시 달성군 테크노북로 164,20150407,11,908,개별난방,도시가스,대성에너지,35.6959456,128.4608228,,FALSE
대구광역시,달성군,유가읍,봉리,A10027499,테크노폴리스 호반베르디움 아파트,아파트,대구광역시 달성군 유가읍 봉리 605 테크노폴리스 호반베르디움 아파트,대구광역시 달성군 테크노대로5길 57,20160316,12,770,개별난방,도시가스,대성에너지,35.69437,128.4638795,,FALSE
대구광역시,달성군,유가읍,봉리,A10027440,테크노폴리스 화성파크드림,아파트,대구광역시 달성군 유가읍 봉리 595 테크노폴리스 화성파크드림,대구광역시 달성군 테크노북로 165,20160801,10,639,개별난방,도시가스,대성에너지,35.697693,128.4608067,,FALSE
대구광역시,달성군,유가읍,봉리,A10027445,호반베르디움더클래스,아파트,대구광역시 달성군 유가읍 봉리 659 호반베르디움더클래스,대구광역시 달성군 테크노대로5길 80,20160801,13,887,개별난방,도시가스,대성에너지,35.6964171,128.4666876,,FALSE
대구광역시,달성군,유가읍,봉리,A10027778,힐데스하임 아파트,아파트,대구광역시 달성군 유가읍 봉리 622 힐데스하임 아파트,대구광역시 달성군 테크노북로9길 42,20151102,10,670,개별난방,도시가스,대성에너지,35.6926912,128.4670068,,FALSE
대구광역시,달성군,유가읍,쌍계리,A10026281,대구테크노폴리스 중흥S-클래스 포디움,아파트,대구광역시 달성군 유가읍 쌍계리 633 대구테크노폴리스 중흥S-클래스 포디움,대구광역시 달성군 테크노순환로 423,20180316,11,710,개별난방,도시가스,대성에너지,35.6989534,128.4660467,,FALSE
대구광역시,달성군,옥포읍,교항리,A10025291,대구옥포 르상트레빌,아파트,대구광역시 달성군 옥포읍 교항리 3008 대구옥포 르상트레빌,대구광역시 달성군 금계길 12,20190903,7,442,개별난방,도시가스,대성에너지,35.7852158,128.4481892,,FALSE
대구광역시,달성군,옥포읍,교항리,A10026095,옥포대성베르힐6단지,아파트,대구광역시 달성군 옥포읍 교항리 2998 옥포대성베르힐6단지,대구광역시 달성군 돌미로8길 19,20180823,7,391,개별난방,도시가스,대성에너지,35.7829262,128.4501661,,FALSE
대구광역시,달성군,옥포읍,교항리,A10027322,옥포대성베르힐아파트4단지 입주자대표회의,아파트,대구광역시 달성군 옥포읍 교항리 2964 옥포대성베르힐아파트4단지 입주자대표회의,대구광역시 달성군 돌미로 70,20161025,19,1067,개별난방,도시가스,대성에너지,35.780276,128.4429024,,FALSE
대구광역시,달성군,옥포읍,교항리,A10027040,옥포이진캐스빌아파트,아파트,대구광역시 달성군 옥포읍 교항리 2892 옥포이진캐스빌아파트,대구광역시 달성군 비슬로 2001,20170221,9,474,개별난방,도시가스,대성에너지,35.7836487,128.4401613,,FALSE
대구광역시,달성군,옥포읍,교항리,A71184303,옥포제림뉴타운,아파트,대구광역시 달성군 옥포읍 교항리 1519 옥포제림뉴타운,대구광역시 달성군 교항제림길 10,19990421,4,479,개별난방,도시가스,대성에너지,35.7901158,128.442486,,FALSE
대구광역시,달성군,옥포읍,교항리,A10024904,옥포지구서한이다음,아파트,대구광역시 달성군 옥포읍 교항리 2984 옥포지구서한이다음,대구광역시 달성군 돌미로6길 5,20200313,8,688,개별난방,도시가스,대성에너지,35.7812705,128.4481456,,FALSE
대구광역시,달성군,옥포읍,강림리,A10027641,대구옥포LH천년나무3단지,아파트,대구광역시 달성군 옥포읍 강림리 1133 대구옥포LH천년나무3단지,대구광역시 달성군 돌미로 2,20160311,13,791,개별난방,도시가스,대성에너지,35.7807343,128.4414175,,FALSE
대구광역시,달성군,옥포읍,강림리,A10028159,대구옥포엘에이치천년나무2단지,아파트,대구광역시 달성군 옥포읍 강림리 1105 대구옥포엘에이치천년나무2단지,대구광역시 달성군 옥포로 2,20150217,12,1366,개별난방,도시가스,대성에너지,35.7897887,128.4703668,,FALSE
대구광역시,달성군,옥포읍,강림리,A10028077,옥포 허브시티,아파트,대구광역시 달성군 옥포읍 강림리 1099 옥포 허브시티,대구광역시 달성군 비슬로 1941,20150407,10,815,개별난방,도시가스,대성에너지,35.7834236,128.4351734,,FALSE
대구광역시,달성군,옥포읍,본리리,A71184501,달성삼환나우빌,아파트,대구광역시 달성군 옥포읍 본리리 2648 달성삼환나우빌,대구광역시 달성군 비슬로447길 11,20071130,5,349,개별난방,도시가스,대성에너지,35.7910491,128.4652025,,FALSE
대구광역시,달성군,옥포읍,본리리,A10027072,미진이지비아,아파트,대구광역시 달성군 옥포읍 본리리 2590 미진이지비아,대구광역시 달성군 비슬로447길 56,20170308,10,1278,개별난방,도시가스,대성에너지,35.7957937,128.4664876,,FALSE
대구광역시,달성군,옥포읍,본리리,A71184502,옥포세광무지개마을,아파트,대구광역시 달성군 옥포읍 본리리 1149 옥포세광무지개마을,대구광역시 달성군 본리로 102,20011229,3,475,개별난방,도시가스,대성에너지,35.7951018,128.4540318,,FALSE
대구광역시,달성군,현풍읍,중리,A10027659,대구 테크노폴리스 LH천년나무1단지,아파트,대구광역시 달성군 현풍읍 중리 487 대구 테크노폴리스 LH천년나무1단지,대구광역시 달성군 테크노상업로 33,20160203,8,1390,개별난방,도시가스,대성에너지,35.6925091,128.451198,,FALSE
대구광역시,달성군,현풍읍,중리,A10027674,대구 테크노폴리스 LH천년나무2단지,아파트,대구광역시 달성군 현풍읍 중리 488 대구 테크노폴리스 LH천년나무2단지,대구광역시 달성군 테크노북로2길 30,20160303,7,1126,개별난방,도시가스,대성에너지,35.6904304,128.4505293,,FALSE
대구광역시,달성군,현풍읍,중리,A10027163,대구 테크노폴리스 일동미라주 더파크,아파트,대구광역시 달성군 현풍읍 중리 485 대구 테크노폴리스 일동미라주 더파크,대구광역시 달성군 테크노북로2길 9,20170207,10,870,개별난방,도시가스,대성에너지,35.6932472,128.4496639,,FALSE
대구광역시,달성군,현풍읍,중리,A10027868,대구테크노폴리스 남해오네뜨1차 아파트,아파트,대구광역시 달성군 현풍읍 중리 480 대구테크노폴리스 남해오네뜨1차 아파트,대구광역시 달성군 테크노북로4길 11,20150910,10,792,개별난방,도시가스,대성에너지,35.6959535,128.4549375,,FALSE
대구광역시,달성군,현풍읍,중리,A10026997,대구테크노폴리스LH천년나무3단지,아파트,대구광역시 달성군 현풍읍 중리 481 대구테크노폴리스LH천년나무3단지,대구광역시 달성군 테크노북로4길 27,20170427,4,1020,개별난방,도시가스,대성에너지,35.6944933,128.4551713,,FALSE
대구광역시,달성군,현풍읍,중리,A10028188,대구테크노폴리스서한이다음,아파트,대구광역시 달성군 현풍읍 중리 486 대구테크노폴리스서한이다음,대구광역시 달성군 테크노상업로 33,20141204,11,637,개별난방,도시가스,대성에너지,35.6925091,128.451198,,FALSE
대구광역시,달성군,현풍읍,중리,A10027393,제일풍경채더퍼스트아파트,아파트,대구광역시 달성군 현풍읍 중리 484 제일풍경채더퍼스트아파트,대구광역시 달성군 테크노상업로 49,20160701,11,601,개별난방,도시가스,대성에너지,35.693951,128.4529824,,FALSE
대구광역시,달성군,현풍읍,중리,A71187301,학산아파트,아파트,"대구광역시 달성군 현풍읍 중리 335,대구광역시 달성군 현풍읍 중리 335-1 학산아파트",대구광역시 달성군 현풍동로 23,19870703,7,380,개별난방,도시가스,대성에너지,35.6937048,128.4472462,,FALSE
대구광역시,달성군,현풍읍,원교리,A10021658,현풍주공아파트,아파트,대구광역시 달성군 현풍읍 원교리 103- 현풍주공아파트,대구광역시 달성군 현풍읍 비슬로120길 13,19851203,6,230,개별난방,도시가스,대성에너지,35.6925773,128.4425491,,FALSE
대구광역시,달성군,현풍읍,대리,A10025197,국가산단 서한이다음,아파트,대구광역시 달성군 현풍읍 대리 1176 국가산단 서한이다음,대구광역시 달성군 국가산단대로70길 41,20191029,11,1038,개별난방,도시가스,대성에너지,35.6625303,128.4202218,,FALSE
대구광역시,달성군,가창면,용계리,A71186503,가창중석타운,아파트,대구광역시 달성군 가창면 용계리 465 가창중석타운,대구광역시 달성군 가창로 1008,19970430,3,360,개별난방,도시가스,대성에너지,35.7957327,128.6276309,,FALSE
대구광역시,달성군,가창면,용계리,A71170204,국태모닝포유,아파트,대구광역시 달성군 가창면 용계리 33-20 국태모닝포유,대구광역시 달성군 가창로216길 55,20050321,3,150,개별난방,도시가스,대성에너지,35.8034623,128.6238694,,FALSE
대구광역시,달성군,가창면,용계리,A71186002,달성용계주공,아파트,대구광역시 달성군 가창면 용계리 34-2 달성용계주공,대구광역시 달성군 가창로216길 25,20050429,5,302,개별난방,도시가스,대성에너지,35.8024139,128.6246254,,FALSE
대구광역시,달성군,구지면,창리,A10024223,대구국가산단 디에트르 더 센트럴,아파트,대구광역시 달성군 구지면 창리 1434 대구국가산단 디에트르 더 센트럴,대구광역시 달성군 국가산단대로70길 17,20210630,11,881,개별난방,도시가스,대성에너지,35.6626449,128.4172921,,FALSE
대구광역시,달성군,구지면,창리,A10024543,대구국가산단 영무예다음,아파트,대구광역시 달성군 구지면 창리 1354 대구국가산단 영무예다음,대구광역시 달성군 국가산단서로84길 118,20201113,12,934,개별난방,도시가스,대성에너지,35.6615175,128.4057623,,FALSE
대구광역시,달성군,구지면,창리,A10024196,모아미래도 에듀퍼스트,아파트,대구광역시 달성군 구지면 창리 1447 모아미래도 에듀퍼스트,대구광역시 달성군 국가산단대로70길 42,20210728,9,704,개별난방,도시가스,대성에너지,35.6606008,128.4196066,,FALSE
대구광역시,달성군,구지면,응암리,A10027184,과학마을청아람,아파트,대구광역시 달성군 구지면 응암리 1210 과학마을청아람,대구광역시 달성군 과학마을로 70,20161227,9,895,개별난방,도시가스,대성에너지,35.6558018,128.4195481,,FALSE
대구광역시,달성군,구지면,응암리,A10024810,국가산단 반도유보라 아이비파크 2 아파트,아파트,대구광역시 달성군 구지면 응암리 1251 국가산단 반도유보라 아이비파크 2 아파트,대구광역시 달성군 국가산단북로60길 59,20200626,6,527,개별난방,도시가스,대성에너지,35.6581987,128.4198523,,FALSE
대구광역시,달성군,구지면,응암리,A71189101,달성화성파크드림,아파트,대구광역시 달성군 구지면 응암리 1178 달성화성파크드림,대구광역시 달성군 과학마을로2길 6,20110201,13,1228,개별난방,도시가스,대성에너지,35.654848,128.4126356,,FALSE
대구광역시,달성군,구지면,응암리,A10027104,대구국가산단 반도유보라 아이비파크,아파트,대구광역시 달성군 구지면 응암리 1199 대구국가산단 반도유보라 아이비파크,대구광역시 달성군 과학마을로3길 14,20170110,9,813,개별난방,도시가스,대성에너지,35.6574069,128.4180795,,FALSE
대구광역시,달성군,구지면,응암리,A10024764,대구국가산단줌파크아파트,아파트,대구광역시 달성군 구지면 응암리 1252 대구국가산단줌파크아파트,대구광역시 달성군 국가산단대로64길 63,20200629,7,596,개별난방,도시가스,대성에너지,35.656694,128.4215448,,FALSE
대구광역시,달성군,구지면,화산리,A10024579,대구국가산단 반도유보라 아이비파크3.0,아파트,대구광역시 달성군 구지면 화산리 1105 대구국가산단 반도유보라 아이비파크3.0,대구광역시 달성군 국가산단북로34길 10,20201021,8,775,개별난방,도시가스,대성에너지,35.6632336,128.4061435,,FALSE
경상북도,경산시,,삼북동,A71275901,삼북주공아파트,아파트,경상북도 경산시 삼북동 27 삼북주공아파트,경상북도 경산시 장산로 152,19970311,9,620,개별난방,도시가스,대성에너지,35.8177872,128.7416798,,FALSE
경상북도,경산시,,서상동,A10024300,동남아파트,,경상북도 경산시 서상동 131-7 동남아파트,경상북도 경산시 서상길 23,19900922,1,106,개별난방,도시가스,대성에너지,35.8145311,128.736599,,FALSE
경상북도,경산시,,상방동,A71207002,경산태성맨션,아파트,경상북도 경산시 상방동 130 경산태성맨션,경상북도 경산시 남매로6길 20,19950522,2,321,개별난방,도시가스,대성에너지,35.8123018,128.7429243,,FALSE
경상북도,경산시,,상방동,A10025180,남천리버뷰우방아이유쉘,아파트,경상북도 경산시 상방동 298 남천리버뷰우방아이유쉘,경상북도 경산시 삼성현로 347,20191023,2,279,개별난방,도시가스,대성에너지,35.8090817,128.7383677,,FALSE
경상북도,경산시,,상방동,A71279501,상방주공아파트,아파트,경상북도 경산시 상방동 292 상방주공아파트,경상북도 경산시 남매로6길 7,20061121,7,528,개별난방,도시가스,대성에너지,35.8137281,128.7423652,,FALSE
경상북도,경산시,,백천동,A71275406,경산백천1,아파트,경상북도 경산시 백천동 570 경산백천1,경상북도 경산시 경청로222길 7,19950907,4,627,중앙난방,도시가스,대성에너지,35.8043195,128.7405404,,FALSE
경상북도,경산시,,백천동,A71210005,경산백천월드메르디앙,아파트,경상북도 경산시 백천동 571-2 경산백천월드메르디앙,경상북도 경산시 경청로221길 12,20051028,11,873,개별난방,도시가스,대성에너지,35.8056014,128.7381983,,FALSE
경상북도,경산시,,백천동,A10026245,경산삼도뷰엔빌W아파트,아파트,경상북도 경산시 백천동 166 경산삼도뷰엔빌W아파트,경상북도 경산시 경청로222길 34,20180731,12,1213,개별난방,도시가스,대성에너지,35.8024651,128.7440017,,FALSE
경상북도,경산시,,백천동,A71210001,동화리버빌,아파트,경상북도 경산시 백천동 572-1 동화리버빌,경상북도 경산시 경청로221길 17,20050321,5,296,개별난방,도시가스,대성에너지,35.8040641,128.737077,,FALSE
경상북도,경산시,,백천동,A71210003,백천신나리아파트,아파트,경상북도 경산시 백천동 588-1 백천신나리아파트,경상북도 경산시 경청로222길 8,20050929,8,630,개별난방,도시가스,대성에너지,35.8030816,128.7400605,,FALSE
경상북도,경산시,,백천동,A71210004,부영초록마을,아파트,경상북도 경산시 백천동 571-1 부영초록마을,경상북도 경산시 백천동로 5,20041124,11,872,개별난방,도시가스,대성에너지,35.8072472,128.738624,,FALSE
경상북도,경산시,,백천동,A71210002,윤성2차아파트,아파트,경상북도 경산시 백천동 115-7 윤성2차아파트,경상북도 경산시 백천길 29,19951127,3,413,개별난방,도시가스,대성에너지,35.804672,128.7423939,,FALSE
경상북도,경산시,,옥곡동,A71208007,경산서부1차부영아파트,아파트,경상북도 경산시 옥곡동 831-1 경산서부1차부영아파트,경상북도 경산시 경산로 21,20040421,7,688,개별난방,도시가스,대성에너지,35.810695,128.7332406,,FALSE
경상북도,경산시,,옥곡동,A71208004,경산서부2차부영,아파트,경상북도 경산시 옥곡동 829-1 경산서부2차부영,경상북도 경산시 경산로 26,20050729,7,510,개별난방,도시가스,대성에너지,35.8126853,128.7344317,,FALSE
경상북도,경산시,,옥곡동,A71208008,경산서부3차부영사랑으로,아파트,경상북도 경산시 옥곡동 832-1 경산서부3차부영사랑으로,경상북도 경산시 강변서로 17,20060616,11,966,개별난방,도시가스,대성에너지,35.8107927,128.7353409,,FALSE
경상북도,경산시,,옥곡동,A10027666,경산옥곡태왕아너스고은,아파트,경상북도 경산시 옥곡동 85-12 경산옥곡태왕아너스고은,경상북도 경산시 옥실길 66,20151030,3,225,개별난방,도시가스,대성에너지,35.8098493,128.7308165,,FALSE
경상북도,경산시,,옥곡동,A71208002,경산옥곡한일유앤아이,아파트,경상북도 경산시 옥곡동 828 경산옥곡한일유앤아이,경상북도 경산시 경산로 40,20050729,6,328,개별난방,도시가스,대성에너지,35.8138146,128.7331881,,FALSE
경상북도,경산시,,옥곡동,A71277801,경산우방유쉘,아파트,경상북도 경산시 옥곡동 3-1 경산우방유쉘,경상북도 경산시 강변서로 111,20091109,3,297,개별난방,도시가스,대성에너지,35.8175235,128.731977,,FALSE
경상북도,경산시,,옥곡동,A71208005,동화프라임빌,아파트,경상북도 경산시 옥곡동 830 동화프라임빌,경상북도 경산시 경산로 25,20040618,6,516,개별난방,도시가스,대성에너지,35.8119781,128.7324098,,FALSE
경상북도,경산시,,옥곡동,A71208003,성암산 신동아파밀리에,아파트,경상북도 경산시 옥곡동 85-1 성암산 신동아파밀리에,경상북도 경산시 장산로4길 10,20090102,18,900,개별난방,도시가스,대성에너지,35.8144044,128.7269695,,FALSE
경상북도,경산시,,옥곡동,A71279301,웰리치성암,아파트,경상북도 경산시 옥곡동 80 웰리치성암,경상북도 경산시 삼성현로 203,20060630,5,250,개별난방,도시가스,대성에너지,35.8157904,128.7257287,,FALSE
경상북도,경산시,,사정동,A10020843,경산창신1차,아파트,경상북도 경산시 사정동 15- 경산창신1차,경상북도 경산시 경산로 136-5,19890522,1,115,개별난방,도시가스,대성에너지,35.8215356,128.7292332,,FALSE
경상북도,경산시,,사정동,A71275802,옥산삼산타운,아파트,경상북도 경산시 사정동 124 옥산삼산타운,경상북도 경산시 선비길 57,19950929,3,342,개별난방,도시가스,대성에너지,35.8193383,128.7246031,,FALSE
경상북도,경산시,,사정동,A71205001,옥산서한이다음아파트,아파트,경상북도 경산시 사정동 141 옥산서한이다음아파트,경상북도 경산시 선비길 45,20051202,4,237,개별난방,도시가스,대성에너지,35.818536,128.7250048,,FALSE
경상북도,경산시,,옥산동,A71209006,신화평광아파트,아파트,경상북도 경산시 옥산동 725-2 신화평광아파트,경상북도 경산시 경산로44길 29,19960629,8,941,개별난방,도시가스,대성에너지,35.8288572,128.7278317,,FALSE
경상북도,경산시,,옥산동,A71280101,옥산우방타운,아파트,경상북도 경산시 옥산동 884-1 옥산우방타운,경상북도 경산시 성암로 26,19930517,6,764,개별난방,도시가스,대성에너지,35.8216335,128.7211354,,FALSE
경상북도,경산시,,옥산동,A71209005,옥산청구타운,아파트,경상북도 경산시 옥산동 884-2 옥산청구타운,경상북도 경산시 성암로8길 24,19930506,6,610,개별난방,도시가스,대성에너지,35.8201106,128.7221188,,FALSE
경상북도,경산시,,옥산동,A71276102,옥산해오름,아파트,경상북도 경산시 옥산동 884-4 옥산해오름,경상북도 경산시 삼성현로31길 7,19940926,7,672,개별난방,도시가스,대성에너지,35.8197876,128.7204443,,FALSE
경상북도,경산시,,옥산동,A71276703,옥산협화타운,아파트,경상북도 경산시 옥산동 884 옥산협화타운,경상북도 경산시 성암로 8,19940705,7,570,개별난방,도시가스,대성에너지,35.821,128.7190648,,FALSE
경상북도,경산시,,옥산동,A71276404,창신성암타운,아파트,경상북도 경산시 옥산동 885 창신성암타운,경상북도 경산시 삼성현로31길 12,19930616,5,579,개별난방,도시가스,대성에너지,35.8183528,128.7223433,,FALSE
경상북도,경산시,,중산동,A71228001,경남신성아파트,아파트,경상북도 경산시 중산동 35-3 경남신성아파트,경상북도 경산시 성암로21길 69,19961207,13,1118,개별난방,도시가스,대성에너지,35.8302063,128.7248267,,FALSE
경상북도,경산시,,중산동,A71228002,옥산태왕한라타운,아파트,경상북도 경산시 중산동 36-2 옥산태왕한라타운,경상북도 경산시 대학로8길 32,19960620,10,1176,개별난방,도시가스,대성에너지,35.8309736,128.7266249,,FALSE
경상북도,경산시,,중산동,A10022893,중산자이1단지,아파트,경상북도 경산시 중산동 705 중산자이1단지,경상북도 경산시 펜타힐즈1로 130,20231129,8,1144,개별난방,도시가스,대성에너지,35.8288232,128.7130755,,FALSE
경상북도,경산시,,중산동,A10022896,중산자이2단지,아파트,경상북도 경산시 중산동 706 중산자이2단지,경상북도 경산시 펜타힐즈1로 84,20231129,3,309,개별난방,도시가스,대성에너지,35.8288232,128.7130755,,FALSE
경상북도,경산시,,중산동,A10024332,중산하늘채더퍼스트,아파트,경상북도 경산시 중산동 693 중산하늘채더퍼스트,경상북도 경산시 경산로 280,20210329,12,1184,개별난방,도시가스,대성에너지,35.8338253,128.7241377,,FALSE
경상북도,경산시,,중산동,A10026826,펜타힐즈 더샵1차,아파트,경상북도 경산시 중산동 643 펜타힐즈 더샵1차,경상북도 경산시 펜타힐즈2로 60,20170814,9,1696,개별난방,도시가스,대성에너지,35.8290539,128.7215163,,FALSE
경상북도,경산시,,중산동,A10022078,펜타힐즈 푸르지오 2차,,경상북도 경산시 중산동 686- 펜타힐즈 푸르지오 2차,경상북도 경산시 펜타힐즈4로 13,20240927,3,506,개별난방,도시가스,대성에너지,35.8308352,128.7196302,,FALSE
경상북도,경산시,,중산동,A10026129,펜타힐즈더샵2차아파트,아파트,경상북도 경산시 중산동 655 펜타힐즈더샵2차아파트,경상북도 경산시 펜타힐즈2로 40,20180724,4,791,개별난방,도시가스,대성에너지,35.8269516,128.7203974,,FALSE
경상북도,경산시,,중산동,A71277401,펜타힐즈서한이다음,아파트,경상북도 경산시 중산동 624 펜타힐즈서한이다음,경상북도 경산시 옥산로 217,20141127,5,784,개별난방,도시가스,대성에너지,35.8345191,128.7183675,,FALSE
경상북도,경산시,,중산동,A10025420,펜타힐즈푸르지오,아파트,경상북도 경산시 중산동 663 펜타힐즈푸르지오,경상북도 경산시 펜타힐즈2로 20,20190516,5,753,개별난방,도시가스,대성에너지,35.8258251,128.717789,,FALSE
경상북도,경산시,,중산동,A10024343,힐스테이트펜타힐즈,아파트,경상북도 경산시 중산동 688 힐스테이트펜타힐즈,경상북도 경산시 펜타힐즈2로 10,20210329,5,657,개별난방,도시가스,대성에너지,35.8254653,128.7159704,,FALSE
경상북도,경산시,,정평동,A71211003,경산3차우방맨션,아파트,경상북도 경산시 정평동 255-87 경산3차우방맨션,경상북도 경산시 대학로12길 11-2,19940906,2,192,개별난방,도시가스,대성에너지,35.832473,128.7300329,,FALSE
경상북도,경산시,,정평동,A71211006,경산LIG1단지,아파트,"경상북도 경산시 정평동 151,경상북도 경산시 정평동 154 경산LIG1단지",경상북도 경산시 대학로9길 15-9,20050723,4,256,개별난방,도시가스,대성에너지,35.8358514,128.7265659,,FALSE
경상북도,경산시,,정평동,A71211005,경산우방1차맨션,아파트,경상북도 경산시 정평동 138-6 경산우방1차맨션,경상북도 경산시 대학로16길 6,19900723,2,254,개별난방,도시가스,대성에너지,35.8333668,128.7299649,,FALSE
경상북도,경산시,,정평동,A71211007,경산우방2차,아파트,경상북도 경산시 정평동 138-4 경산우방2차,경상북도 경산시 대학로12길 6,19911104,2,291,개별난방,도시가스,대성에너지,35.8334021,128.7286968,,FALSE
경상북도,경산시,,정평동,A71277004,경산한서신혼하이츠,아파트,경상북도 경산시 정평동 255-39 경산한서신혼하이츠,경상북도 경산시 대학로13길 26,19931030,1,228,개별난방,도시가스,대성에너지,35.8363753,128.7296364,,FALSE
경상북도,경산시,,정평동,A71277309,경산현대아파트,아파트,경상북도 경산시 정평동 240 경산현대아파트,경상북도 경산시 강변서로51길 15-6,19920328,4,495,개별난방,도시가스,대성에너지,35.8291459,128.7295568,,FALSE
경상북도,경산시,,정평동,A71211002,경산현대타운,아파트,경상북도 경산시 정평동 130 경산현대타운,경상북도 경산시 대학로9길 8,19961028,10,973,개별난방,도시가스,대성에너지,35.8355027,128.7284945,,FALSE
경상북도,경산시,,정평동,A10024529,정평역 하늘채 RIVER PARK,아파트,경상북도 경산시 정평동 276 정평역 하늘채 RIVER PARK,경상북도 경산시 정평길 30,20201103,9,904,개별난방,도시가스,대성에너지,35.8398062,128.7266051,,FALSE
경상북도,경산시,,정평동,A71211010,태왕귀빈타운,아파트,경상북도 경산시 정평동 222 태왕귀빈타운,경상북도 경산시 대학로12길 24,19930330,6,750,개별난방,도시가스,대성에너지,35.8315544,128.7285737,,FALSE
경상북도,경산시,,정평동,A71277108,한솔1차아파트,아파트,경상북도 경산시 정평동 123 한솔1차아파트,경상북도 경산시 대학로9길 34,19970214,3,448,개별난방,도시가스,대성에너지,35.8373437,128.7280616,,FALSE
경상북도,경산시,,정평동,A71277101,한솔2차아파트,아파트,경상북도 경산시 정평동 255-35 한솔2차아파트,경상북도 경산시 대학로13길 42,19980420,2,350,개별난방,도시가스,대성에너지,35.8374634,128.7286072,,FALSE
경상북도,경산시,,정평동,A10022415,한솔3차아파트,,경상북도 경산시 정평동 168- 한솔3차아파트,경상북도 경산시 대학로13길 53,19980202,1,144,개별난방,도시가스,대성에너지,35.8385812,128.7268486,,FALSE
경상북도,경산시,,대평동,A71213001,경산대평그린빌,아파트,경상북도 경산시 대평동 428-1 경산대평그린빌,경상북도 경산시 경안로69길 12,20040910,13,1278,개별난방,도시가스,대성에너지,35.8386318,128.7316899,,FALSE
경상북도,경산시,,대평동,A10026327,협성휴포레 경산대평,아파트,경상북도 경산시 대평동 463 협성휴포레 경산대평,경상북도 경산시 대평길 8,20180413,4,494,개별난방,도시가스,대성에너지,35.842052,128.731222,,FALSE
경상북도,경산시,,임당동,A10027261,영남대역 코아루 더테라스,아파트,경상북도 경산시 임당동 522 영남대역 코아루 더테라스,경상북도 경산시 궁당로 55,20160701,4,148,개별난방,도시가스,대성에너지,35.8445194,128.7496943,,FALSE
경상북도,경산시,,계양동,A10025554,경산임당호반베르디움,아파트,경상북도 경산시 계양동 769 경산임당호반베르디움,경상북도 경산시 남매공원로 6,20190227,7,587,개별난방,도시가스,대성에너지,35.8315952,128.7422126,,FALSE
경상북도,경산시,,계양동,A71275103,계양주공1단지아파트,아파트,경상북도 경산시 계양동 669 계양주공1단지아파트,경상북도 경산시 원효로32길 20,19851112,13,410,개별난방,도시가스,대성에너지,35.8192987,128.7517909,,FALSE
경상북도,경산시,,계양동,A71212004,계양주공2.3차,아파트,경상북도 경산시 계양동 669 계양주공2.3차,경상북도 경산시 원효로32길 20,19870530,18,680,개별난방,도시가스,대성에너지,35.8192987,128.7517909,,FALSE
경상북도,경산시,,계양동,A71212002,초원맘모스,아파트,경상북도 경산시 계양동 672-1 초원맘모스,경상북도 경산시 원효로22길 22,19900918,1,262,개별난방,도시가스,대성에너지,35.8212715,128.7487345,,FALSE
경상북도,경산시,,계양동,A10021072,초원전원아파트,아파트,"경상북도 경산시 계양동 690-,경상북도 경산시 계양동 691- 초원전원아파트",경상북도 경산시 계양로8길 34,19901119,4,207,개별난방,도시가스,대성에너지,35.8170297,128.7508309,,FALSE
경상북도,경산시,,중방동,A10022589,경산세광아파트,,경상북도 경산시 중방동 818-59 경산세광아파트,경상북도 경산시 강변서로 271,19920310,2,138,개별난방,도시가스,대성에너지,35.8316606,128.7319936,,FALSE
경상북도,경산시,,중방동,A71270302,중방e편한세상1단지,아파트,경상북도 경산시 중방동 893 중방e편한세상1단지,경상북도 경산시 대학로32길 12,20100223,6,452,개별난방,도시가스,대성에너지,35.8328183,128.7387318,,FALSE
경상북도,경산시,,중방동,A71270301,중방e편한세상2단지,아파트,경상북도 경산시 중방동 894 중방e편한세상2단지,경상북도 경산시 대학로28길 31,20100223,6,463,개별난방,도시가스,대성에너지,35.8313283,128.7384858,,FALSE
경상북도,경산시,,중방동,A71270303,중방e편한세상3단지,아파트,경상북도 경산시 중방동 895 중방e편한세상3단지,경상북도 경산시 경안로56길 14,20100223,7,562,개별난방,도시가스,대성에너지,35.8313142,128.7365521,,FALSE
경상북도,경산시,,중방동,A10023144,중방스타힐스,아파트,경상북도 경산시 중방동 914 중방스타힐스,경상북도 경산시 강변동로 206,20230926,10,960,개별난방,도시가스,대성에너지,35.8275339,128.7327642,,FALSE
경상북도,경산시,,중방동,A10022738,초원하이츠,,경상북도 경산시 중방동 831-1 초원하이츠,경상북도 경산시 중방로 32-3,19891226,1,144,개별난방,도시가스,대성에너지,35.8298543,128.7382519,,FALSE
경상북도,경산시,,조영동,A10021268,강산애아파트,아파트,경상북도 경산시 조영동 572-2 강산애아파트,경상북도 경산시 둥지로 24,20040906,9,299,개별난방,도시가스,대성에너지,35.8416262,128.7551394,,FALSE
경상북도,경산시,,평산동,A71225001,사동휴먼시아2단지,아파트,경상북도 경산시 평산동 695 사동휴먼시아2단지,경상북도 경산시 솔숲길 100,20090408,6,521,개별난방,도시가스,대성에너지,35.8080165,128.7616291,,FALSE
경상북도,경산시,,사동,A71277901,경산3차부영아파트,아파트,경상북도 경산시 사동 659-1 경산3차부영아파트,경상북도 경산시 백자로20길 9,20030908,4,340,개별난방,도시가스,대성에너지,35.8144443,128.7579348,,FALSE
경상북도,경산시,,사동,A71219005,경산계양우방아파트,아파트,경상북도 경산시 사동 595 경산계양우방아파트,경상북도 경산시 백자로 103,19940901,2,192,개별난방,도시가스,대성에너지,35.8147543,128.7565537,,FALSE
경상북도,경산시,,사동,A71219007,경산사동1차부영,아파트,경상북도 경산시 사동 662-1 경산사동1차부영,경상북도 경산시 백자로20길 53,20011115,8,640,개별난방,도시가스,대성에너지,35.8127448,128.7624807,,FALSE
경상북도,경산시,,사동,A71219008,경산사동2차부영아파트,아파트,경상북도 경산시 사동 650-1 경산사동2차부영아파트,경상북도 경산시 장산로 319,20011231,8,720,개별난방,도시가스,대성에너지,35.8154807,128.7597132,,FALSE
경상북도,경산시,,사동,A71277605,경산사동6차부영,아파트,경상북도 경산시 사동 148 경산사동6차부영,경상북도 경산시 백자로10길 11,20130225,21,1395,개별난방,도시가스,대성에너지,35.8107151,128.7565267,,FALSE
경상북도,경산시,,사동,A71277601,경산사동부영5차,아파트,경상북도 경산시 사동 670-1 경산사동부영5차,경상북도 경산시 백양로 181,20031219,7,758,개별난방,도시가스,대성에너지,35.8113145,128.7615509,,FALSE
경상북도,경산시,,사동,A71275703,경산초원파크,아파트,경상북도 경산시 사동 600-3 경산초원파크,경상북도 경산시 백양로 91,19910715,1,420,개별난방,도시가스,대성에너지,35.815102,128.7519962,,FALSE
경상북도,경산시,,사동,A71275502,동산아파트,아파트,경상북도 경산시 사동 600 동산아파트,경상북도 경산시 원효로32길 45,19910131,5,370,개별난방,도시가스,대성에너지,35.8163287,128.7522548,,FALSE
경상북도,경산시,,사동,A71277604,사동2지구화성파크드림,아파트,경상북도 경산시 사동 21 사동2지구화성파크드림,경상북도 경산시 삼성현로91길 45,20101021,8,505,개별난방,도시가스,대성에너지,35.8108303,128.7524545,,FALSE
경상북도,경산시,,사동,A71277602,사동휴먼시아1단지,아파트,경상북도 경산시 사동 180 사동휴먼시아1단지,경상북도 경산시 백자로10길 57,20090708,10,896,개별난방,도시가스,대성에너지,35.8087117,128.7591888,,FALSE
경상북도,경산시,,사동,A71275606,창신백조1차,아파트,경상북도 경산시 사동 600-5 창신백조1차,경상북도 경산시 원효로36길 46,19900331,5,360,개별난방,도시가스,대성에너지,35.8159033,128.7533251,,FALSE
경상북도,경산시,,사동,A10021060,창신백조2차아파트,아파트,경상북도 경산시 사동 600-1 창신백조2차아파트,경상북도 경산시 원효로32길 55,19901013,2,204,개별난방,도시가스,대성에너지,35.8153576,128.7513603,,FALSE
경상북도,경산시,,사동,A10025257,팰리스부영1단지,아파트,경상북도 경산시 사동 310 팰리스부영1단지,경상북도 경산시 삼성현로91길 9,20190730,9,630,개별난방,도시가스,대성에너지,35.8078427,128.7468295,,FALSE
경상북도,경산시,,사동,A10024722,팰리스부영2단지,아파트,경상북도 경산시 사동 297 팰리스부영2단지,경상북도 경산시 삼성현로91길 10,20200428,15,1028,개별난방,도시가스,대성에너지,35.8079616,128.7501732,,FALSE
경상북도,경산시,,사동,A71219004,효동맨션,아파트,경상북도 경산시 사동 575 효동맨션,경상북도 경산시 원효로34길 22,19940915,1,157,개별난방,도시가스,대성에너지,35.8182618,128.7537404,,FALSE
경상북도,경산시,,삼풍동,A71277701,경산태왕드림하이츠,아파트,경상북도 경산시 삼풍동 500-1 경산태왕드림하이츠,경상북도 경산시 삼풍로 13-7,20011115,10,1015,개별난방,도시가스,대성에너지,35.8224473,128.7530202,,FALSE
경상북도,경산시,하양읍,금락리,A71290506,하나맨션1차,아파트,경상북도 경산시 하양읍 금락리 116-58 하나맨션1차,경상북도 경산시 대경로 683-7,19920603,2,238,개별난방,도시가스,대성에너지,35.9091982,128.8150753,,FALSE
경상북도,경산시,하양읍,금락리,A71290202,하양2차롯데낙천대,아파트,경상북도 경산시 하양읍 금락리 407-1 하양2차롯데낙천대,경상북도 경산시 대학로295길 26,20060627,7,486,개별난방,도시가스,대성에너지,35.9098568,128.8208009,,FALSE
경상북도,경산시,하양읍,금락리,A71270108,하양3차우방타운,아파트,경상북도 경산시 하양읍 금락리 130-8 하양3차우방타운,경상북도 경산시 문화로 3,19941114,3,484,개별난방,도시가스,대성에너지,35.9096758,128.8129622,,FALSE
경상북도,경산시,하양읍,금락리,A71270110,하양금락우방타운,아파트,경상북도 경산시 하양읍 금락리 391-1 하양금락우방타운,경상북도 경산시 대학로298길 19-3,19971215,2,365,개별난방,도시가스,대성에너지,35.9120628,128.824156,,FALSE
경상북도,경산시,하양읍,금락리,A71290204,하양롯데1차아파트,아파트,경상북도 경산시 하양읍 금락리 392-1 하양롯데1차아파트,경상북도 경산시 대학로298길 20-9,19990205,10,724,개별난방,도시가스,대성에너지,35.9115429,128.8263852,,FALSE
경상북도,경산시,하양읍,금락리,A10021199,하양우방2차,아파트,경상북도 경산시 하양읍 금락리 130-5 하양우방2차,경상북도 경산시 하양읍 하양로 27,19891110,1,200,개별난방,도시가스,대성에너지,35.9089184,128.8120566,,FALSE
경상북도,경산시,하양읍,금락리,A71291103,하양평광타운,아파트,경상북도 경산시 하양읍 금락리 408-1 하양평광타운,경상북도 경산시 대학로295길 42,19980806,3,700,개별난방,도시가스,대성에너지,35.9092969,128.8195409,,FALSE
경상북도,경산시,하양읍,동서리,A10027540,경산하양코아루 1차,아파트,경상북도 경산시 하양읍 동서리 1216 경산하양코아루 1차,경상북도 경산시 하양로37길 17,20160511,4,314,개별난방,도시가스,대성에너지,35.9184727,128.826979,,FALSE
경상북도,경산시,하양읍,동서리,A10027081,경산하양코아루2차,아파트,경상북도 경산시 하양읍 동서리 1218 경산하양코아루2차,경상북도 경산시 하양로37길 19,20170224,6,441,개별난방,도시가스,대성에너지,35.9196899,128.8274004,,FALSE
경상북도,경산시,하양읍,동서리,A71290007,하양2차청구타운,아파트,경상북도 경산시 하양읍 동서리 740-1 하양2차청구타운,경상북도 경산시 하양로 202-8,20010319,4,406,개별난방,도시가스,대성에너지,35.9166412,128.8268171,,FALSE
경상북도,경산시,하양읍,동서리,A71290801,하양삼우궁전맨션,아파트,경상북도 경산시 하양읍 동서리 747 하양삼우궁전맨션,경상북도 경산시 대경로159길 12,19920810,2,163,개별난방,도시가스,대성에너지,35.9160244,128.8250819,,FALSE
경상북도,경산시,하양읍,동서리,A71290009,하양청구타운,아파트,경상북도 경산시 하양읍 동서리 1082-1 하양청구타운,경상북도 경산시 하양로33길 6,19940629,4,546,개별난방,도시가스,대성에너지,35.9184076,128.8235754,,FALSE
경상북도,경산시,하양읍,동서리,A10026537,하양코아루3차,아파트,경상북도 경산시 하양읍 동서리 1220 하양코아루3차,경상북도 경산시 하양로37길 33,20170927,4,212,개별난방,도시가스,대성에너지,35.9203105,128.8282962,,FALSE
경상북도,경산시,하양읍,도리리,A71270105,하양동신,아파트,경상북도 경산시 하양읍 도리리 112-6 하양동신,경상북도 경산시 무학로 6,19970205,2,188,개별난방,도시가스,대성에너지,35.9166381,128.8156774,,FALSE
경상북도,경산시,하양읍,서사리,A10022658,경산하양 제일풍경채,아파트,경상북도 경산시 하양읍 서사리 278 경산하양 제일풍경채,경상북도 경산시 서사도리로 11,20240329,4,614,개별난방,도시가스,대성에너지,35.9178977,128.8078032,,FALSE
경상북도,경산시,하양읍,서사리,A10023401,경산하양금호어울림,아파트,경상북도 경산시 하양읍 서사리 281 경산하양금호어울림,경상북도 경산시 서사도리로 31,20221230,5,626,개별난방,도시가스,대성에너지,35.9178977,128.8078032,,FALSE
경상북도,경산시,하양읍,서사리,A10024199,우미린 더센트럴,아파트,경상북도 경산시 하양읍 서사리 351 우미린 더센트럴,경상북도 경산시 서사도리로 70,20210608,6,737,개별난방,도시가스,대성에너지,35.9172558,128.8078345,,FALSE
경상북도,경산시,하양읍,서사리,A10023428,우미린 에코포레,아파트,경상북도 경산시 하양읍 서사리 286 우미린 에코포레,경상북도 경산시 서사도리로 71,20221125,5,787,개별난방,도시가스,대성에너지,35.9178977,128.8078032,,FALSE
경상북도,경산시,하양읍,서사리,A10024312,하양 호반써밋 더퍼스트,아파트,경상북도 경산시 하양읍 서사리 349 하양 호반써밋 더퍼스트,경상북도 경산시 서사도리로 80,20210428,6,655,개별난방,도시가스,대성에너지,35.917571,128.8098429,,FALSE
경상북도,경산시,하양읍,양지리,A10023867,경산하양LH천년나무3단지,아파트,경상북도 경산시 하양읍 양지리 265 경산하양LH천년나무3단지,경상북도 경산시 서사도리4로 12,20220316,4,765,중앙난방,도시가스,대성에너지,35.919808,128.808917,,FALSE
경상북도,경산시,하양읍,양지리,A10023921,하양 LH 천년나무 4단지,아파트,경상북도 경산시 하양읍 양지리 266 하양 LH 천년나무 4단지,경상북도 경산시 서사도리4로 22,20220215,4,723,개별난방,도시가스,대성에너지,35.9208427,128.8091896,,FALSE
경상북도,경산시,하양읍,대학리,A10023313,경산하양파인앤유더퍼스트,아파트,경상북도 경산시 하양읍 대학리 1107 경산하양파인앤유더퍼스트,경상북도 경산시 지식산업로4길 8,20230131,1,280,개별난방,도시가스,대성에너지,35.9325033,128.8225205,,FALSE
경상북도,경산시,진량읍,신상리,A71283712,경산보국웰리치,아파트,경상북도 경산시 진량읍 신상리 205-1 경산보국웰리치,경상북도 경산시 해든길 11,20050415,5,534,개별난방,도시가스,대성에너지,35.8729739,128.8175863,,FALSE
경상북도,경산시,진량읍,신상리,A71283010,경산우방힐타운,아파트,경상북도 경산시 진량읍 신상리 868 경산우방힐타운,경상북도 경산시 공단로 527,19991217,5,509,개별난방,도시가스,대성에너지,35.8789095,128.8169591,,FALSE
경상북도,경산시,진량읍,선화리,A71283011,선화청구타운,아파트,경상북도 경산시 진량읍 선화리 731 선화청구타운,경상북도 경산시 영청길 22,19971201,3,513,개별난방,도시가스,대성에너지,35.8740647,128.8011055,,FALSE
경상북도,경산시,진량읍,선화리,A71273407,윤성1차타운,아파트,경상북도 경산시 진량읍 선화리 1089 윤성1차타운,경상북도 경산시 선화로20길 25,19951229,5,1305,개별난방,도시가스,대성에너지,35.8651855,128.7941037,,FALSE
경상북도,경산시,진량읍,선화리,A10026482,이안경산진량,아파트,경상북도 경산시 진량읍 선화리 1990 이안경산진량,경상북도 경산시 일연로 747,20171012,6,540,개별난방,도시가스,대성에너지,35.8752269,128.8035869,,FALSE
경상북도,경산시,진량읍,선화리,A71283102,진량영호맨션,아파트,경상북도 경산시 진량읍 선화리 720-2 진량영호맨션,경상북도 경산시 영청길 10,19930226,2,186,개별난방,도시가스,대성에너지,35.8736797,128.799747,,FALSE
경상북도,경산시,진량읍,선화리,A10024549,진량호반써밋 더포레스트,아파트,경상북도 경산시 진량읍 선화리 2206 진량호반써밋 더포레스트,경상북도 경산시 선항6길 30,20201030,6,549,개별난방,도시가스,대성에너지,35.873955,128.8114768,,FALSE
경상북도,경산시,진량읍,봉회리,A71283506,삼주1차봉황타운,아파트,경상북도 경산시 진량읍 봉회리 71-1 삼주1차봉황타운,경상북도 경산시 봉황길 31,19961207,4,1177,개별난방,도시가스,대성에너지,35.885331,128.8224198,,FALSE
경상북도,경산시,진량읍,봉회리,A71271409,삼주2차봉황타운,아파트,경상북도 경산시 진량읍 봉회리 81-4 삼주2차봉황타운,경상북도 경산시 봉황길 36,19961209,2,495,개별난방,도시가스,대성에너지,35.883516,128.8226108,,FALSE
경상북도,경산시,진량읍,봉회리,A71271414,삼주3차봉황타운,아파트,경상북도 경산시 진량읍 봉회리 62-16 삼주3차봉황타운,경상북도 경산시 봉황길 21,19971217,2,285,개별난방,도시가스,대성에너지,35.8850218,128.8199248,,FALSE
경상북도,경산시,진량읍,북리,A71271413,삼주봉황4차타운,아파트,경상북도 경산시 진량읍 북리 100 삼주봉황4차타운,경상북도 경산시 봉황길 72,19980608,6,1191,개별난방,도시가스,대성에너지,35.8833698,128.8258914,,FALSE
경상북도,경산시,진량읍,북리,A71283508,우림필유,아파트,경상북도 경산시 진량읍 북리 122-3 우림필유,경상북도 경산시 봉황길 53,20070426,6,436,개별난방,도시가스,대성에너지,35.8847719,128.8246387,,FALSE
경상북도,경산시,진량읍,부기리,A71283301,진량에덴타운,아파트,경상북도 경산시 진량읍 부기리 126-6 진량에덴타운,경상북도 경산시 문천길 23,19921124,1,170,개별난방,도시가스,대성에너지,35.8983538,128.8263978,,FALSE
경상북도,경산시,진량읍,부기리,A71283303,진량휴먼시아,아파트,경상북도 경산시 진량읍 부기리 715 진량휴먼시아,경상북도 경산시 금호강변로 830-3,20081128,6,458,개별난방,도시가스,대성에너지,35.9062538,128.8227223,,FALSE
경상북도,경산시,진량읍,부기리,A71273704,창신무학타운,아파트,경상북도 경산시 진량읍 부기리 565-2 창신무학타운,경상북도 경산시 금호강변로 820,19960430,4,980,개별난방,도시가스,대성에너지,35.9055337,128.820763,,FALSE
경상북도,경산시,진량읍,양기리,A71283514,초원장미타운,아파트,경상북도 경산시 진량읍 양기리 403-3 초원장미타운,경상북도 경산시 초원길 53-4,19960704,8,1200,개별난방,도시가스,대성에너지,35.8922165,128.8367739,,FALSE
경상북도,경산시,진량읍,황제리,A71283205,창신황제타운,아파트,경상북도 경산시 진량읍 황제리 70-1 창신황제타운,경상북도 경산시 황제1길 86-31,19961125,7,1112,개별난방,도시가스,대성에너지,35.8580032,128.8188739,,FALSE
경상북도,경산시,압량읍,부적리,A10022627,경산아이파크1차아파트,,경상북도 경산시 압량읍 부적리 808 경산아이파크1차아파트,경상북도 경산시 압독5로 12,20240429,9,977,개별난방,도시가스,대성에너지,35.8450192,128.7789246,,FALSE
경상북도,경산시,압량읍,부적리,A71282101,부적주공아파트,아파트,경상북도 경산시 압량읍 부적리 777 부적주공아파트,경상북도 경산시 조산로 26,19971219,8,577,개별난방,도시가스,대성에너지,35.8463103,128.7608236,,FALSE
경상북도,경산시,압량읍,부적리,A10023809,세익로얄맨션,,경상북도 경산시 압량읍 부적리 263-1 세익로얄맨션,경상북도 경산시 압량읍 대학로81길 10,19940704,2,131,개별난방,도시가스,대성에너지,35.8443923,128.7621051,,FALSE
경상북도,경산시,압량읍,부적리,A71282001,압량한라빌라트,아파트,경상북도 경산시 압량읍 부적리 537 압량한라빌라트,경상북도 경산시 화랑로63길 3,19980819,1,194,개별난방,도시가스,대성에너지,35.8406639,128.7614396,,FALSE
경상북도,경산시,압량읍,신대리,A10027795,e편한세상경산신대,아파트,경상북도 경산시 압량읍 신대리 709 e편한세상경산신대,경상북도 경산시 압독로 38-10,20151111,6,358,개별난방,도시가스,대성에너지,35.8362254,128.7680527,,FALSE
경상북도,경산시,압량읍,신대리,A71282103,경산신대부적2차부영아파트,아파트,경상북도 경산시 압량읍 신대리 486 경산신대부적2차부영아파트,경상북도 경산시 압독2로 59,20110929,7,440,개별난방,도시가스,대성에너지,35.8408933,128.7693091,,FALSE
경상북도,경산시,압량읍,신대리,A10027680,경산신대부적한신휴플러스,아파트,경상북도 경산시 압량읍 신대리 702 경산신대부적한신휴플러스,경상북도 경산시 김유신로 12,20160129,7,354,개별난방,도시가스,대성에너지,35.8383559,128.7696623,,FALSE
경상북도,경산시,압량읍,신대리,A10027579,경산우미린더포레스트,아파트,경상북도 경산시 압량읍 신대리 482 경산우미린더포레스트,경상북도 경산시 압독2로 37,20160328,6,445,개별난방,도시가스,대성에너지,35.841685,128.7671129,,FALSE
경상북도,경산시,압량읍,신대리,A10027866,경산코아루,아파트,경상북도 경산시 압량읍 신대리 481 경산코아루,경상북도 경산시 압독3로 35,20150904,5,403,개별난방,도시가스,대성에너지,35.8427126,128.7649616,,FALSE
경상북도,경산시,압량읍,신대리,A10027661,경산푸르지오,아파트,경상북도 경산시 압량읍 신대리 703 경산푸르지오,경상북도 경산시 압독4로 12,20151218,10,754,개별난방,도시가스,대성에너지,35.8391306,128.7676426,,FALSE
경상북도,경산시,압량읍,신대리,A71282102,신대팰리스,아파트,경상북도 경산시 압량읍 신대리 485 신대팰리스,경상북도 경산시 압독2로 45,20110929,7,440,개별난방,도시가스,대성에너지,35.8412471,128.7683155,,FALSE
경상북도,경산시,압량읍,인안리,A71282002,윤성3차아파트,아파트,경상북도 경산시 압량읍 인안리 47 윤성3차아파트,경상북도 경산시 연지길 152,19961002,3,453,개별난방,도시가스,대성에너지,35.8656446,128.7895702,,FALSE
경상북도,경산시,와촌면,덕촌리,A71284101,경산와촌예다인,아파트,경상북도 경산시 와촌면 덕촌리 594-1 경산와촌예다인,경상북도 경산시 금송로 325,20090904,4,499,개별난방,LPG,대성에너지,35.9385911,128.8319048,,FALSE
경상북도,고령군,대가야읍,쾌빈리,A71780103,(해동)디오팰리스,아파트,경상북도 고령군 대가야읍 쾌빈리 6-1 (해동)디오팰리스,경상북도 고령군 대가야로 1533,20070112,4,375,개별난방,도시가스,대성에너지,35.7435942,128.2732012,,FALSE
경상북도,고령군,대가야읍,쾌빈리,A71780101,고령궁전맨션,아파트,경상북도 고령군 대가야읍 쾌빈리 433-1 고령궁전맨션,경상북도 고령군 중앙로 3,19960329,2,165,개별난방,도시가스,대성에너지,35.7310781,128.2679181,,FALSE
경상북도,고령군,대가야읍,지산리,A71780202,덕경인터빌,아파트,경상북도 고령군 대가야읍 지산리 906-47 덕경인터빌,경상북도 고령군 덕경길 9-21,20010919,3,298,개별난방,도시가스,대성에너지,35.7121567,128.2576618,,FALSE
경상북도,고령군,다산면,곽촌리,A71770207,고령다산휴먼시아3단지,아파트,경상북도 고령군 다산면 곽촌리 357 고령다산휴먼시아3단지,경상북도 고령군 평리6길 30,20110308,6,474,개별난방,도시가스,대성에너지,35.8315941,128.4507606,,FALSE
경상북도,고령군,다산면,상곡리,A71787304,2차금류강남타운,아파트,경상북도 고령군 다산면 상곡리 150-1 2차금류강남타운,경상북도 고령군 상곡3길 28,19970212,3,499,개별난방,도시가스,대성에너지,35.827673,128.445538,,FALSE
경상북도,고령군,다산면,상곡리,A71787102,고령다산주공2단지,아파트,경상북도 고령군 다산면 상곡리 53 고령다산주공2단지,경상북도 고령군 상곡길 85,20071026,6,496,개별난방,도시가스,대성에너지,35.8310234,128.4475288,,FALSE
경상북도,고령군,다산면,상곡리,A71787301,고령다산주공아파트,아파트,경상북도 고령군 다산면 상곡리 162-7 고령다산주공아파트,경상북도 고령군 상곡길 28,20060214,4,290,개별난방,도시가스,대성에너지,35.8253091,128.448386,,FALSE
경상북도,고령군,다산면,상곡리,A71770206,금류강남타운1차,아파트,경상북도 고령군 다산면 상곡리 358 금류강남타운1차,경상북도 고령군 상곡1길 15,19960215,3,656,개별난방,도시가스,대성에너지,35.8249767,128.4452492,,FALSE
경상북도,고령군,다산면,상곡리,A10022496,다산월드메르디앙아파트,아파트,경상북도 고령군 다산면 상곡리 566- 다산월드메르디앙아파트,경상북도 고령군 다산면 좌학길 85,20240315,6,631,개별난방,도시가스,대성에너지,35.8254797,128.4430886,,FALSE
