No,공동주택,빌링전용,공급전용,공동주택명,공동주택검사명,난방방식,공동주택계약,정기검사,지사,완성검사일자,기밀시험시행년도,정기검사기준월,주소,연락처,세대수,동수,사용여부,전용면적등록구분,도로명주소,위도,경도
1,101,아니오,아니오,무궁화백화점,포정무궁화,개별난방,아니오,예,중부안전팀,1990-12-03,2006.0,12 월,중구 경상감영길 111 (포정동 16),255-3212,24,1.0,사용,등록,대구광역시 중구 경상감영길 111,35.872198002,128.593617066
2,201,아니오,아니오,대보백화점,향촌대보,개별난방,아니오,예,중부안전팀,1993-06-19,2005.0, 6 월,중구 경상감영길 117-7 (향촌동 63),252-8187,107,1.0,사용,등록,대구광역시 중구 경상감영길 117-7,35.872610342,128.593627042
3,1101,아니오,아니오,태평라이프아파트,태평라이프,개별난방,아니오,예,중부안전팀,1987-09-01,2004.0, 9 월,중구 태평로 177 (태평로1가 1-187),423-6704,181,1.0,사용,등록,대구광역시 중구 태평로 177,35.874822925,128.597897897
4,1102,아니오,아니오,태평아파트,`77태평,개별난방,아니오,예,중부안전팀,1988-03-31,2005.0, 3 월,중구 태평로 205 (태평로1가 23-1),427-6322,117,2.0,사용,등록,대구광역시 중구 태평로 205,35.874267654,128.599961188
5,1103,아니오,아니오,건영아파트,태평건영,개별난방,아니오,예,중부안전팀,1997-07-29,2006.0, 7 월,중구 태평로 129 (태평로2가 38-4),253-1403,48,1.0,사용,등록,대구광역시 중구 태평로 129,35.876307899,128.591600911
6,1104,아니오,아니오,도원아파트,도원아파트,개별난방,아니오,예,중부안전팀,2001-12-11,2004.0,12 월,중구 태평로 56 (도원동 3-5),255-1989,113,3.0,사용,등록,대구광역시 중구 태평로 56,35.876991608,128.58401851
7,1105,아니오,아니오,건축자재상가아파트,건축자재상가아파트,개별난방,아니오,예,중부안전팀,2005-12-06,,12 월,중구 태평로 113 (태평로2가 38-1),,54,2.0,사용,등록,대구광역시 중구 태평로 113,35.87661006,128.590953806
8,2201,아니오,아니오,희도아파트,수동희도,개별난방,아니오,예,중부안전팀,1987-01-19,2004.0, 1 월,중구 남성로 13 (수동 101),254-6453,53,1.0,사용,등록,대구광역시 중구 남성로 13,35.868974241,128.588791779
9,2401,예,아니오,황궁아파트,,개별난방,아니오,예,,,,,중구 중앙대로81길 51 (장관동 10-1),,24,1.0,사용,등록,대구광역시 중구 중앙대로81길 51,35.869473469,128.590895095
10,3101,아니오,아니오,동산아파트,동산주공,개별난방,아니오,예,중부안전팀,1986-11-10,2004.0,11 월,중구 달구벌대로 2035 (동산동 357),252-9183,152,1.0,사용,등록,대구광역시 중구 달구벌대로 2035,35.86707862,128.586049788
11,3201,아니오,아니오,춘전맨션아파트,대신춘전,개별난방,아니오,예,중부안전팀,1991-12-16,2006.0,12 월,중구 큰장로 102 (대신동 1021),254-5682,48,1.0,사용,등록,대구광역시 중구 큰장로 102,35.867757995,128.577516398
12,3202,아니오,아니오,광명아파트,대신광명,개별난방,아니오,예,중부안전팀,1992-04-22,2004.0, 4 월,중구 큰장로 74 (대신동 1535),252-1391,127,3.0,사용,등록,대구광역시 중구 큰장로 74,35.86622777,128.575480286
13,3203,아니오,아니오,협화아파트,대신협화,개별난방,아니오,예,중부안전팀,1993-01-27,2005.0, 1 월,중구 달구벌대로389길 70 (대신동 1510),254-5405,29,1.0,사용,등록,대구광역시 중구 달구벌대로389길 70,35.866287006,128.575848111
14,3204,아니오,아니오,동서타운,대신동서,개별난방,아니오,예,중부안전팀,1998-06-10,2004.0, 6 월,중구 달구벌대로 1937 (대신동 1450),257-3036,143,4.0,사용,등록,대구광역시 중구 달구벌대로 1937,35.863496109,128.575460287
15,3205,아니오,아니오,태왕아너스스카이아파트,대신동태왕아너스스카이아파트,개별난방,아니오,예,중부안전팀,2006-10-04,,10 월,중구 달구벌대로 1975 (대신동 305-1),424-0532,492,6.0,사용,등록,대구광역시 중구 달구벌대로 1975,35.864509267,128.579766215
16,3301,예,아니오,서성로훼미리타운,,개별난방,아니오,예,,,,,중구 서성로15길 10 (서성로1가 19),,19,1.0,사용,등록,대구광역시 중구 서성로15길 10,35.873305256,128.587034077
17,3701,예,아니오,경진테크빌아파트,,개별난방,아니오,예,,,,,중구 서성로 88-5 (수창동 40-11),252-7842,19,1.0,사용,등록,대구광역시 중구 서성로 88-5,35.874613486,128.588145691
18,3801,아니오,아니오,금오맨션아파트,달성금오,개별난방,아니오,예,중부안전팀,1989-04-14,2005.0, 4 월,중구 원대로 11 (달성동 118-3),556-1223,86,1.0,사용,등록,대구광역시 중구 원대로 11,35.878488216,128.580054837
19,4001,예,아니오,시티타운아파트,,개별난방,아니오,예,,,,,중구 이천로 222-6 (봉산동 168-71),422-6664,18,1.0,사용,등록,대구광역시 중구 이천로 222-6,,
20,4002,아니오,아니오,봉산뜨란채아파트,봉산지구주공아파트(뜨란채),개별난방,아니오,예,중부안전팀,2006-07-04,, 7 월,중구 봉산문화길 69 (봉산동 110),423-9101,295,3.0,사용,등록,대구광역시 중구 봉산문화길 69,35.862793135,128.596783297
21,4102,아니오,아니오,아진맨션아파트,삼덕아진,개별난방,아니오,예,중부안전팀,1992-06-17,2004.0, 6 월,중구 동덕로 109 (삼덕동2가 208-4),423-2905,27,1.0,사용,등록,대구광역시 중구 동덕로 109,35.86451364,128.602622843
22,4103,예,아니오,홍길아파트,,개별난방,아니오,예,,,,,중구 공평로10길 30-74 (삼덕동2가 29-57),,16,1.0,사용,등록,대구광역시 중구 공평로10길 30-74,35.866878682,128.603063864
23,4104,예,아니오,삼덕하이츠,,개별난방,아니오,예,,,,,중구 달구벌대로443길 13 (삼덕동2가 284-1),,23,1.0,사용,미등록,대구광역시 중구 달구벌대로443길 13,35.863538751,128.605040927
24,4105,예,아니오,나누리아파트,,개별난방,아니오,예,,,,,중구 공평로4길 23-10 (삼덕동2가 149-59),,12,1.0,사용,등록,대구광역시 중구 공평로4길 23-10,35.865706667,128.601450419
25,4106,아니오,아니오,움비어스오피스텔,움비어스오피스텔,개별난방,아니오,예,중부안전팀,2003-01-21,2006.0, 1 월,중구 동덕로30길 94 (삼덕동3가 121),253-6203,55,1.0,사용,등록,대구광역시 중구 동덕로30길 94,35.866045537,128.608865017
26,4107,아니오,아니오,삼덕아이파크아파트,삼덕아이파크아파트,개별난방,아니오,예,중부안전팀,2003-06-05,2006.0, 6 월,중구 공평로10길 60 (삼덕동2가 29-1),252-1369,40,1.0,사용,등록,대구광역시 중구 공평로10길 60,35.86729101,128.603143319
27,4108,예,아니오,삼덕드림타운,,개별난방,아니오,예,,,,,중구 공평로4길 24-14 (삼덕동2가 149-51),,16,1.0,사용,등록,대구광역시 중구 공평로4길 24-14,35.864675322,128.600905917
28,4109,예,아니오,삼덕인베스트아파트,,개별난방,아니오,예,,,,,중구 공평로4길 37-10 (삼덕동2가 149-120),,14,1.0,사용,등록,대구광역시 중구 공평로4길 37-10,35.865541558,128.602247357
29,4110,아니오,아니오,클래식명가,삼덕클래식명가,개별난방,아니오,예,중부안전팀,2004-11-26,,11 월,중구 공평로 26-15 (삼덕동2가 139-12),422-1421,58,1.0,사용,등록,대구광역시 중구 공평로 26-15,35.866378514,128.600793779
30,4201,아니오,아니오,78태평아파트,`78동인태평,개별난방,아니오,예,중부안전팀,1989-07-21,2005.0, 7 월,중구 태평로 225 (동인동1가 116),427-7241,119,2.0,사용,등록,대구광역시 중구 태평로 225,35.873853049,128.601917433
31,4202,아니오,아니오,동부상가아파트,동인동부상가,개별난방,아니오,예,중부안전팀,1992-01-10,2004.0, 1 월,중구 국채보상로 749 (동인동4가 470-2),,66,2.0,사용,등록,대구광역시 중구 국채보상로 749,35.868602387,128.612652119
32,4203,아니오,아니오,금호아파트,동인금호,개별난방,아니오,예,중부안전팀,1992-12-29,2004.0,12 월,중구 국채보상로151길 9 (동인동4가 452-1),423-7125,,,사용,등록,대구광역시 중구 국채보상로151길 9,35.869072012,128.612056849
33,4204,아니오,아니오,협화동인빌라아파트,동인협화,개별난방,아니오,예,중부안전팀,1992-10-20,2004.0,10 월,중구 국채보상로143길 74-15 (동인동3가 341-2),427-9612,18,1.0,사용,등록,대구광역시 중구 국채보상로143길 74-15,35.872220808,128.609805092
34,4205,아니오,아니오,시티타운,동인시영,개별난방,아니오,예,중부안전팀,1997-05-27,2006.0, 5 월,중구 국채보상로131길 55 (동인동1가 33-1),424-7416,204,1.0,사용,등록,대구광역시 중구 국채보상로131길 55,35.872731839,128.602073872
35,4206,아니오,아니오,동인고려,동인고려맨션,개별난방,아니오,예,중부안전팀,1997-09-09,2006.0, 9 월,중구 동덕로38길 62 (동인동3가 48),,35,1.0,사용,미등록,대구광역시 중구 동덕로38길 62,,
36,4207,아니오,아니오,동인맨션아파트,동인맨션,개별난방,아니오,예,중부안전팀,1997-10-17,2006.0,10 월,중구 동덕로40길 77 (동인동3가 279-1),426-2383,44,1.0,사용,등록,대구광역시 중구 동덕로40길 77,35.871621217,128.609335668
37,4208,아니오,아니오,삼익맨션아파트,동인삼익맨션,개별난방,아니오,예,중부안전팀,1997-10-16,2006.0,10 월,중구 동덕로38길 100 (동인동3가 192),427-2801,80,4.0,사용,등록,대구광역시 중구 동덕로38길 100,35.870333921,128.609835568
38,4210,아니오,아니오,동남맨션,동남맨션,개별난방,아니오,예,중부안전팀,1998-08-21,2004.0, 8 월,중구 국채보상로143길 74 (동인동3가 343),,28,1.0,사용,등록,대구광역시 중구 국채보상로143길 74,35.872334962,128.609357672
39,4211,예,아니오,동인대흥아트타운,,개별난방,아니오,예,,,,,중구 국채보상로131길 60 (동인동1가 217),425-8945,18,1.0,사용,등록,대구광역시 중구 국채보상로131길 60,,
40,4302,아니오,아니오,대봉청호,대봉청호,개별난방,아니오,예,중부안전팀,1985-12-17,2004.0,12 월,중구 명륜로 166 (대봉동 55-159),422-9103,16,2.0,사용,미등록,대구광역시 중구 명륜로 166,,
41,4303,아니오,아니오,대봉삼익,대봉삼익,개별난방,아니오,예,중부안전팀,1986-02-11,2004.0, 2 월,중구 명륜로 172 (대봉동 44-4),424-1291,72,1.0,사용,미등록,대구광역시 중구 명륜로 172,,
42,4304,아니오,아니오,한양가든아파트,대봉한양가든(테라스),개별난방,아니오,예,중부안전팀,1986-07-01,2004.0, 7 월,중구 명륜로 173 (대봉동 24-37),425-9256,19,1.0,사용,등록,대구광역시 중구 명륜로 173,35.860959402,128.603130135
43,4305,아니오,아니오,광명맨션,대봉광명,개별난방,아니오,예,중부안전팀,1986-03-15,2004.0, 3 월,중구 대봉로43길 22 (대봉동 94-15),424-2585,24,1.0,사용,미등록,대구광역시 중구 대봉로43길 22,35.858098667,128.599809894
44,4306,아니오,아니오,송정맨션아파트,대봉송정,개별난방,아니오,예,중부안전팀,1986-10-29,2004.0,10 월,중구 명륜로 165 (대봉동 55-172),428-0040,16,1.0,사용,등록,대구광역시 중구 명륜로 165,,
45,4307,아니오,아니오,청운맨션아파트,대봉청운,열병합(Co-gen),아니오,예,중부안전팀,1986-11-14,2004.0,11 월,중구 동덕로 33 (대봉동 111-1),423-3227,670,7.0,사용,등록,대구광역시 중구 동덕로 33,35.857088765,128.603904308
46,4308,아니오,아니오,청구맨션아파트,대봉청구,개별난방,아니오,예,중부안전팀,1986-12-08,2004.0,12 월,중구 대봉로 254 (대봉동 55-3),426-9431,183,2.0,사용,등록,대구광역시 중구 대봉로 254,,
47,4309,아니오,아니오,대봉맨션아파트,대봉맨션A동,개별난방,아니오,예,중부안전팀,1991-10-15,2006.0,10 월,중구 명륜로 161 (대봉동 55-146),422-7897,46,1.0,사용,등록,대구광역시 중구 명륜로 161,,
48,4310,아니오,아니오,수도빌라,대봉수도빌라,개별난방,아니오,예,중부안전팀,1992-02-12,2004.0, 2 월,중구 명륜로26길 69 (대봉동 734-23),,16,1.0,사용,등록,대구광역시 중구 명륜로26길 69,35.856848624,128.597381621
49,4311,아니오,아니오,대봉맨션아파트,대봉맨션B동,개별난방,아니오,예,중부안전팀,1994-06-21,2006.0, 6 월,중구 명륜로 155 (대봉동 55-149),422-7897,38,1.0,사용,등록,대구광역시 중구 명륜로 155,35.860680749,128.601163602
50,4312,아니오,아니오,대봉화성그린빌아파트,대봉그린빌,개별난방,아니오,예,중부안전팀,1996-01-27,2005.0, 1 월,중구 대봉로 226 (대봉동 44-59),426-8466,19,1.0,사용,등록,대구광역시 중구 대봉로 226,35.858836436,128.601815298
51,4313,아니오,아니오,청운아트빌,대봉청운아트빌,개별난방,아니오,아니오,중부안전팀,2000-11-30,,11 월,중구 대봉로 220-41 (대봉동 44-13),,15,1.0,사용,등록,대구광역시 중구 대봉로 220-41,35.858731759,128.602441339
52,4314,아니오,아니오,대봉화성파크드림아파트,대봉화성파크드림,개별난방,아니오,예,중부안전팀,2006-05-04,, 5 월,중구 명덕로55길 25 (대봉동 152-24),431-3222,281,3.0,사용,등록,대구광역시 중구 명덕로55길 25,35.85679598,128.599541501
53,4401,아니오,아니오,대명거송빌라,대명거송빌라,개별난방,아니오,예,중부안전팀,1991-12-16,2006.0,12 월,남구 현충로25길 26-10 (대명동 1716-22),,10,2.0,사용,등록,대구광역시 남구 현충로25길 26-10,35.844618679,128.578508829
54,4402,아니오,아니오,까치아파트,남산까치(재개발),개별난방,아니오,예,중부안전팀,1992-06-04,2004.0, 6 월,중구 남산로7길 80 (남산동 2482-1),256-1360,435,2.0,사용,등록,대구광역시 중구 남산로7길 80,35.860296087,128.57923501
55,4403,아니오,아니오,보성송림아파트,보성송림아파트,개별난방,아니오,예,중부안전팀,1992-10-20,2004.0,10 월,중구 남산로4길 91 (남산동 2434),251-8062,317,3.0,사용,등록,대구광역시 중구 남산로4길 91,35.86088649,128.584954641
56,4404,아니오,아니오,보성황실아파트,남산보성황실,개별난방,아니오,예,중부안전팀,1993-02-17,2005.0, 2 월,중구 남산로13길 17 (남산동 2466-1),254-4759,"1,058",8.0,사용,등록,대구광역시 중구 남산로13길 17,35.861534175,128.580959613
57,4405,아니오,아니오,수도맨션아파트,남산수도맨션,개별난방,아니오,예,중부안전팀,1997-01-31,2006.0, 1 월,중구 명덕로 221 (남산동 2104-3),,,,사용,등록,대구광역시 중구 명덕로 221,35.856849392,128.594433712
58,4406,아니오,아니오,남산솔라맨션,남산솔라맨션,개별난방,아니오,예,중부안전팀,1998-09-22,2004.0, 9 월,중구 재마루길 77 (남산동 130-2),252-7220,48,1.0,사용,미등록,대구광역시 중구 재마루길 77,35.863368508,128.584058719
59,4407,아니오,아니오,심미한마음아파트,남산동한마음아파트(심미에셈빌),개별난방,아니오,예,중부안전팀,2002-12-27,2005.0,12 월,중구 남산로13길 70 (남산동 2483-1),256-3181,76,1.0,사용,등록,대구광역시 중구 남산로13길 70,35.860935077,128.5789442
60,4408,아니오,아니오,남산그린타운,남산그린타운,개별난방,아니오,예,중부안전팀,2005-03-17,, 3 월,중구 달구벌대로 1950 (남산동 2937-1),255-8998,804,8.0,사용,등록,대구광역시 중구 달구벌대로 1950,35.861531388,128.577832703
61,4409,예,아니오,남산모던아파트,,개별난방,아니오,예,,,,,중구 남산로7길 77 (남산동 2482-255),,12,1.0,사용,등록,대구광역시 중구 남산로7길 77,35.860005008,128.578995572
62,10101,아니오,아니오,보성아파트,신암보성,개별난방,아니오,예,중부안전팀,1985-11-22,2004.0,11 월,동구 큰고개로 23 (신암동 622),952-9977,545,9.0,사용,등록,대구광역시 동구 큰고개로 23,35.886887094,128.624465789
63,10102,아니오,아니오,동서타운,신암동서,개별난방,아니오,예,경산안전팀,1986-09-10,2004.0, 9 월,동구 아양로39길 16 (신암동 20),955-4982,220,4.0,사용,등록,대구광역시 동구 아양로39길 16,35.88703983,128.634895972
64,10103,아니오,아니오,동서청기와,신암동서청기와,개별난방,아니오,예,경산안전팀,1988-11-09,2005.0,11 월,동구 아양로49길 20 (신암동 1525),954-1133,330,7.0,사용,등록,대구광역시 동구 아양로49길 20,35.887664193,128.639308718
65,10104,아니오,아니오,보성2차신암타운,신암보성2차,개별난방,아니오,예,경산안전팀,1988-11-05,2005.0,11 월,동구 아양로49길 77 (신암동 67),955-6208,495,10.0,사용,등록,대구광역시 동구 아양로49길 77,35.890981761,128.633386705
66,10105,아니오,아니오,동서타운,신암동서2차,개별난방,아니오,예,경산안전팀,1988-10-08,2005.0,10 월,동구 아양로39길 20 (신암동 31),955-4982,129,2.0,사용,등록,대구광역시 동구 아양로39길 20,35.887883485,128.634351984
67,10106,아니오,아니오,신암경대,신암경대,개별난방,아니오,예,중부안전팀,1989-12-05,2005.0,12 월,동구 경대로 88 (신암동 666-10),,50,1.0,사용,미등록,대구광역시 동구 경대로 88,,
68,10107,아니오,아니오,동원맨션,신암동원,개별난방,아니오,예,중부안전팀,1992-03-05,2004.0, 3 월,동구 신암남로23길 17 (신암동 258-1),955-9168,,,사용,등록,대구광역시 동구 신암남로23길 17,35.882194465,128.627531449
69,10108,아니오,아니오,동림맨션,신암동림,개별난방,아니오,예,중부안전팀,1992-05-08,2004.0, 5 월,동구 신암남로23길 13 (신암동 258-16),958-2303,,,사용,등록,대구광역시 동구 신암남로23길 13,35.881683295,128.627721462
70,10109,아니오,아니오,고려아파트,신암고려,개별난방,아니오,예,중부안전팀,1992-11-16,2004.0,11 월,동구 신암남로23길 30 (신암동 283-5),941-6044,39,1.0,사용,등록,대구광역시 동구 신암남로23길 30,35.883176682,128.628203627
71,10110,아니오,아니오,강남아파트,신암강남(재개발),개별난방,아니오,예,중부안전팀,1992-06-24,2004.0, 6 월,동구 신성로 60 (신암동 483-3),943-7850,629,5.0,사용,등록,대구광역시 동구 신성로 60,35.880118113,128.613295475
72,10111,아니오,아니오,동방맨션,신암동방,개별난방,아니오,예,중부안전팀,1993-02-03,2005.0, 2 월,동구 아양로22길 43 (신암동 258-17),953-9432,,,사용,등록,대구광역시 동구 아양로22길 43,35.881392079,128.627806202
73,10112,아니오,아니오,신암제일,신암제일,개별난방,아니오,예,중부안전팀,1994-07-13,2006.0, 7 월,동구 동대구로 596 (신암동 246-3),941-8612,48,2.0,사용,미등록,대구광역시 동구 동대구로 596,,
74,10113,아니오,아니오,양지아파트,신암양지,개별난방,아니오,예,중부안전팀,1994-08-26,2006.0, 8 월,동구 신암로12길 7 (신암동 1298-36),958-2838,30,1.0,사용,등록,대구광역시 동구 신암로12길 7,35.876796029,128.607612778
75,10114,아니오,아니오,신암동대구,신암동대구맨션,개별난방,아니오,예,중부안전팀,1998-10-22,2004.0,10 월,동구 동대구로 588 (신암동 245-1),958-4625,,,사용,미등록,대구광역시 동구 동대구로 588,,
76,10115,아니오,아니오,진로이스트타운,신암진로2차,개별난방,아니오,예,경산안전팀,1998-10-29,2004.0,10 월,동구 동북로 460 (신암동 373-1),944-0658,178,3.0,사용,등록,대구광역시 동구 동북로 460,35.882775929,128.634539104
77,10116,아니오,아니오,거북아파트,신암거북맨션,개별난방,아니오,예,중부안전팀,1999-11-29,2005.0,11 월,동구 아양로15길 26 (신암동 612-8),941-0268,48,1.0,사용,등록,대구광역시 동구 아양로15길 26,35.884459473,128.623117791
78,10117,아니오,아니오,신암청운,신암청운,개별난방,아니오,아니오,중부안전팀,2000-08-07,, 8 월,동구 신암북로7길 60 (신암동 667-22),,17,1.0,사용,미등록,대구광역시 동구 신암북로7길 60,,
79,10118,아니오,아니오,금오아파트,신암금오,개별난방,아니오,예,중부안전팀,2000-10-02,2006.0,10 월,동구 신암북로11길 6 (신암동 676-1),,33,1.0,사용,등록,대구광역시 동구 신암북로11길 6,35.887679485,128.622601872
80,10119,아니오,아니오,밀레니엄아파트,신암밀레니엄,개별난방,아니오,예,중부안전팀,2000-12-08,2006.0,12 월,동구 신암북로7길 59 (신암동 657-186),,17,1.0,사용,등록,대구광역시 동구 신암북로7길 59,35.889177821,128.618565912
81,10120,아니오,아니오,이스트캐슬,신암주상복합(이스트캐슬),개별난방,아니오,아니오,경산안전팀,2001-01-16,2004.0, 1 월,동구 신암남로28길 45 (신암동 346-1),,,,사용,등록,대구광역시 동구 신암남로28길 45,35.883258596,128.632038399
82,10121,아니오,아니오,신암유한아파트,신암유한아파트,개별난방,아니오,예,중부안전팀,2001-09-13,2004.0, 9 월,동구 큰고개로 60 (신암동 677-7),,40,1.0,사용,미등록,대구광역시 동구 큰고개로 60,,
83,10122,아니오,아니오,오베이스아파트,신암오베이스,개별난방,아니오,예,경산안전팀,2001-12-28,2004.0,12 월,동구 동북로 440 (신암동 364-8),,,,사용,등록,대구광역시 동구 동북로 440,35.883920823,128.634053112
84,10123,예,아니오,청우골든맨션,,개별난방,아니오,예,,,,,동구 신암남로23길 67 (신암동 290-5),,,,사용,등록,대구광역시 동구 신암남로23길 67,35.88494395,128.630900846
85,10124,예,아니오,삼성플러스빌,,개별난방,아니오,예,,,,,동구 신암남로23길 65 (신암동 290-10),,,,사용,등록,대구광역시 동구 신암남로23길 65,35.884973107,128.630688901
86,10125,예,아니오,이스트타운,,개별난방,아니오,예,,,,,동구 아양로 160 (신암동 288-11),,19,1.0,사용,등록,대구광역시 동구 아양로 160,35.885219473,128.630647769
87,10126,예,아니오,신신아파트,,개별난방,아니오,예,,,,,동구 아양로10길 9 (신암동 215-7),,23,1.0,사용,등록,대구광역시 동구 아양로10길 9,35.88146367,128.620581046
88,10127,예,아니오,청산드림뷰1차,,개별난방,아니오,예,,,,,동구 신암남로23길 51 (신암동 250-6),,,,사용,등록,대구광역시 동구 신암남로23길 51,35.885050168,128.628958703
89,10128,예,아니오,그랜드파크,,개별난방,아니오,예,,,,,동구 아양로14길 4 (신암동 217-1),,19,1.0,사용,등록,대구광역시 동구 아양로14길 4,35.882317761,128.622193738
90,10129,예,아니오,길원탑아파트,,개별난방,아니오,예,,,,,동구 신암남로28길 40 (신암동 355-4),,,,사용,등록,대구광역시 동구 신암남로28길 40,35.88287801,128.632271819
91,10130,예,아니오,청운빌리지,,개별난방,아니오,예,,,,,동구 신암남로23길 26-8 (신암동 282-10),,,,사용,등록,대구광역시 동구 신암남로23길 26-8,35.882417588,128.628437973
92,10131,아니오,아니오,부림아파트,부림아파트,개별난방,아니오,예,중부안전팀,2003-02-19,2006.0, 2 월,동구 아양로34길 24 (신암동 327-2),958-7630,,,사용,등록,대구광역시 동구 아양로34길 24,35.883684009,128.630167496
93,10132,예,아니오,신암파크타운,,개별난방,아니오,예,,,,,동구 큰고개로 54 (신암동 679-1),,18,1.0,사용,미등록,대구광역시 동구 큰고개로 54,,
94,10133,아니오,아니오,로얄이스트2차,신암동로얄이스트(2차),개별난방,아니오,예,경산안전팀,2003-03-24,2006.0, 3 월,동구 신암남로30길 46-1 (신암동 361-1),,18,1.0,사용,등록,대구광역시 동구 신암남로30길 46-1,35.883165075,128.633533935
95,10134,예,아니오,삼승월드타워빌,,개별난방,아니오,예,,,,,동구 아양로 146 (신암동 250-4),,,,사용,등록,대구광역시 동구 아양로 146,35.885258354,128.628988906
96,10135,예,아니오,미도아트캐슬,,개별난방,아니오,예,,,,,동구 아양로34길 53 (신암동 276-3),,,,사용,등록,대구광역시 동구 아양로34길 53,35.881317898,128.628615117
97,10136,예,아니오,청산드림뷰2차,,개별난방,아니오,예,,,,,동구 신암남로23길 63-1 (신암동 290-11),,,,사용,등록,대구광역시 동구 신암남로23길 63-1,35.884965685,128.630495752
98,10137,예,아니오,현대신암타운,,개별난방,아니오,예,,,,,동구 신암남로24길 17 (신암동 350-1),,,,사용,등록,대구광역시 동구 신암남로24길 17,35.880994236,128.630130421
99,10138,아니오,아니오,신암그린타운,신암그린타운아파트,개별난방,아니오,예,중부안전팀,2003-07-08,2006.0, 7 월,동구 신성로 30 (신암동 461-1),953-6611,400,4.0,사용,등록,대구광역시 동구 신성로 30,35.878334598,128.610808496
100,10139,예,아니오,해성칸타빌,,개별난방,아니오,예,,,,,동구 신암남로23길 49-5 (신암동 250-22),,,,사용,등록,대구광역시 동구 신암남로23길 49-5,35.884950901,128.628007673
101,10140,아니오,아니오,우남아파트,우남아파트,개별난방,아니오,예,중부안전팀,2003-09-23,2006.0, 9 월,동구 아양로 20 (신암동 165-20),,37,1.0,사용,등록,대구광역시 동구 아양로 20,35.881187901,128.616498473
102,10141,예,아니오,드림팔레스,,개별난방,아니오,예,,,,,동구 신암남로28길 80-8 (신암동 362-3),,,,사용,등록,대구광역시 동구 신암남로28길 80-8,35.883769389,128.633387421
103,10142,예,아니오,청솔그린타운,,개별난방,아니오,예,,,,,동구 신암남로28길 65 (신암동 346-7),,,,사용,등록,대구광역시 동구 신암남로28길 65,35.88403984,128.632660753
104,10143,아니오,아니오,진산신암그랜드타운,진산복합상가아파트,개별난방,아니오,예,중부안전팀,2004-03-18,, 3 월,동구 신암남로 179 (신암동 342-1),951-8541,44,1.0,사용,등록,대구광역시 동구 신암남로 179,35.885092217,128.63220937
105,10144,예,아니오,고려그린아파트,,개별난방,아니오,아니오,경산안전팀,1992-11-16,,11 월,동구 신암남로23길 26 (신암동 283-10),,,,사용,등록,대구광역시 동구 신암남로23길 26,35.882826607,128.628045453
106,10145,예,아니오,마이홈빌,,개별난방,아니오,예,,,,,동구 아양로 165 (신암동 161-1),,18,1.0,사용,등록,대구광역시 동구 아양로 165,,
107,10146,예,아니오,우남아파트,,개별난방,아니오,예,,,,,동구 아양로 171 (신암동 163-1),,31,1.0,사용,등록,대구광역시 동구 아양로 171,,
108,10147,예,아니오,삼승인터타워빌,,개별난방,아니오,예,,,,,동구 신암남로 69 (신암동 233-16),,20,1.0,사용,등록,대구광역시 동구 신암남로 69,35.879600881,128.623480914
109,10148,예,아니오,큰고개상가아파트,,개별난방,아니오,예,,,,,동구 신암북로 101 (신암동 681-6),,36,1.0,사용,등록,대구광역시 동구 신암북로 101,35.888622601,128.626430223
110,10149,아니오,아니오,신암뜨란채,신암지구주공아파트(뜨란채),개별난방,아니오,예,중부안전팀,2005-08-26,, 8 월,동구 아양로7길 12 (신암동 766),958-8900,828,10.0,사용,등록,대구광역시 동구 아양로7길 12,35.883172783,128.61751624
111,10150,아니오,아니오,73신암아파트,"신암동73시영아파트(3,5,6동)",개별난방,아니오,예,중부안전팀,2005-06-29,, 6 월,동구 신암남로 10 (신암동 193-1),959-6688,131,3.0,사용,등록,대구광역시 동구 신암남로 10,35.877604616,128.61752647
112,10151,아니오,아니오,신암건영캐스빌,건영캐스빌아파트,개별난방,아니오,예,중부안전팀,2005-10-07,,10 월,동구 신암남로 50 (신암동 194-1),,748,11.0,사용,등록,대구광역시 동구 신암남로 50,35.877816078,128.618652789
113,10152,아니오,아니오,반도아파트,신암반도아파트,개별난방,아니오,예,중부안전팀,2005-10-24,,10 월,동구 신암북로 77 (신암동 676-11),,40,1.0,사용,등록,대구광역시 동구 신암북로 77,35.887978523,128.623748286
114,10153,아니오,아니오,삼아아파트,삼아아파트,개별난방,아니오,예,중부안전팀,2005-11-14,,11 월,동구 아양로9길 10 (신암동 597-1),,33,2.0,사용,등록,대구광역시 동구 아양로9길 10,35.882590183,128.619575082
115,10154,예,아니오,신흥아파트,,개별난방,아니오,예,,,,,동구 신암로 132 (신암동 484-3),,23,1.0,사용,등록,대구광역시 동구 신암로 132,35.880819379,128.613716862
116,10155,아니오,아니오,에스디아이프라임,큰고개대백아이프라임,개별난방,아니오,예,중부안전팀,2006-05-17,, 5 월,동구 아양로24길 13 (신암동 251-1),956-7171,231,2.0,사용,등록,대구광역시 동구 아양로24길 13,35.88453933,128.628016685
117,10201,아니오,아니오,신천백합,신천백합,개별난방,아니오,예,경산안전팀,1987-01-27,2004.0, 1 월,동구 국채보상로 889 (신천동 301-2),754-1331,124,1.0,사용,등록,대구광역시 동구 국채보상로 889,35.867227897,128.627583159
118,10202,아니오,아니오,신천코오롱,신천코오롱,개별난방,아니오,예,경산안전팀,1988-08-31,2005.0, 8 월,동구 화랑로3길 22 (신천동 360),753-5785,186,6.0,사용,미등록,대구광역시 동구 화랑로3길 22,35.879179436,128.646043811
119,10203,아니오,아니오,코스모스아파트,신천코스모스,개별난방,아니오,예,경산안전팀,1988-08-26,2005.0, 8 월,동구 화랑로11길 26 (신천동 499-1),751-7245,185,5.0,사용,등록,대구광역시 동구 화랑로11길 26,35.872405776,128.630807501
120,10204,아니오,아니오,신천동보성아파트,신천보성,개별난방,아니오,예,경산안전팀,1988-09-13,2005.0, 9 월,동구 효신로 17 (신천동 487),752-1213,100,2.0,사용,등록,대구광역시 동구 효신로 17,35.873687373,128.634014933
121,10205,아니오,아니오,동부광명아파트,신천광명,개별난방,아니오,예,경산안전팀,1988-11-03,2005.0,11 월,동구 화랑로11길 78 (신천동 492),754-2565,200,4.0,사용,등록,대구광역시 동구 화랑로11길 78,35.873595224,128.631540536
122,10206,아니오,아니오,동아아파트,신천동아,개별난방,아니오,예,경산안전팀,1988-12-23,2005.0,12 월,동구 화랑로11길 66 (신천동 494),743-9441,133,4.0,사용,등록,대구광역시 동구 화랑로11길 66,35.874696698,128.630576438
123,10207,아니오,아니오,효신아파트,신천효신,개별난방,아니오,예,경산안전팀,1989-05-19,2005.0, 5 월,동구 동부로32길 99 (신천동 457),751-1861,119,3.0,사용,등록,대구광역시 동구 동부로32길 99,35.873258283,128.630003033
124,10208,아니오,아니오,삼화아파트,신천삼화,개별난방,아니오,예,경산안전팀,1989-05-08,2005.0, 5 월,동구 화랑로11길 45 (신천동 450),741-6534,,,사용,등록,대구광역시 동구 화랑로11길 45,35.873648163,128.630520842
125,10209,아니오,아니오,삼한아파트,신천삼한,개별난방,아니오,예,경산안전팀,1989-05-31,2005.0, 5 월,동구 화랑로11길 51 (신천동 449),756-3996,68,3.0,사용,등록,대구광역시 동구 화랑로11길 51,35.873827091,128.630523953
126,10210,아니오,아니오,신천동구상가,신천동구상가,개별난방,아니오,예,경산안전팀,1989-07-03,2005.0, 7 월,동구 동부로28길 29 (신천동 337-13),,67,4.0,사용,등록,대구광역시 동구 동부로28길 29,35.873029083,128.628432462
127,10211,아니오,아니오,신천LH,신천주공,개별난방,아니오,예,중부안전팀,1989-06-05,2005.0, 6 월,동구 동부로 1 (신천동 556-1),421-8954,917,9.0,사용,등록,대구광역시 동구 동부로 1,35.874392685,128.614160028
128,10213,아니오,아니오,강변아파트,신천강변,개별난방,아니오,예,중부안전팀,1990-05-21,2006.0, 5 월,동구 국채보상로165길 30 (신천동 651),426-9561,52,1.0,사용,등록,대구광역시 동구 국채보상로165길 30,35.869783487,128.615822225
129,10214,아니오,아니오,금오아파트,신천금오,개별난방,아니오,예,중부안전팀,1991-04-22,2006.0, 4 월,동구 국채보상로171길 43 (신천동 768-14),744-9497,36,1.0,사용,등록,대구광역시 동구 국채보상로171길 43,35.86959662,128.622214996
130,10215,아니오,아니오,신라아파트,신천신라,개별난방,아니오,예,중부안전팀,1992-01-17,2004.0, 1 월,동구 장등로 42 (신천동 101-16),743-0756,,,사용,등록,대구광역시 동구 장등로 42,35.871163433,128.62411439
131,10216,아니오,아니오,동부맨션,신천동부,개별난방,아니오,예,중부안전팀,1991-10-24,2006.0,10 월,동구 장등로 30 (신천동 125-2),,36,1.0,사용,등록,대구광역시 동구 장등로 30,35.870075294,128.623966575
132,10217,아니오,아니오,감리아파트,신천감리,개별난방,아니오,아니오,중부안전팀,1991-11-11,,11 월,동구 송라로6길 20 (신천동 171-4),752-3423,20,1.0,사용,등록,대구광역시 동구 송라로6길 20,35.87037359,128.621728456
133,10219,아니오,아니오,경북아파트,신천경북,개별난방,아니오,예,경산안전팀,1992-12-09,2004.0,12 월,동구 효신로 45 (신천동 405),754-1089,56,2.0,사용,등록,대구광역시 동구 효신로 45,35.875751458,128.633323924
134,10220,아니오,아니오,신천송라아파트,신천송라(2지구),개별난방,아니오,예,중부안전팀,1993-05-21,2005.0, 5 월,동구 동부로3길 38 (신천동 1414),755-9441,174,1.0,사용,등록,대구광역시 동구 동부로3길 38,35.875949405,128.615859183
135,10221,아니오,아니오,석궁빌라,신천석궁빌라,개별난방,아니오,아니오,중부안전팀,1991-11-20,,11 월,동구 장등로 36-6 (신천동 123-2),754-3765,8,1.0,사용,등록,대구광역시 동구 장등로 36-6,35.870448221,128.62424972
136,10222,아니오,아니오,태웅빌라,신천태웅빌라,개별난방,아니오,아니오,중부안전팀,1994-07-07,, 7 월,동구 동대구로83길 16-14 (신천동 117-4),,8,1.0,사용,등록,대구광역시 동구 동대구로83길 16-14,35.869909441,128.624452069
137,10223,아니오,아니오,신천동서아파트,신천동서,개별난방,아니오,예,중부안전팀,1995-07-20,2004.0, 7 월,동구 국채보상로155길 8 (신천동 819-5),428-1325,111,1.0,사용,등록,대구광역시 동구 국채보상로155길 8,35.868837554,128.614774311
138,10224,아니오,아니오,우방푸른타운,우방푸른타운,개별난방,아니오,예,중부안전팀,1996-06-14,2005.0, 6 월,동구 국채보상로159길 41 (신천동 645-1),422-0909,607,7.0,사용,등록,대구광역시 동구 국채보상로159길 41,35.870638514,128.615584287
139,10225,아니오,아니오,동신우방아파트,신천동신우방,개별난방,아니오,예,중부안전팀,1996-09-18,2005.0, 9 월,동구 송라로11길 86 (신천동 633),427-3600,429,3.0,사용,등록,대구광역시 동구 송라로11길 86,35.871537979,128.614749564
140,10226,아니오,아니오,동림아파트,신천동림,개별난방,아니오,예,중부안전팀,1996-12-09,2005.0,12 월,동구 동대구로83길 18 (신천동 124-3),,44,1.0,사용,등록,대구광역시 동구 동대구로83길 18,35.869647856,128.624114822
141,10227,아니오,아니오,마이빌,신천성진 연립(마이빌),개별난방,아니오,아니오,경산안전팀,1997-12-02,,12 월,동구 동부로30길 92-12 (신천동 314-10),,16,1.0,사용,등록,대구광역시 동구 동부로30길 92-12,35.869219682,128.628173113
142,10228,아니오,아니오,신동아맨션아파트,신천신동아,개별난방,아니오,예,경산안전팀,1997-09-25,2006.0, 9 월,동구 동부로34길 64 (신천동 489-1),752-2496,110,4.0,사용,등록,대구광역시 동구 동부로34길 64,35.873121358,128.633170864
143,10229,아니오,아니오,가람타운,신천가람타운,개별난방,아니오,예,중부안전팀,1997-12-09,2006.0,12 월,동구 신암로16길 16 (신천동 551-23),955-0653,560,4.0,사용,등록,대구광역시 동구 신암로16길 16,35.87607226,128.609429998
144,10230,아니오,아니오,서도아파트,신천서도,개별난방,아니오,예,중부안전팀,1998-01-23,2004.0, 1 월,동구 송라로12길 37 (신천동 281-5),743-0756,73,3.0,사용,등록,대구광역시 동구 송라로12길 37,35.87481109,128.621961121
145,10231,아니오,아니오,세명아파트,신천세명맨션,개별난방,아니오,예,중부안전팀,1998-04-28,2004.0, 4 월,동구 장등로 8-5 (신천동 146-5),,,,사용,등록,대구광역시 동구 장등로 8-5,35.868200418,128.623920372
146,10232,아니오,아니오,신천주공2차아파트,신천주공2단지,개별난방,아니오,예,중부안전팀,1998-08-13,2004.0, 8 월,동구 국채보상로155길 54 (신천동 630),425-2944,609,7.0,사용,등록,대구광역시 동구 국채보상로155길 54,35.872541068,128.613433855
147,10233,아니오,아니오,광산아파트,신천광산맨션,개별난방,아니오,예,경산안전팀,1998-07-18,2004.0, 7 월,동구 동부로30길 100-9 (신천동 307-1),754-8864,42,1.0,사용,등록,대구광역시 동구 동부로30길 100-9,35.868131199,128.628065419
148,10234,아니오,아니오,선호궁전빌라,신천선호궁전빌라,개별난방,아니오,예,경산안전팀,1998-11-30,2004.0,11 월,동구 화랑로3길 18 (신천동 354-3),755-9441,16,1.0,사용,미등록,대구광역시 동구 화랑로3길 18,35.878077946,128.66343618
149,10235,아니오,아니오,동양맨션,신천동양맨션,개별난방,아니오,예,중부안전팀,1998-11-25,2004.0,11 월,동구 장등로 28 (신천동 125-3),754-3765,42,1.0,사용,등록,대구광역시 동구 장등로 28,35.869835137,128.623628837
150,10236,예,아니오,신천빌라,,개별난방,아니오,예,,,,,동구 장등로 16-11 (신천동 135-1),,16,2.0,사용,등록,대구광역시 동구 장등로 16-11,,
151,10237,아니오,아니오,동산아파트,신천동산맨션,개별난방,아니오,예,경산안전팀,1999-06-21,2005.0, 6 월,동구 화랑로 55 (신천동 479),,48,1.0,사용,등록,대구광역시 동구 화랑로 55,35.871120125,128.632890951
152,10238,예,아니오,성명맨션,,개별난방,아니오,예,,,,,동구 장등로 10 (신천동 146-17),,16,1.0,사용,등록,대구광역시 동구 장등로 10,35.868200527,128.623372095
153,10239,아니오,아니오,신천빌라트,신천빌라트,개별난방,아니오,예,중부안전팀,2001-06-27,2004.0, 6 월,동구 동부로19길 18 (신천동 1514),,20,1.0,사용,미등록,대구광역시 동구 동부로19길 18,35.876829344,128.62391148
154,10240,예,아니오,신천선샤인빌,,개별난방,아니오,예,,,,,동구 신천동 4-18,,14,1.0,사용,미등록,대구광역시 동구 신천동 4-18,,
155,10241,아니오,아니오,대덕리더스텔,신천동리더스텔,개별난방,아니오,예,경산안전팀,2002-06-07,2005.0, 6 월,동구 동부로22길 91-13 (신천동 306-2),,41,1.0,사용,등록,대구광역시 동구 동부로22길 91-13,35.867814401,128.628163232
156,10242,예,아니오,부국타워,,개별난방,아니오,예,,,,,동구 동부로22길 91-12 (신천동 302-7),,18,1.0,사용,등록,대구광역시 동구 동부로22길 91-12,35.867521943,128.62802048
157,10243,아니오,아니오,신천역더뷰파크,신천주공3단지아파트(더뷰파크),개별난방,아니오,예,중부안전팀,2002-10-09,2005.0,10 월,동구 동부로 20 (신천동 600-5),425-6513,174,3.0,사용,등록,대구광역시 동구 동부로 20,35.873582772,128.614184969
158,10244,예,아니오,라임1차아파트,,개별난방,아니오,예,,,,,동구 국채보상로171길 36 (신천동 150-3),,16,1.0,사용,등록,대구광역시 동구 국채보상로171길 36,35.869106566,128.622875248
159,10245,예,아니오,예성하이츠,,개별난방,아니오,예,,,,,동구 장등로 25 (신천동 151-1),,19,1.0,사용,등록,대구광역시 동구 장등로 25,35.869817523,128.623147283
160,10246,예,아니오,대창월드뷰,,개별난방,아니오,예,,,,,동구 장등로 36-9 (신천동 108-4),,14,1.0,사용,등록,대구광역시 동구 장등로 36-9,35.870581135,128.624646516
161,10247,아니오,아니오,신천아이파크,신천청호아파트(아이파크),개별난방,아니오,예,경산안전팀,2003-06-11,2006.0, 6 월,동구 동부로30길 78 (신천동 342-5),756-8261,38,1.0,사용,등록,대구광역시 동구 동부로30길 78,35.870069982,128.628782007
162,10248,아니오,아니오,신천센스빌,신천센스빌,개별난방,아니오,예,중부안전팀,2003-07-14,2006.0, 7 월,동구 장등로 82 (신천동 82-4),755-3180,32,1.0,사용,등록,대구광역시 동구 장등로 82,35.874873829,128.623884506
163,10249,예,아니오,신천태양맨션,,개별난방,아니오,예,,,,,동구 화랑로 45 (신천동 356-6),,20,1.0,사용,미등록,대구광역시 동구 화랑로 45,35.870306376,128.632677471
164,10250,예,아니오,신천한남,,개별난방,아니오,예,,,,,동구 화랑로 31 (신천동 352-1),,16,1.0,사용,미등록,대구광역시 동구 화랑로 31,35.872520054,128.630247288
165,10251,아니오,아니오,칠칠맨션,신천77맨션,개별난방,아니오,예,중부안전팀,2004-10-27,,10 월,동구 동대구로85길 59 (신천동 77-1),,29,1.0,사용,등록,대구광역시 동구 동대구로85길 59,35.875522101,128.624071411
166,10252,아니오,아니오,신천동양상가,동양상가아파트,개별난방,아니오,예,중부안전팀,2004-12-29,,12 월,동구 장등로 12 (신천동 146-1),752-3423,78,1.0,사용,등록,대구광역시 동구 장등로 12,35.8684418,128.623431633
167,10253,아니오,아니오,신천그래도석세스,그래도석세스오피스텔(DS),개별난방,아니오,예,경산안전팀,2005-05-27,, 5 월,동구 동부로30길 91 (신천동 348-2),752-7337,21,1.0,사용,등록,대구광역시 동구 동부로30길 91,35.868864163,128.629650604
168,10254,아니오,아니오,현대하이페리온1단지,현대하이페리온1단지,개별난방,아니오,예,중부안전팀,2007-02-13,, 2 월,동구 국채보상로 861 (신천동 148-4),741-2622,248,3.0,사용,등록,대구광역시 동구 국채보상로 861,35.867897804,128.624575552
169,10255,아니오,아니오,현대하이페리온2단지,현대하이페리온2단지,개별난방,아니오,예,중부안전팀,2007-02-13,, 2 월,동구 국채보상로 863 (신천동 143-2),741-2622,126,1.0,사용,등록,대구광역시 동구 국채보상로 863,35.867662141,128.625402741
170,10301,아니오,아니오,우일아파트,효목우일,개별난방,아니오,예,경산안전팀,1989-04-03,2005.0, 4 월,동구 화랑로25길 35 (효목동 568-1),743-3992,48,1.0,사용,등록,대구광역시 동구 화랑로25길 35,35.877378402,128.640901791
171,10302,아니오,아니오,동방아파트,효목동방,개별난방,아니오,예,경산안전팀,1989-05-15,2005.0, 5 월,동구 화랑로25길 20 (효목동 624),,37,1.0,사용,등록,대구광역시 동구 화랑로25길 20,35.875861782,128.640917467
172,10303,아니오,아니오,성림아파트,효목성림,개별난방,아니오,예,경산안전팀,1989-05-15,2005.0, 5 월,동구 화랑로25길 29 (효목동 559-1),,45,1.0,사용,등록,대구광역시 동구 화랑로25길 29,35.876698031,128.640546751
173,10304,아니오,아니오,유림아파트,효목유림,개별난방,아니오,예,경산안전팀,1989-06-15,2005.0, 6 월,동구 화랑로 123 (효목동 532-2),,50,1.0,사용,등록,대구광역시 동구 화랑로 123,35.873793401,128.639785912
174,10305,아니오,아니오,럭키2차아파트,효목럭키2차,개별난방,아니오,예,경산안전팀,1989-07-21,2005.0, 7 월,동구 화랑로25길 43 (효목동 581),,48,1.0,사용,등록,대구광역시 동구 화랑로25길 43,35.877883166,128.641309647
175,10306,아니오,아니오,효목삼일아파트,효목삼일,개별난방,아니오,예,경산안전팀,1989-06-15,2005.0, 6 월,동구 효목로 66 (효목동 589),,48,1.0,사용,등록,대구광역시 동구 효목로 66,35.878889621,128.641777217
176,10308,아니오,아니오,우창아파트,효목우창,개별난방,아니오,예,경산안전팀,1989-07-14,2005.0, 7 월,동구 화랑로25길 11 (효목동 545),,28,2.0,사용,등록,대구광역시 동구 화랑로25길 11,35.87509915,128.640189209
177,10309,아니오,아니오,럭키1차아파트,효목럭키1차,개별난방,아니오,예,경산안전팀,1989-10-06,2005.0,10 월,동구 효목로 64 (효목동 588-1),,49,1.0,사용,등록,대구광역시 동구 효목로 64,35.878515249,128.641020072
178,10310,아니오,아니오,효목명성,효목명성,개별난방,아니오,예,경산안전팀,1989-12-13,2005.0,12 월,동구 화랑로25길 64-2 (효목동 608),,32,1.0,사용,미등록,대구광역시 동구 화랑로25길 64-2,,
179,10311,아니오,아니오,공진아파트,효목공진,개별난방,아니오,예,경산안전팀,1990-07-26,2006.0, 7 월,동구 화랑로37길 61 (효목동 160-15),,48,2.0,사용,등록,대구광역시 동구 화랑로37길 61,35.879524542,128.64419642
180,10312,아니오,아니오,동백아파트,효목동백,개별난방,아니오,예,경산안전팀,1990-07-26,2006.0, 7 월,동구 효목로 111 (효목동 138-8),941-2766,54,1.0,사용,등록,대구광역시 동구 효목로 111,35.882215003,128.643916573
181,10313,아니오,아니오,아양아파트,효목아양,개별난방,아니오,예,경산안전팀,1990-06-11,2006.0, 6 월,동구 효동로 111 (효목동 89-1),,43,1.0,사용,등록,대구광역시 동구 효동로 111,35.88602056,128.641604812
182,10314,아니오,아니오,비둘기아파트,효목비둘기,개별난방,아니오,예,경산안전팀,1990-05-01,2006.0, 5 월,동구 효동로15길 25 (효목동 144-3),,,,사용,등록,대구광역시 동구 효동로15길 25,35.882164323,128.641096939
183,10315,아니오,아니오,장미아파트,효목장미,개별난방,아니오,예,경산안전팀,1990-05-01,2006.0, 5 월,동구 아양로52길 128 (효목동 139-2),958-7457,52,1.0,사용,등록,대구광역시 동구 아양로52길 128,35.882290095,128.6435432
184,10316,아니오,아니오,우성아파트,효목우성,개별난방,아니오,예,경산안전팀,1990-05-21,2006.0, 5 월,동구 효동로15길 6 (효목동 134-1),,,,사용,등록,대구광역시 동구 효동로15길 6,35.883477196,128.642910873
185,10317,아니오,아니오,우방아파트,효목우방,개별난방,아니오,예,경산안전팀,1990-07-09,2006.0, 7 월,동구 효신로 26 (효목동 499),751-1209,30,1.0,사용,등록,대구광역시 동구 효신로 26,35.874421867,128.634782215
186,10318,아니오,아니오,삼삼아파트,효목삼삼,개별난방,아니오,예,경산안전팀,1990-09-24,2006.0, 9 월,동구 효동로15길 33 (효목동 144-6),954-8779,46,1.0,사용,등록,대구광역시 동구 효동로15길 33,35.881997015,128.640559401
187,10319,아니오,아니오,효목시장상가아파트,효목상가,개별난방,아니오,예,경산안전팀,1990-10-27,2006.0,10 월,동구 효동로15길 13 (효목동 139-5),,24,1.0,사용,등록,대구광역시 동구 효동로15길 13,35.882907867,128.642714757
188,10320,아니오,아니오,아림아파트,효목아림,개별난방,아니오,예,경산안전팀,1991-04-12,2006.0, 4 월,동구 화랑로 159 (효목동 630),,42,1.0,사용,등록,대구광역시 동구 화랑로 159,35.875949192,128.64294407
189,10321,아니오,아니오,한남아파트,효목한남,개별난방,아니오,예,경산안전팀,1991-11-18,2006.0,11 월,동구 화랑로 167 (효목동 639),,41,1.0,사용,등록,대구광역시 동구 화랑로 167,35.876279896,128.643500592
190,10322,아니오,아니오,용림아파트,효목용림,개별난방,아니오,예,경산안전팀,1993-09-09,2005.0, 9 월,동구 화랑로25길 17 (효목동 551),755-8394,47,1.0,사용,등록,대구광역시 동구 화랑로25길 17,35.875733428,128.640125592
191,10323,아니오,아니오,우왕아파트,"효목우왕1,2동(1차)",개별난방,아니오,예,경산안전팀,1991-11-09,2006.0,11 월,동구 화랑로 197 (효목동 199-16),953-7848,40,2.0,사용,등록,대구광역시 동구 화랑로 197,35.877563943,128.646660195
192,10324,아니오,아니오,반도아파트,효목반도,개별난방,아니오,예,경산안전팀,1992-01-28,2004.0, 1 월,동구 화랑로37길 89 (효목동 161-3),,40,1.0,사용,등록,대구광역시 동구 화랑로37길 89,35.880705039,128.643583548
193,10325,아니오,아니오,한영아파트,효목한영,개별난방,아니오,예,경산안전팀,1992-04-08,2004.0, 4 월,동구 동부로 200 (효목동 387),755-9441,19,1.0,사용,등록,대구광역시 동구 동부로 200,35.878179881,128.634142439
194,10326,아니오,아니오,한진아파트,효목한진,개별난방,아니오,예,경산안전팀,1992-04-30,2004.0, 4 월,동구 동부로 190 (효목동 390),754-3765,64,4.0,사용,등록,대구광역시 동구 동부로 190,35.877772629,128.632934946
195,10327,아니오,아니오,우왕아파트,"효목우왕가,나동(2차)",개별난방,아니오,예,경산안전팀,1992-09-18,2004.0, 9 월,동구 화랑로 199 (효목동 199-18),953-7138,50,2.0,사용,등록,대구광역시 동구 화랑로 199,35.877953545,128.646945961
196,10328,아니오,아니오,럭키3차아파트,효목럭키3차,개별난방,아니오,예,경산안전팀,1989-12-13,2005.0,12 월,동구 효목로 70 (효목동 591),,46,1.0,사용,등록,대구광역시 동구 효목로 70,35.879167484,128.641907485
197,10329,아니오,아니오,효목맨션,효목우방2차,개별난방,아니오,예,경산안전팀,1995-07-23,2004.0, 7 월,동구 효동로 46 (효목동 166-1),953-5686,49,1.0,사용,등록,대구광역시 동구 효동로 46,35.88167544,128.646588042
198,10330,아니오,아니오,동일아파트,효목동일,개별난방,아니오,예,경산안전팀,1995-09-01,2004.0, 9 월,동구 동부로 225 (효목동 291-3),,25,1.0,사용,등록,대구광역시 동구 동부로 225,35.880251745,128.635764533
199,10331,아니오,아니오,효목동서빌라트,효목동서빌라,개별난방,아니오,예,경산안전팀,1997-06-23,2006.0, 6 월,동구 화랑로29길 51 (효목동 622-1),,19,1.0,사용,등록,대구광역시 동구 화랑로29길 51,35.87693475,128.641614921
200,10332,아니오,아니오,진로이스트타운,효목진로1차,개별난방,아니오,예,경산안전팀,1998-07-28,2004.0, 7 월,동구 아양로 218 (효목동 55),944-0680,898,16.0,사용,등록,대구광역시 동구 아양로 218,35.884139518,128.639191766
201,10333,예,아니오,영광빌라,,개별난방,아니오,예,,,,,동구 화랑로25길 42-1 (효목동 618-1),752-3523,18,1.0,사용,등록,대구광역시 동구 화랑로25길 42-1,35.877477629,128.641665216
202,10334,아니오,아니오,동촌강나루타운,효목동촌강나루타운,개별난방,아니오,예,경산안전팀,2000-06-23,2006.0, 6 월,동구 효동로 108 (효목동 9),959-5341,421,6.0,사용,등록,대구광역시 동구 효동로 108,35.886623411,128.642458936
203,10335,아니오,아니오,대창월드빌,효목대창(월드빌),개별난방,아니오,아니오,경산안전팀,2001-07-14,, 7 월,동구 화랑로25길 57 (효목동 602),,16,1.0,사용,등록,대구광역시 동구 화랑로25길 57,35.878814916,128.642310867
204,10336,아니오,아니오,동보맨숀아파트,동보맨션아파트,개별난방,아니오,예,경산안전팀,2001-10-29,2004.0,10 월,동구 아양로 190 (효목동 956-1),941-8040,37,2.0,사용,등록,대구광역시 동구 아양로 190,35.885359008,128.633885493
205,10337,예,아니오,초원아파트,,개별난방,아니오,예,,,,,동구 효신로8길 55 (효목동 410-1),,48,1.0,사용,등록,대구광역시 동구 효신로8길 55,35.877489398,128.635321075
206,10338,예,아니오,동원주택,,개별난방,아니오,예,,,,,동구 효동로3길 28 (효목동 183-5),,,,사용,등록,대구광역시 동구 효동로3길 28,35.879443963,128.646863642
207,10339,예,아니오,청자아파트,,개별난방,아니오,예,,,,,동구 효동로3길 26 (효목동 183-33),,,,사용,등록,대구광역시 동구 효동로3길 26,35.879270751,128.646966
208,10340,아니오,아니오,효목초원가동,초원아파트가동,개별난방,아니오,예,경산안전팀,2002-08-22,2005.0, 8 월,동구 효신로8길 55 (효목동 410-1),,,,사용,미등록,대구광역시 동구 효신로8길 55,35.877489398,128.635321075
209,10341,예,아니오,효목삼부스위트빌,,개별난방,아니오,예,,,,,동구 효신로16길 104 (효목동 291-5),,16,1.0,사용,등록,대구광역시 동구 효신로16길 104,35.880537782,128.635148926
210,10342,예,아니오,계림아파트,,개별난방,아니오,예,,,,,동구 효목로9길 72 (효목동 385-2),,27,1.0,사용,등록,대구광역시 동구 효목로9길 72,35.878450512,128.635218304
211,10343,예,아니오,효목청솔하이츠,,개별난방,아니오,예,,,,,동구 효신로16길 116 (효목동 291-1),,16,1.0,사용,등록,대구광역시 동구 효신로16길 116,35.880625931,128.635432533
212,10344,예,아니오,우남로즈아파트,,개별난방,아니오,예,,,,,동구 효동로 16 (효목동 167-7),,14,1.0,사용,등록,대구광역시 동구 효동로 16,35.87985437,128.648913781
213,10345,예,아니오,넥스빌아파트,,개별난방,아니오,예,,,,,동구 효신로16길 67 (효목동 283-3),,18,1.0,사용,등록,대구광역시 동구 효신로16길 67,35.87945901,128.633850157
214,10346,예,아니오,영진프라임,,개별난방,아니오,예,,,,,동구 효신로16길 27 (효목동 276-1),,19,1.0,사용,등록,대구광역시 동구 효신로16길 27,35.878888421,128.632411716
215,10347,예,아니오,청솔아파트,,개별난방,아니오,예,,,,,동구 동부로 217 (효목동 290-4),,18,1.0,사용,등록,대구광역시 동구 동부로 217,35.879606731,128.635196537
216,10348,아니오,아니오,태왕메트로시티,태왕메트로시티아파트,개별난방,아니오,예,경산안전팀,2003-10-23,2006.0,10 월,동구 동북로 500 (효목동 337),753-3401,"1,859",16.0,사용,등록,대구광역시 동구 동북로 500,35.879823162,128.641436394
217,10349,예,아니오,석우하이로즈빌,,개별난방,아니오,예,,,,,동구 동부로 187 (효목동 280-3),,18,1.0,사용,등록,대구광역시 동구 동부로 187,35.878275213,128.632591596
218,10350,아니오,아니오,멤피스빌,효목태영아파트(효목멤피스빌),개별난방,아니오,예,경산안전팀,2003-05-27,2006.0, 5 월,동구 효목로 52 (효목동 569),751-4088,35,1.0,사용,등록,대구광역시 동구 효목로 52,35.877690834,128.640507563
219,10401,아니오,아니오,문화아파트,검사문화,개별난방,아니오,예,경산안전팀,1993-11-26,2005.0,11 월,동구 동촌로14길 14 (검사동 1021),982-4040,228,6.0,사용,등록,대구광역시 동구 동촌로14길 14,35.88787426,128.649653877
220,10402,아니오,아니오,검사공군아파트,"K2공군아파트 구관사(1-29동,구독신자3동)",개별난방,아니오,예,경산안전팀,2000-11-02,2006.0,11 월,동구 둔산로 311-1 (검사동 276-1),989-3960,6,25.0,사용,미등록,대구광역시 동구 둔산로 311-1,,
221,10403,예,아니오,신성강변마을,,개별난방,아니오,예,,,,,동구 해동로 174 (검사동 1027-19),981-2928,19,1.0,사용,등록,대구광역시 동구 해동로 174,35.886951468,128.647941265
222,10404,아니오,아니오,동선골든타운,동선골든타운,개별난방,아니오,예,경산안전팀,2003-04-21,2006.0, 4 월,동구 해동로 235 (검사동 960-14),,36,1.0,사용,등록,대구광역시 동구 해동로 235,35.884604401,128.654048794
223,10405,예,아니오,해성아파트,,개별난방,아니오,예,,,,,동구 해동로 224 (검사동 984-40),,,,사용,등록,대구광역시 동구 해동로 224,35.884647711,128.652730695
224,10406,예,아니오,제네스빌,,개별난방,아니오,예,,,,,동구 해동로 226 (검사동 976-2),,,,사용,등록,대구광역시 동구 해동로 226,35.88446758,128.653035194
225,10407,예,아니오,검사리버파크,,개별난방,아니오,예,,,,,동구 해동로 220 (검사동 984-29),,,,사용,등록,대구광역시 동구 해동로 220,35.884834239,128.652256904
226,10408,예,아니오,검사공군(1동~3동),,개별난방,아니오,예,,,,,동구 둔산로 311-1 (검사동 276-1),989-3852,,3.0,사용,미등록,대구광역시 동구 둔산로 311-1,,
227,10409,아니오,아니오,금사리하이빌,금사리하이빌,개별난방,아니오,예,경산안전팀,2003-06-12,2006.0, 6 월,동구 해동로 254 (검사동 963-4),981-1162,224,2.0,사용,등록,대구광역시 동구 해동로 254,35.883749054,128.65575364
228,10410,예,아니오,월성위너파크,,개별난방,아니오,예,,,,,동구 동촌로 133 (검사동 944-5),,,,사용,등록,대구광역시 동구 동촌로 133,35.88547059,128.656067651
229,10411,예,아니오,강변드림파크,,개별난방,아니오,예,,,,,동구 해동로 232 (검사동 971-9),,,,사용,등록,대구광역시 동구 해동로 232,35.88424455,128.653557356
230,10412,아니오,아니오,강가에,검사동해피아이아파트(강가에),개별난방,아니오,예,경산안전팀,2006-05-29,, 5 월,동구 해동로 214 (검사동 984-34),984-9356,48,1.0,사용,등록,대구광역시 동구 해동로 214,35.885071525,128.651804305
231,10413,예,아니오,검사공군광성,,개별난방,아니오,예,,,,,동구 둔산로 311-1 (검사동 276-1),989-3960,80,2.0,사용,미등록,대구광역시 동구 둔산로 311-1,,
232,10501,아니오,아니오,상명아파트,입석상명,개별난방,아니오,예,경산안전팀,1991-04-23,2006.0, 4 월,동구 동촌로6길 10 (입석동 947-20),,68,3.0,사용,등록,대구광역시 동구 동촌로6길 10,35.889828905,128.645008501
233,10502,아니오,아니오,해성아파트,입석해성,개별난방,아니오,예,경산안전팀,1991-04-23,2006.0, 4 월,동구 동촌로6길 12 (입석동 947-21),,45,2.0,사용,등록,대구광역시 동구 동촌로6길 12,35.889431075,128.645099782
234,10503,아니오,아니오,대선빌라,입석대선빌라(다세대),개별난방,아니오,아니오,경산안전팀,1992-12-14,,12 월,동구 동촌로6길 20 (입석동 935-6),,8,1.0,사용,등록,대구광역시 동구 동촌로6길 20,35.888948666,128.645541616
235,10504,아니오,아니오,가람빌라,입석가람빌라(삼복),개별난방,아니오,아니오,경산안전팀,1995-03-09,2004.0, 3 월,동구 해동로 135-1 (입석동 938-5),,8,1.0,사용,등록,대구광역시 동구 해동로 135-1,35.889044125,128.644824225
236,10505,아니오,아니오,동촌화성타운,입석화성(동촌),개별난방,아니오,예,경산안전팀,1995-05-10,2004.0, 5 월,동구 동촌로6길 3 (입석동 932-5),981-0992,184,3.0,사용,등록,대구광역시 동구 동촌로6길 3,35.889769663,128.646657249
237,10506,예,아니오,아너스아파트,,개별난방,아니오,예,,,,,동구 아양로 324-6 (입석동 983-13),,19,1.0,사용,등록,대구광역시 동구 아양로 324-6,35.892505421,128.644821873
238,11101,아니오,아니오,강산아파트,지저삼환강산,개별난방,아니오,예,경산안전팀,1991-02-25,2006.0, 2 월,동구 해동로5길 23 (지저동 786-2),982-2786,90,3.0,사용,등록,대구광역시 동구 해동로5길 23,35.894951374,128.639870674
239,11102,아니오,아니오,다세대주택,지저해성빌라,개별난방,아니오,예,경산안전팀,1993-09-09,2005.0, 9 월,동구 공항로45길 30 (지저동 640-4),,14,1.0,사용,등록,대구광역시 동구 공항로45길 30,35.896584859,128.642903488
240,11103,아니오,아니오,여명다세대주택,지저여명빌라,개별난방,아니오,예,경산안전팀,1993-09-14,2005.0, 9 월,동구 공항로51길 15 (지저동 642-10),,16,2.0,사용,등록,대구광역시 동구 공항로51길 15,35.89645559,128.642017227
241,11104,아니오,아니오,동보빌라,지저골든(동보),개별난방,아니오,아니오,경산안전팀,1993-11-08,,11 월,동구 공항로49길 35-1 (지저동 651-5),,16,2.0,사용,등록,대구광역시 동구 공항로49길 35-1,35.894900392,128.643585515
242,11105,아니오,아니오,부국빌라,지저부국빌라,개별난방,아니오,예,경산안전팀,1994-03-03,2006.0, 3 월,동구 해동로7길 5-2 (지저동 776-28),,18,2.0,사용,등록,대구광역시 동구 해동로7길 5-2,35.8941574,128.638086207
243,11106,예,아니오,공항하이츠빌라,,개별난방,아니오,예,,,,,동구 공항로51길 17 (지저동 662-33),,8,1.0,사용,등록,대구광역시 동구 공항로51길 17,35.896602372,128.642218261
244,11107,아니오,아니오,제림햇빛촌아파트,지저제림햇빛촌,개별난방,아니오,예,경산안전팀,1995-10-12,2004.0,10 월,동구 공항로52길 28 (지저동 779-1),981-8721,226,2.0,사용,등록,대구광역시 동구 공항로52길 28,35.893438321,128.639118498
245,11108,아니오,아니오,경남빌라,지저경남빌라,개별난방,아니오,예,경산안전팀,1997-02-17,2006.0, 2 월,동구 공항로45길 14 (지저동 663-18),,8,1.0,사용,등록,대구광역시 동구 공항로45길 14,35.897015893,128.64118779
246,11109,아니오,아니오,동재빌라,지저동재빌라,개별난방,아니오,예,경산안전팀,1998-12-29,2004.0,12 월,동구 공항로51길 16-1 (지저동 642-12),,8,1.0,사용,등록,대구광역시 동구 공항로51길 16-1,35.896290468,128.642433258
247,11110,아니오,아니오,월성공항아파트,지저월성공항,개별난방,아니오,예,경산안전팀,2000-06-02,2006.0, 6 월,동구 해동로7길 57 (지저동 784-1),,39,1.0,사용,등록,대구광역시 동구 해동로7길 57,35.894512498,128.640259864
248,11111,아니오,아니오,팔공아파트,지저팔공,개별난방,아니오,예,경산안전팀,1999-10-21,2005.0,10 월,동구 해동로 54 (지저동 757-5),981-6500,284,8.0,사용,등록,대구광역시 동구 해동로 54,35.892801199,128.637244586
249,11112,아니오,아니오,청보빌라,지저청보세원빌라,개별난방,아니오,예,경산안전팀,1999-11-17,2005.0,11 월,동구 아양로57길 21 (지저동 818-8),,32,4.0,사용,등록,대구광역시 동구 아양로57길 21,35.892064977,128.642692333
250,11113,아니오,아니오,부민스위트빌,부민스위트빌,개별난방,아니오,예,경산안전팀,2002-08-07,2005.0, 8 월,동구 해동로2길 37 (지저동 711),986-9590,184,1.0,사용,등록,대구광역시 동구 해동로2길 37,35.896279274,128.635975782
251,11114,아니오,아니오,공항2차월성아파트,지저동월성아파트,개별난방,아니오,예,경산안전팀,2002-09-18,2005.0, 9 월,동구 해동로7길 66 (지저동 784-5),986-5956,48,1.0,사용,등록,대구광역시 동구 해동로7길 66,35.894670013,128.641192637
252,11201,아니오,아니오,강변아파트,방촌서한강변,개별난방,아니오,예,경산안전팀,1989-03-30,2005.0, 3 월,동구 동촌로54길 13 (방촌동 1102-2),983-6995,477,10.0,사용,등록,대구광역시 동구 동촌로54길 13,35.878874066,128.669075803
253,11202,아니오,아니오,강변아파트,방촌서한강변2차,개별난방,아니오,예,경산안전팀,1990-01-24,2006.0, 1 월,동구 동촌로56길 36 (방촌동 1113-8),982-6904,206,4.0,사용,등록,대구광역시 동구 동촌로56길 36,35.877122099,128.669255276
254,11203,아니오,아니오,무궁화아파트,방촌무궁화,개별난방,아니오,예,경산안전팀,1988-12-01,2005.0,12 월,동구 동촌로 222 (방촌동 1067-1),983-5568,120,2.0,사용,등록,대구광역시 동구 동촌로 222,35.881348309,128.66420773
255,11204,아니오,아니오,현대주택방촌맨션,방촌현대,개별난방,아니오,예,경산안전팀,1993-07-27,2005.0, 7 월,동구 화랑로91길 7 (방촌동 1119-1),984-4896,238,3.0,사용,등록,대구광역시 동구 화랑로91길 7,35.877252907,128.673803315
256,11205,아니오,아니오,방촌청구타운,방촌청구,개별난방,아니오,예,경산안전팀,1992-02-14,2004.0, 2 월,동구 화랑로73길 36 (방촌동 1084-13),984-3975,126,3.0,사용,등록,대구광역시 동구 화랑로73길 36,35.87919474,128.663089447
257,11206,아니오,아니오,태평빌라,방촌태평빌라,개별난방,아니오,예,경산안전팀,1992-04-13,2004.0, 4 월,동구 동촌로46길 11 (방촌동 1086-10),983-1615,26,2.0,사용,등록,대구광역시 동구 동촌로46길 11,35.880255517,128.664494876
258,11207,아니오,아니오,방촌우방맨션,방촌우방,개별난방,아니오,예,경산안전팀,1992-06-30,2004.0, 6 월,동구 화랑로 407 (방촌동 1084-28),983-0647,150,3.0,사용,등록,대구광역시 동구 화랑로 407,35.877481128,128.667439154
259,11208,아니오,아니오,우방강촌마을,방촌우방강촌마을,중앙난방(가스),아니오,예,경산안전팀,1996-06-25,2005.0, 6 월,동구 화랑로80길 8 (방촌동 1084-30),984-1154,"1,504",13.0,사용,등록,대구광역시 동구 화랑로80길 8,35.876431542,128.667745768
260,11209,아니오,아니오,우방강촌하이츠,방촌우방강촌하이츠,개별난방,아니오,예,경산안전팀,1997-10-10,2006.0,10 월,동구 화랑로80길 3 (방촌동 1084-505),985-5226,18,1.0,사용,등록,대구광역시 동구 화랑로80길 3,35.875918494,128.668720367
261,11210,아니오,아니오,보성강남타운,방촌강남보성,개별난방,아니오,예,경산안전팀,1997-11-04,2006.0,11 월,동구 화랑로88길 30 (방촌동 1119-5),984-2586,330,3.0,사용,등록,대구광역시 동구 화랑로88길 30,35.874889129,128.670658329
262,11211,아니오,아니오,우방2차강촌마을,우방강촌2차,개별난방,아니오,예,경산안전팀,1998-07-22,2004.0, 7 월,동구 화랑로80길 9 (방촌동 1119-100),985-6613,420,4.0,사용,등록,대구광역시 동구 화랑로80길 9,35.875883268,128.669933425
263,11212,아니오,아니오,성호그린빌라트,방촌그린빌라트,개별난방,아니오,예,경산안전팀,1998-12-10,2004.0,12 월,동구 방촌로1길 109 (방촌동 902-1),984-6030,93,3.0,사용,등록,대구광역시 동구 방촌로1길 109,35.883786242,128.666556397
264,11213,예,아니오,성호빌라,,개별난방,아니오,예,,,,,동구 방촌로 125-6 (방촌동 902-14),,10,2.0,사용,등록,대구광역시 동구 방촌로 125-6,35.882943654,128.666484355
265,11215,아니오,아니오,명성타운,방촌명성빌라,개별난방,아니오,예,경산안전팀,1998-12-22,2004.0,12 월,동구 둔산로 30 (방촌동 852-6),,15,2.0,사용,등록,대구광역시 동구 둔산로 30,35.881481308,128.672228268
266,11216,아니오,아니오,경북금성아파트,방촌금성,개별난방,아니오,예,경산안전팀,1999-01-28,2005.0, 1 월,동구 화랑로73길 48 (방촌동 1072-24),,46,2.0,사용,등록,대구광역시 동구 화랑로73길 48,35.880139872,128.661754712
267,11217,아니오,아니오,방촌현대아파트,방촌현대주상복합,개별난방,아니오,예,경산안전팀,1999-02-24,2005.0, 2 월,동구 방촌로 125 (방촌동 902-7),983-0387,47,1.0,사용,등록,대구광역시 동구 방촌로 125,35.882844433,128.665411023
268,11218,아니오,아니오,강변다세대주택,한솔빌라(구.강변다세대),개별난방,아니오,예,경산안전팀,1999-06-04,2005.0, 6 월,동구 동촌로54길 66 (방촌동 1113-267),,7,1.0,사용,등록,대구광역시 동구 동촌로54길 66,35.878170966,128.670548017
269,11219,아니오,아니오,영남네오빌,방촌영남(네오빌),개별난방,아니오,예,경산안전팀,2000-06-15,2006.0, 6 월,동구 동촌로 190 (방촌동 1050-71),053-985-0643,930,11.0,사용,등록,대구광역시 동구 동촌로 190,35.880844149,128.661449634
270,11220,아니오,아니오,백산강변빌라,방촌백산강변빌라,개별난방,아니오,예,경산안전팀,2000-08-21,2006.0, 8 월,동구 동촌로42길 61-3 (방촌동 1072-14),,8,1.0,사용,등록,대구광역시 동구 동촌로42길 61-3,35.879555185,128.661972243
271,11221,아니오,아니오,BC스테이션,방촌미진연립주택(BC스테이션),개별난방,아니오,예,경산안전팀,2000-04-25,2006.0, 4 월,동구 동촌로 274 (방촌동 1103-2),,18,1.0,사용,등록,대구광역시 동구 동촌로 274,35.879559621,128.669516087
272,11222,예,아니오,강촌그린아파트,,개별난방,아니오,예,,,,,동구 화랑로88길 48 (방촌동 1120-62),,,,사용,등록,대구광역시 동구 화랑로88길 48,35.874651478,128.667632315
273,11223,아니오,아니오,방촌2차영남네오빌,방촌영남네오빌2차아파트,개별난방,아니오,예,경산안전팀,2003-05-16,2006.0, 5 월,동구 동촌로42길 63 (방촌동 1077-11),985-9240,230,3.0,사용,등록,대구광역시 동구 동촌로42길 63,35.878402885,128.661887813
274,11224,예,아니오,해들목마을,,개별난방,아니오,예,,,,,동구 화랑로 451 (방촌동 1119-91),,,,사용,등록,대구광역시 동구 화랑로 451,35.876061267,128.673529546
275,11225,아니오,아니오,방촌강남밸리스,강남밸리스(방촌오피스텔),개별난방,아니오,예,경산안전팀,2004-06-07,, 6 월,동구 동촌로 299 (방촌동 857-120),,59,2.0,사용,등록,대구광역시 동구 동촌로 299,35.879242371,128.672505478
276,11226,아니오,아니오,현대빌라트,방촌현대빌라,개별난방,아니오,예,경산안전팀,2004-07-07,, 7 월,동구 화랑로88길 70-1 (방촌동 1120-87),,12,2.0,사용,등록,대구광역시 동구 화랑로88길 70-1,35.874828522,128.665669571
277,11227,예,아니오,동선그린파크,,개별난방,아니오,예,,,,,동구 호반길 79 (방촌동 1031-8),,,,사용,등록,대구광역시 동구 호반길 79,35.877853131,128.661643171
278,11228,아니오,아니오,방촌청구제네스,청구제네스아파트,개별난방,아니오,예,경산안전팀,2006-03-15,, 3 월,동구 화랑로75길 6 (방촌동 1084-207),985-7662,130,1.0,사용,등록,대구광역시 동구 화랑로75길 6,35.878002163,128.666706245
279,11301,아니오,아니오,그린아파트,불로통신공사사원(그린아파트),개별난방,아니오,예,북부안전팀,1991-10-23,2006.0,10 월,동구 팔공로31길 20 (불로동 1156-1),981-5799,,,사용,등록,대구광역시 동구 팔공로31길 20,35.913339989,128.639129083
280,11302,아니오,아니오,청호아파트,불로청호,개별난방,아니오,예,북부안전팀,1991-07-26,2006.0, 7 월,동구 팔공로25길 46 (불로동 140-4),981-3189,120,2.0,사용,등록,대구광역시 동구 팔공로25길 46,35.911014063,128.636257563
281,11303,아니오,아니오,불로강변아파트,불로강변,개별난방,아니오,예,경산안전팀,1993-12-06,2005.0,12 월,동구 방천로3길 30 (불로동 1039),985-4025,114,2.0,사용,등록,대구광역시 동구 방천로3길 30,35.897488296,128.631240173
282,11304,아니오,아니오,은빛아파트,불로은빛,개별난방,아니오,예,북부안전팀,1990-01-25,2006.0, 1 월,동구 팔공로26길 33 (불로동 530),984-0318,70,2.0,사용,등록,대구광역시 동구 팔공로26길 33,35.910049618,128.644284072
283,11306,아니오,아니오,장수빌라,불로장수빌라,개별난방,아니오,아니오,북부안전팀,1992-12-16,,12 월,동구 팔공로26길 37 (불로동 529),,,,사용,등록,대구광역시 동구 팔공로26길 37,35.910063898,128.644954594
284,11307,아니오,아니오,불로우방맨션,불로우방,개별난방,아니오,예,경산안전팀,1993-02-25,2005.0, 2 월,동구 공항로 150 (불로동 959),985-4015,174,5.0,사용,등록,대구광역시 동구 공항로 150,35.900263662,128.632108765
285,11308,아니오,아니오,평광현대아파트,불로현대평광,개별난방,아니오,예,북부안전팀,1994-11-09,2006.0,11 월,동구 팔공로37길 33 (불로동 1154),984-0755,129,4.0,사용,등록,대구광역시 동구 팔공로37길 33,35.915653091,128.639126643
286,11309,아니오,아니오,여명그린빌라,불로여명빌라,개별난방,아니오,예,북부안전팀,1995-01-26,2004.0, 1 월,동구 팔공로29길 41 (불로동 299),,18,3.0,사용,등록,대구광역시 동구 팔공로29길 41,35.911636178,128.636409543
287,11310,아니오,예,,불로우영빌라,개별난방,아니오,예,북부안전팀,1995-02-21,2004.0, 2 월,동구 팔공로29길 37 (불로동 151-2),,24,3.0,사용,,대구광역시 동구 팔공로29길 37,35.911916413,128.63701756
288,11311,예,아니오,여명다세대주택,,개별난방,아니오,예,,,,,동구 팔공로29길 43 (불로동 298-1),,15,3.0,사용,등록,대구광역시 동구 팔공로29길 43,35.911979791,128.636076469
289,11312,아니오,아니오,제림빌리지아파트,불로제림빌리지,개별난방,아니오,예,경산안전팀,1995-10-12,2004.0,10 월,동구 해동로6길 37 (불로동 1021),981-9076,161,1.0,사용,등록,대구광역시 동구 해동로6길 37,35.896713276,128.634119557
290,11313,아니오,아니오,남경공항타운,불로공항타운,개별난방,아니오,예,경산안전팀,1996-07-01,2005.0, 7 월,동구 방천로3길 1 (불로동 1000-40),985-0830,,,사용,등록,대구광역시 동구 방천로3길 1,35.898386374,128.633582659
291,11314,아니오,아니오,평광현대아파트,불로평광현대2차,개별난방,아니오,예,북부안전팀,1997-03-21,2006.0, 3 월,동구 팔공로33길 19 (불로동 1156),981-5022,51,2.0,사용,등록,대구광역시 동구 팔공로33길 19,35.9137761,128.639183279
292,11315,예,아니오,외기아파트,,개별난방,아니오,예,,,,,동구 팔공로31길 14 (불로동 1156-2),,,,사용,등록,대구광역시 동구 팔공로31길 14,35.913760446,128.63959343
293,11316,예,아니오,강촌타운,,개별난방,아니오,예,,,,,동구 방천로1길 99 (불로동 1076-4),,8,1.0,사용,등록,대구광역시 동구 방천로1길 99,35.894313675,128.634904062
294,11317,예,아니오,효성아파트,,개별난방,아니오,예,,,,,동구 팔공로29길 3-1 (불로동 399),,,,사용,등록,대구광역시 동구 팔공로29길 3-1,35.9114976,128.640520646
295,11401,예,아니오,동선타운,,개별난방,아니오,예,,,,,동구 신평로 76-7 (신평동 703),,,,사용,등록,대구광역시 동구 신평로 76-7,35.878349898,128.678049161
296,11601,아니오,아니오,둔산공군아파트,둔산K2공군(신관사31-37동),개별난방,아니오,예,경산안전팀,2000-12-14,2006.0,12 월,동구 둔산로 311 (둔산동 918),989-3852,216,7.0,사용,미등록,대구광역시 동구 둔산로 311,,
297,11701,아니오,아니오,봉무청구새들마을,봉무청구새들마을,개별난방,아니오,예,북부안전팀,2000-10-23,2006.0,10 월,동구 팔공로 322-5 (봉무동 245),981-4756,347,4.0,사용,등록,대구광역시 동구 팔공로 322-5,35.92913001,128.642612477
298,11801,아니오,아니오,공항3차아파트,도동에덴공항3차,개별난방,아니오,예,북부안전팀,1990-08-17,2006.0, 8 월,동구 팔공로26길 49 (도동 20-5),985-5589,237,3.0,사용,등록,대구광역시 동구 팔공로26길 49,35.910187649,128.64663351
299,11802,아니오,아니오,도동청구맨션,도동청구,개별난방,아니오,예,북부안전팀,1997-07-14,2006.0, 7 월,동구 팔공로24길 131 (도동 89-2),984-6832,96,1.0,사용,등록,대구광역시 동구 팔공로24길 131,35.90939157,128.648678749
300,12101,아니오,아니오,보성동원타운,신기보성동원,개별난방,아니오,예,경산안전팀,1989-03-24,2005.0, 3 월,동구 안심로41길 21 (신기동 560),964-4749,174,6.0,사용,등록,대구광역시 동구 안심로41길 21,35.867754274,128.708036649
301,12102,아니오,아니오,신기모란2차아파트,신기협화모란2차,개별난방,아니오,예,경산안전팀,1988-04-27,2005.0, 4 월,동구 율하동로20길 30 (신기동 576),962-9987,356,5.0,사용,등록,대구광역시 동구 율하동로20길 30,35.866775794,128.705311274
302,12103,아니오,아니오,천일맨션,신기천일그린,개별난방,아니오,예,경산안전팀,1990-02-12,2006.0, 2 월,동구 율하동로24길 14 (신기동 555),961-2339,120,10.0,사용,등록,대구광역시 동구 율하동로24길 14,35.868281023,128.703775772
303,12104,아니오,아니오,화성아파트,신기화성금오,개별난방,아니오,예,경산안전팀,1990-06-11,2006.0, 6 월,동구 율하동로20길 20 (신기동 576-1),963-5523,440,9.0,사용,등록,대구광역시 동구 율하동로20길 20,35.866980513,128.70350365
304,12105,아니오,아니오,신기모란아파트,신기협화모란1차,개별난방,아니오,예,경산안전팀,1991-04-19,2006.0, 4 월,동구 율하동로20길 40 (신기동 573),963-3054,317,5.0,사용,등록,대구광역시 동구 율하동로20길 40,35.866644107,128.706457393
305,12106,아니오,아니오,신기모란3차아파트,신기협화모란3차,개별난방,아니오,예,경산안전팀,1988-12-08,2005.0,12 월,동구 율하동로20길 31 (신기동 557),963-3127,640,11.0,사용,등록,대구광역시 동구 율하동로20길 31,35.868172403,128.705675314
306,12107,아니오,아니오,동부프라자,신기동부프라자,개별난방,아니오,예,경산안전팀,1990-08-21,2006.0, 8 월,동구 율하동로 143 (신기동 174-1),963-9948,32,1.0,사용,등록,대구광역시 동구 율하동로 143,35.872508821,128.702494798
307,12108,예,아니오,대경고을빛아파트,,개별난방,아니오,예,,,,,동구 반야월로32길 17 (신기동 118-3),,,,사용,등록,대구광역시 동구 반야월로32길 17,35.871793652,128.705581626
308,12109,아니오,아니오,신기메디오스아파트,신기메디오스아파트,개별난방,아니오,예,경산안전팀,2004-06-30,, 6 월,동구 율하동로28길 54 (신기동 30-2),,73,1.0,사용,등록,대구광역시 동구 율하동로28길 54,35.870791876,128.708463938
309,12201,아니오,아니오,신혼연립주택,율하신혼빌라,개별난방,아니오,예,경산안전팀,1990-11-02,2006.0,11 월,동구 율하동로 101 (율하동 947),962-9753,102,4.0,사용,등록,대구광역시 동구 율하동로 101,35.86916045,128.701549438
310,12202,아니오,아니오,안심주공1단지아파트,율하안심주공1단지,개별난방,아니오,예,경산안전팀,1994-06-01,2006.0, 6 월,동구 안심로22길 3 (율하동 1018),964-4548,864,17.0,사용,등록,대구광역시 동구 안심로22길 3,35.866309074,128.69678741
311,12203,아니오,아니오,안심주공3단지아파트,율하안심주공3단지,개별난방,아니오,예,경산안전팀,1994-06-01,2006.0, 6 월,동구 율하동로 76 (신기동 594),964-5717,984,17.0,사용,등록,대구광역시 동구 율하동로 76,35.86599403,128.702013881
312,12204,아니오,아니오,율하뜨란채,안심주공 2단지(율하뜨란채),개별난방,아니오,예,경산안전팀,1997-06-20,2006.0, 6 월,동구 율하동로 67 (율하동 1020),963-3733,340,11.0,사용,등록,대구광역시 동구 율하동로 67,35.865944868,128.701100042
313,12205,아니오,아니오,대구안심4단지,안심주공4단지,개별난방,아니오,예,경산안전팀,2003-07-01,2006.0, 7 월,동구 율하동로 73 (율하동 1021),962-8404,194,6.0,사용,등록,대구광역시 동구 율하동로 73,35.866507681,128.70049005
314,12206,예,아니오,율하그랜드파크,,개별난방,아니오,예,,,,,동구 반야월로24길 42 (율하동 159-1),,,,사용,등록,대구광역시 동구 반야월로24길 42,35.871563084,128.700007977
315,12301,예,아니오,금잔디아파트,,개별난방,아니오,예,,,,,동구 경안로 726 (동호동 107-7),,,,사용,등록,대구광역시 동구 경안로 726,35.866896686,128.71404211
316,12302,아니오,아니오,D.O하이넷시티,디오하이넷시티,개별난방,아니오,예,경산안전팀,2002-06-03,2005.0, 6 월,동구 안심로49길 103 (서호동 47),,49,1.0,사용,등록,대구광역시 동구 안심로49길 103,35.870504516,128.710307267
317,12303,아니오,아니오,동화해오름타운,동화해오름타운,개별난방,아니오,예,경산안전팀,2003-05-21,2006.0, 5 월,동구 동호로 89 (신서동 538-1),963-6771,604,8.0,사용,등록,대구광역시 동구 동호로 89,35.866726902,128.72638742
318,12304,아니오,아니오,영조아름다운나날1단지,동호아름다운나날1(영조),개별난방,아니오,예,경산안전팀,2003-09-02,2006.0, 9 월,동구 안심로 402 (신서동 543),961-7735,782,13.0,사용,등록,대구광역시 동구 안심로 402,35.867724554,128.72887603
319,12390,예,아니오,상록아파트,,개별난방,아니오,예,,,,,동구 동호로 47 (동호동 362),963-6733,711,8.0,사용,등록,대구광역시 동구 동호로 47,35.865571124,128.722953553
320,12391,예,아니오,상록아이투빌아파트,,개별난방,아니오,예,,,,,동구 동호로 47 (동호동 362),961-5569,357,3.0,사용,등록,대구광역시 동구 동호로 47,35.865571124,128.722953553
321,12401,예,아니오,성호빌라트,,개별난방,아니오,예,,,,,동구 율하동로26길 72 (서호동 90-1),,,,사용,등록,대구광역시 동구 율하동로26길 72,35.869474529,128.710194921
322,12402,예,아니오,팔공스카이빌,,개별난방,아니오,예,,,,,동구 안심로41길 46 (서호동 74-4),,,,사용,등록,대구광역시 동구 안심로41길 46,35.870235739,128.708857796
323,12501,아니오,아니오,우방백자아파트,용계우방백자,개별난방,아니오,예,경산안전팀,1989-05-16,2005.0, 5 월,동구 동촌로 346 (용계동 422),984-0554,288,7.0,사용,등록,대구광역시 동구 동촌로 346,35.877333757,128.676273755
324,12502,아니오,아니오,은하아파트,용계제림은하,개별난방,아니오,예,경산안전팀,1990-12-12,2006.0,12 월,동구 화랑로91길 8 (용계동 437-2),983-8271,118,2.0,사용,등록,대구광역시 동구 화랑로91길 8,35.876432776,128.674733646
325,12503,아니오,아니오,용계보라아파트,용계보라맨션,개별난방,아니오,예,경산안전팀,1997-07-21,2006.0, 7 월,동구 반야월로 26 (용계동 755-138),964-6663,,,사용,등록,대구광역시 동구 반야월로 26,35.87363686,128.691488963
326,12504,아니오,아니오,무지개타운,해동무지개빌라1차,개별난방,아니오,예,경산안전팀,1998-11-17,2004.0,11 월,동구 반야월로1길 7 (용계동 702-31),,11,2.0,사용,등록,대구광역시 동구 반야월로1길 7,35.874608969,128.688973424
327,12505,예,아니오,용계광성무지개,,개별난방,아니오,예,,,,,동구 용계동 702,,8,1.0,사용,미등록,대구광역시 동구 용계동 702,,
328,12506,아니오,아니오,용계삼산타운,용계삼주(삼산),개별난방,아니오,예,경산안전팀,1998-11-23,2004.0,11 월,동구 반야월로6길 20 (용계동 728-1),964-0340,138,2.0,사용,등록,대구광역시 동구 반야월로6길 20,35.873733938,128.692829728
329,12507,예,아니오,무지개빌라,,개별난방,아니오,예,,,,,동구 반야월로1길 5 (용계동 702-32),,15,2.0,사용,등록,대구광역시 동구 반야월로1길 5,35.87460184,128.689132522
330,12508,아니오,아니오,강변동서마을,용계강변동서,개별난방,아니오,예,경산안전팀,1999-08-10,2005.0, 8 월,동구 화랑로100길 17 (용계동 467-1),963-4754,647,9.0,사용,등록,대구광역시 동구 화랑로100길 17,35.874031566,128.678576125
331,12509,예,아니오,예원하이츠,,개별난방,아니오,예,,,,,동구 반야월로 55 (용계동 152-4),,,,사용,등록,대구광역시 동구 반야월로 55,35.873969261,128.694712447
332,12901,아니오,아니오,각산성지비둘기아파트,각산성지비둘기,개별난방,아니오,예,경산안전팀,1992-06-09,2004.0, 6 월,동구 반야월북로 153 (각산동 389-12),964-3435,90,2.0,사용,등록,대구광역시 동구 반야월북로 153,35.87364603,128.714540428
333,12902,아니오,아니오,성지각산아파트,각산성지,개별난방,아니오,예,경산안전팀,1989-10-27,2005.0,10 월,동구 반야월북로 155 (각산동 389-2),961-2681,299,7.0,사용,등록,대구광역시 동구 반야월북로 155,35.873514324,128.715270863
334,12903,아니오,아니오,안심효성타운,각산안심효성타운,개별난방,아니오,예,경산안전팀,1995-06-29,2004.0, 6 월,동구 경안로 809 (각산동 383-1),963-9395,392,4.0,사용,등록,대구광역시 동구 경안로 809,35.873879317,128.713089567
335,12904,아니오,아니오,금강진우타운,각산금강진우타운,개별난방,아니오,예,경산안전팀,1995-12-21,2004.0,12 월,동구 반야월북로 175 (각산동 404-1),963-0348,140,3.0,사용,등록,대구광역시 동구 반야월북로 175,35.873120556,128.717104994
336,12905,아니오,아니오,영도행복한마을,각산영도아파트(한마을),개별난방,아니오,예,경산안전팀,2003-03-12,2006.0, 3 월,동구 경안로 810 (각산동 394),963-1092,90,2.0,사용,등록,대구광역시 동구 경안로 810,35.874842132,128.715280726
337,13001,아니오,아니오,신서녹원맨션,신서녹원(갑을사원),개별난방,아니오,예,경산안전팀,1992-01-24,2004.0, 1 월,동구 반야월북로 269 (신서동 809-1),962-6446,270,5.0,사용,등록,대구광역시 동구 반야월북로 269,35.873014903,128.727766682
338,13002,아니오,아니오,일산빌라,신서일산,개별난방,아니오,아니오,경산안전팀,1992-09-25,2004.0, 9 월,동구 안심로 411-13 (신서동 517-11),,20,1.0,사용,등록,대구광역시 동구 안심로 411-13,35.870405043,128.728795823
339,13003,아니오,아니오,신서보라맨션,신서보라,개별난방,아니오,예,경산안전팀,1993-10-20,2005.0,10 월,동구 반야월북로53길 10 (신서동 885),964-1390,99,3.0,사용,등록,대구광역시 동구 반야월북로53길 10,35.873760552,128.726934077
340,13004,아니오,아니오,남도빌라,신서남도빌라,개별난방,아니오,아니오,경산안전팀,1994-04-12,2006.0, 4 월,동구 안심로 411-11 (신서동 518-13),,,,사용,등록,대구광역시 동구 안심로 411-11,35.870407346,128.728222927
341,13005,아니오,아니오,한성빌라,신서한성빌라,개별난방,아니오,아니오,경산안전팀,1995-07-06,2004.0, 7 월,동구 안심로 411-3 (신서동 517-15),,8,1.0,사용,등록,대구광역시 동구 안심로 411-3,35.870165935,128.728939976
342,13006,아니오,아니오,신서청구타운,신서청구,개별난방,아니오,예,경산안전팀,1997-11-18,2006.0,11 월,동구 반야월북로55길 19 (신서동 881),961-2593,360,4.0,사용,등록,대구광역시 동구 반야월북로55길 19,35.874748245,128.727220023
343,13007,아니오,아니오,효성빌라,신서효성빌라,개별난방,아니오,예,경산안전팀,1998-04-06,2004.0, 4 월,동구 반야월북로59길 40 (신서동 452-3),,30,4.0,사용,등록,대구광역시 동구 반야월북로59길 40,35.873760644,128.733120042
344,13008,예,아니오,은하빌라,,개별난방,아니오,예,,,,,동구 반야월북로 269-26 (신서동 885-3),,16,2.0,사용,등록,대구광역시 동구 반야월북로 269-26,35.873425051,128.727408441
345,13009,아니오,아니오,장원아파트,신서장원빌라,개별난방,아니오,예,경산안전팀,1998-11-04,2004.0,11 월,동구 반야월북로53길 11-8 (신서동 823-48),,19,1.0,사용,등록,대구광역시 동구 반야월북로53길 11-8,35.8740075,128.726055942
346,13010,아니오,아니오,신서그린빌,신서동신아파트(신서그린빌),개별난방,아니오,예,경산안전팀,2001-08-31,2004.0, 8 월,동구 반야월북로 251 (신서동 823-7),963-3499,568,7.0,사용,등록,대구광역시 동구 반야월북로 251,35.873171133,128.725179803
347,13011,예,아니오,신서아너스뷰아파트,,개별난방,아니오,예,,,,,동구 반야월북로57길 13-4 (신서동 422-3),,19,1.0,사용,등록,대구광역시 동구 반야월북로57길 13-4,35.873618821,128.730552912
348,13012,아니오,아니오,영조아름다운나날,아름다운나날2차아파트,개별난방,아니오,예,경산안전팀,2003-07-25,2006.0, 7 월,동구 동호로 88 (신서동 540),962-7878,830,11.0,사용,등록,대구광역시 동구 동호로 88,35.866154777,128.727421815
349,13013,아니오,아니오,영조아름다운나날,아름다운나날3차아파트,개별난방,아니오,예,경산안전팀,2003-08-14,2006.0, 8 월,동구 동호로 132 (신서동 561),961-5553,"1,140",10.0,사용,등록,대구광역시 동구 동호로 132,35.867086514,128.730543527
350,13014,아니오,아니오,대경넥스빌,동호대경넥스빌아파트,개별난방,아니오,예,경산안전팀,2003-06-17,2006.0, 6 월,동구 안심로 400 (신서동 538-2),962-4765,446,7.0,사용,등록,대구광역시 동구 안심로 400,35.867223804,128.72771162
351,13015,예,아니오,송정빌라,,개별난방,아니오,예,,,,,동구 반야월북로55길 60 (신서동 446-2),,,,사용,등록,대구광역시 동구 반야월북로55길 60,35.87417865,128.732387517
352,13201,아니오,아니오,궁전빌라,괴전궁전빌라,개별난방,아니오,예,경산안전팀,1997-01-04,2006.0, 1 월,동구 반야월북로 339-9 (괴전동 112-11),,8,1.0,사용,등록,대구광역시 동구 반야월북로 339-9,35.873610524,128.734510079
353,13202,아니오,예,,괴전초원훼밀리빌라,개별난방,아니오,아니오,경산안전팀,1997-06-21,2006.0, 6 월,동구 동내로 24 (괴전동 112-2),,59,7.0,사용,,대구광역시 동구 동내로 24,35.873434976,128.734089247
354,14801,아니오,아니오,팔공보성아파트,지묘팔공보성1차,개별난방,아니오,예,북부안전팀,1995-03-17,2004.0, 3 월,동구 팔공로 489 (지묘동 215),984-9116,727,6.0,사용,등록,대구광역시 동구 팔공로 489,35.941538071,128.644707072
355,14802,아니오,아니오,명산화성빌라트,지묘명산빌라트(화성),개별난방,아니오,예,북부안전팀,1995-03-14,2004.0, 3 월,동구 파계로22길 33 (지묘동 543-1),984-2215,105,3.0,사용,등록,대구광역시 동구 파계로22길 33,35.941730413,128.639270618
356,14803,아니오,아니오,팔공2차보성아파트,지묘팔공보성2차,개별난방,아니오,예,북부안전팀,1995-05-24,2004.0, 5 월,동구 팔공로101길 55 (지묘동 327),985-3129,748,6.0,사용,등록,대구광역시 동구 팔공로101길 55,35.940429014,128.641555538
357,14804,아니오,아니오,왕산우방타운,지묘우방타운(왕산),개별난방,아니오,예,북부안전팀,1997-11-05,2006.0,11 월,동구 파계로6길 30 (지묘동 337),981-8272,215,5.0,사용,등록,대구광역시 동구 파계로6길 30,35.939975809,128.640444996
358,14805,아니오,아니오,태왕그린힐즈,태왕그린힐즈,중앙난방(가스),아니오,예,북부안전팀,1997-11-20,2006.0,11 월,동구 파계로 46 (지묘동 360),971-2754,462,7.0,사용,등록,대구광역시 동구 파계로 46,35.938671058,128.639314785
359,14806,아니오,아니오,화성명산타운,지묘명산타운,개별난방,아니오,예,북부안전팀,1999-08-02,2005.0, 8 월,동구 파계로22길 7 (지묘동 500),243-9373,218,2.0,사용,등록,대구광역시 동구 파계로22길 7,35.943962101,128.63824034
360,14807,아니오,아니오,팔공3차보성타운,팔공3차보성타운,개별난방,아니오,예,북부안전팀,2001-09-20,2004.0, 9 월,동구 파계로 71 (지묘동 824),986-8001,650,9.0,사용,등록,대구광역시 동구 파계로 71,35.94054946,128.635666923
361,14808,예,아니오,팔공팔레스,,개별난방,아니오,예,,,,,동구 팔공로 529-15 (지묘동 84-3),,19,1.0,사용,등록,대구광역시 동구 팔공로 529-15,35.945024574,128.645726258
362,14809,예,아니오,그린파크,,개별난방,아니오,예,,,,,동구 팔공로 519 (지묘동 87),,19,2.0,사용,등록,대구광역시 동구 팔공로 519,35.944767378,128.64655344
363,20101,아니오,아니오,산격동럭키아파트,산격럭키로얄,개별난방,아니오,예,북부안전팀,1987-08-01,2004.0, 8 월,북구 동북로37길 14-19 (산격동 491),382-6782,105,2.0,사용,등록,대구광역시 북구 동북로37길 14-19,35.899651324,128.614231644
364,20102,예,아니오,산격시영(79),,개별난방,아니오,예,,,,,북구 동북로 163 (산격동 500-1),,,,사용,미등록,대구광역시 북구 동북로 163,35.899173428,128.611888517
365,20103,예,아니오,산격시영(78),,개별난방,아니오,예,,,,,북구 동북로 131 (산격동 1838),,,7.0,사용,미등록,대구광역시 북구 동북로 131,35.902076176,128.608096894
366,20104,아니오,아니오,산격동보성아파트,산격보성,개별난방,아니오,예,북부안전팀,1988-08-25,2005.0, 8 월,북구 동북로37길 13-10 (산격동 493),942-4616,258,5.0,사용,등록,대구광역시 북구 동북로37길 13-10,35.900199773,128.612769725
367,20105,아니오,아니오,동성아파트,산격동성,개별난방,아니오,예,중부안전팀,1989-03-23,2005.0, 3 월,북구 신천동로 936 (산격동 762-2),956-1449,68,2.0,사용,등록,대구광역시 북구 신천동로 936,35.899774884,128.593877718
368,20106,아니오,아니오,산격동수정아파트,산격명보수정,개별난방,아니오,예,북부안전팀,1989-12-05,2005.0,12 월,북구 대불로5길 16 (산격동 469-11),382-0802,148,4.0,사용,등록,대구광역시 북구 대불로5길 16,35.902189006,128.612378823
369,20107,아니오,아니오,산격에덴아파트,산격에덴1차(1-5동),개별난방,아니오,예,북부안전팀,1988-08-06,2005.0, 8 월,북구 대불로5길 22 (산격동 503-1),382-9080,160,4.0,사용,등록,대구광역시 북구 대불로5길 22,35.902695091,128.611357858
370,20108,아니오,아니오,산격주공아파트,산격주공,중앙난방(가스),아니오,예,중부안전팀,1992-08-12,2004.0, 8 월,북구 연암로 183 (산격동 724-12),958-3586,"1,862",8.0,사용,등록,대구광역시 북구 연암로 183,35.90106424,128.595095258
371,20109,아니오,아니오,산격에덴아파트,"산격에덴2차(6,7동)",개별난방,아니오,예,북부안전팀,1986-07-21,2004.0, 7 월,북구 대불로5길 21 (산격동 502-5),382-8223,95,2.0,사용,등록,대구광역시 북구 대불로5길 21,35.901618692,128.612226994
372,20110,아니오,아니오,산격에덴아파트,산격에덴4차(17-19동),개별난방,아니오,예,북부안전팀,1988-08-06,2005.0, 8 월,북구 동북로37길 58-16 (산격동 469),382-2313,130,3.0,사용,등록,대구광역시 북구 동북로37길 58-16,35.90302578,128.612008294
373,20111,아니오,아니오,산격청구맨션,산격청구,개별난방,아니오,예,중부안전팀,1996-08-28,2005.0, 8 월,북구 대구체육관로 12 (산격동 1442-4),951-3753,79,1.0,사용,등록,대구광역시 북구 대구체육관로 12,35.890749177,128.601783551
374,20112,아니오,아니오,산격동화타운,산격동화타운,개별난방,아니오,예,중부안전팀,1997-04-14,2006.0, 4 월,북구 연암로31길 19 (산격동 784-2),941-0164,86,1.0,사용,등록,대구광역시 북구 연암로31길 19,35.898431842,128.593648655
375,20113,아니오,아니오,산격강변빌라,산격동화강변빌라,개별난방,아니오,예,중부안전팀,1997-04-14,2006.0, 4 월,북구 연암로31길 18 (산격동 785-8),941-0164,8,1.0,사용,등록,대구광역시 북구 연암로31길 18,35.898204782,128.594223362
376,20114,아니오,아니오,산격거평아파트,산격거평아파트,개별난방,아니오,예,북부안전팀,1998-05-06,2004.0, 5 월,북구 유통단지로3길 7 (산격동 615-22),381-3920,338,4.0,사용,등록,대구광역시 북구 유통단지로3길 7,35.904950969,128.603770154
377,20115,아니오,아니오,산격에덴아파트,산격에덴3차,개별난방,아니오,예,북부안전팀,1998-12-14,2004.0,12 월,북구 동북로37길 58-17 (산격동 435-2),382-6005,240,8.0,사용,등록,대구광역시 북구 동북로37길 58-17,35.903277633,128.611662137
378,20116,예,아니오,유통단지산업용재관,,기타,아니오,예,,,,,북구 유통단지로 16 (산격동 1629),604-0705,849,32.0,사용,등록,대구광역시 북구 유통단지로 16,35.904072607,128.604156252
379,20117,예,아니오,전자상가,,기타,아니오,예,,,,,북구 유통단지로 25 (산격동 1626),604-2011,123,5.0,사용,등록,대구광역시 북구 유통단지로 25,35.9065268,128.605725119
380,20118,아니오,아니오,산격2차청구맨션,산격청구2차,개별난방,아니오,예,중부안전팀,1999-10-11,2005.0,10 월,북구 대구체육관로4길 2 (산격동 1404-19),956-6005,181,2.0,사용,등록,대구광역시 북구 대구체육관로4길 2,35.890510416,128.602289207
381,20119,아니오,아니오,산격대우아파트,산격대우,개별난방,아니오,예,북부안전팀,1999-08-30,2005.0, 8 월,북구 동북로 163 (산격동 500-1),384-1512,"1,702",11.0,사용,등록,대구광역시 북구 동북로 163,35.899173428,128.611888517
382,20120,예,아니오,전기재료관,,기타,아니오,예,,,,,북구 유통단지로 38 (산격동 1665),604-4114,344,5.0,사용,등록,대구광역시 북구 유통단지로 38,35.905690815,128.607281891
383,20121,아니오,아니오,청원빌라,산격청운황토빌라(청원아트빌),개별난방,아니오,아니오,중부안전팀,2001-05-31,2004.0, 5 월,북구 연암로 135-6 (산격동 799-4),,8,1.0,사용,등록,대구광역시 북구 연암로 135-6,35.896775128,128.594493378
384,20122,아니오,아니오,산격현대맨션,산격현대아파트,개별난방,아니오,예,중부안전팀,2002-01-31,2005.0, 1 월,북구 연암공원로14길 40 (산격동 1224-2),,49,1.0,사용,등록,대구광역시 북구 연암공원로14길 40,35.8964065,128.603870168
385,20123,예,아니오,로즈가든아파트,,개별난방,아니오,예,,,,,북구 대학로9길 80 (산격동 1241-8),,10,1.0,사용,등록,대구광역시 북구 대학로9길 80,35.897681401,128.607290217
386,20124,아니오,아니오,금오아파트,산격동금오맨션,개별난방,아니오,예,중부안전팀,2003-11-27,2006.0,11 월,북구 연암로25길 11 (산격동 793-49),942-7038,150,3.0,사용,등록,대구광역시 북구 연암로25길 11,35.895475999,128.593518661
387,20201,예,아니오,복현주공4단지,,개별난방,아니오,예,,,,,북구 복현로 71 (복현동 234-5),953-0974,,19.0,사용,미등록,대구광역시 북구 복현로 71,35.898495837,128.622413902
388,20202,아니오,아니오,한라아파트,복현한라,개별난방,아니오,예,북부안전팀,1987-07-10,2004.0, 7 월,북구 공항로5길 6 (복현동 79),382-4648,139,4.0,사용,등록,대구광역시 북구 공항로5길 6,35.899114266,128.618716702
389,20203,아니오,아니오,복현82.83시영,"82,83복현시영",개별난방,아니오,예,중부안전팀,1987-08-26,2004.0, 8 월,북구 동북로 241 (복현동 201-3),954-2086,200,4.0,사용,미등록,대구광역시 북구 동북로 241,35.89661101,128.617550839
390,20204,아니오,아니오,복현시영(81),81복현시영,개별난방,아니오,예,중부안전팀,1987-09-26,2004.0, 9 월,북구 동북로 247 (복현동 320-1),952-9672,607,10.0,사용,미등록,대구광역시 북구 동북로 247,35.895152054,128.618877422
391,20205,아니오,아니오,복현동장미아파트,복현장미,개별난방,아니오,예,북부안전팀,1987-12-18,2004.0,12 월,북구 공항로 31 (복현동 198),381-6497,,2.0,사용,등록,대구광역시 북구 공항로 31,35.898810361,128.619196791
392,20206,아니오,아니오,광명아파트,복현광명,개별난방,아니오,예,중부안전팀,1988-04-12,2005.0, 4 월,북구 동북로65길 13 (복현동 368-1),952-8306,725,15.0,사용,등록,대구광역시 북구 동북로65길 13,35.892929341,128.626871417
393,20207,예,아니오,협진아파트,,개별난방,아니오,예,,,,,북구 동북로50길 11 (복현동 430),959-6576,46,1.0,사용,등록,대구광역시 북구 동북로50길 11,35.894238546,128.616778958
394,20208,아니오,아니오,복현럭키아파트,복현럭키로얄6차,개별난방,아니오,예,중부안전팀,1988-10-27,2005.0,10 월,북구 동북로61길 15 (복현동 365-1),943-6445,80,2.0,사용,등록,대구광역시 북구 동북로61길 15,35.893351309,128.624705164
395,20210,아니오,아니오,복현동동진아파트,복현동진,개별난방,아니오,예,중부안전팀,1988-12-26,2005.0,12 월,북구 동북로50길 10 (복현동 423),952-4074,98,3.0,사용,등록,대구광역시 북구 동북로50길 10,35.894991193,128.616691133
396,20211,아니오,아니오,은하아파트,복현은하,개별난방,아니오,예,중부안전팀,1989-01-23,2005.0, 1 월,북구 경진로 79 (복현동 472-2),010-3956-8781,60,2.0,사용,등록,대구광역시 북구 경진로 79,35.891487181,128.61977061
397,20212,아니오,아니오,미광아파트,복현미광,개별난방,아니오,예,중부안전팀,1989-02-13,2005.0, 2 월,북구 경대로27길 17 (복현동 452-23),944-1162,88,2.0,사용,등록,대구광역시 북구 경대로27길 17,35.8928186,128.619031826
398,20213,아니오,아니오,럭키아파트,복현럭키5차,개별난방,아니오,예,중부안전팀,1989-03-30,2005.0, 3 월,북구 경진로남1길 33 (복현동 433-1),959-3160,70,2.0,사용,등록,대구광역시 북구 경진로남1길 33,35.893937349,128.617572465
399,20214,아니오,아니오,복현동소라아파트,복현소라,개별난방,아니오,예,북부안전팀,1989-04-21,2005.0, 4 월,북구 복현로 104-11 (복현동 100-1),381-6744,144,5.0,사용,등록,대구광역시 북구 복현로 104-11,35.900382388,128.620839404
400,20215,아니오,아니오,동서성화아파트,복현성화,개별난방,아니오,예,북부안전팀,1989-07-05,2005.0, 7 월,북구 복현로 114-18 (복현동 60),383-8251,305,7.0,사용,등록,대구광역시 북구 복현로 114-18,35.902198182,128.620486469
401,20217,아니오,아니오,복현시영아파트,`83복현시영,개별난방,아니오,예,중부안전팀,1990-05-24,2006.0, 5 월,북구 복현로 37 (복현동 235-1),941-4385,159,4.0,사용,등록,대구광역시 북구 복현로 37,35.895456652,128.623964723
402,20219,아니오,아니오,복현대구,복현대구근로자,개별난방,아니오,예,북부안전팀,1991-10-17,2006.0,10 월,북구 복현로36길 6 (복현동 37),381-9063,100,2.0,사용,미등록,대구광역시 북구 복현로36길 6,35.904651783,128.619995901
403,20220,아니오,아니오,미혼여성근로자아파트,복현미혼동서,개별난방,아니오,예,북부안전팀,1991-05-14,2006.0, 5 월,북구 복현로20길 35-22 (복현동 60-10),,50,2.0,사용,등록,대구광역시 북구 복현로20길 35-22,35.902790879,128.620890932
404,20221,아니오,아니오,복현현대맨션,복현현대,개별난방,아니오,예,북부안전팀,1992-04-16,2004.0, 4 월,북구 복현로 115 (복현동 76-1),382-1685,315,2.0,사용,등록,대구광역시 북구 복현로 115,35.899886087,128.618198111
405,20222,아니오,아니오,복현주공2단지,복현주공2단지,개별난방,아니오,예,중부안전팀,1993-10-12,2005.0,10 월,북구 공항로 16 (복현동 703),953-0972,247,10.0,사용,미등록,대구광역시 북구 공항로 16,35.897748087,128.617219826
406,20223,아니오,아니오,복현청구타운,복현청구,개별난방,아니오,예,북부안전팀,1996-06-10,2005.0, 6 월,북구 검단로 34 (복현동 539-113),381-2327,426,6.0,사용,등록,대구광역시 북구 검단로 34,35.900426178,128.615932448
407,20224,아니오,아니오,복현대백맨션,복현대백,열병합(Co-gen),아니오,예,북부안전팀,1996-07-02,2005.0, 7 월,북구 복현로 137 (복현동 539-111),381-2255,450,6.0,사용,등록,대구광역시 북구 복현로 137,35.901254198,128.616197739
408,20225,아니오,아니오,복현보성타운,복현보성타운,개별난방,아니오,예,북부안전팀,1996-06-27,2005.0, 6 월,북구 검단로 64 (복현동 539-106),216-8515,419,3.0,사용,등록,대구광역시 북구 검단로 64,35.903165087,128.617641004
409,20226,아니오,아니오,복현서한타운,복현서한타운,개별난방,아니오,예,북부안전팀,1996-07-23,2005.0, 7 월,북구 검단로 50 (복현동 539-110),381-9980,454,6.0,사용,등록,대구광역시 북구 검단로 50,35.902839428,128.61713201
410,20227,아니오,아니오,복현성화하이빌,복현건도빌라(성화하이빌),개별난방,아니오,예,북부안전팀,1997-05-07,2006.0, 5 월,북구 복현로 114-14 (복현동 100-3),,11,2.0,사용,등록,대구광역시 북구 복현로 114-14,35.901103966,128.620283395
411,20228,아니오,아니오,복현우방타운,복현우방,개별난방,아니오,예,중부안전팀,1997-07-04,2006.0, 7 월,북구 공항로 84 (복현동 260),952-3568,294,4.0,사용,등록,대구광역시 북구 공항로 84,35.899203085,128.624335919
412,20229,아니오,아니오,복현2차서한타운,복현서한2차,개별난방,아니오,예,북부안전팀,1998-04-02,2004.0, 4 월,북구 공항로15길 8 (복현동 160-7),381-5773,553,9.0,사용,등록,대구광역시 북구 공항로15길 8,35.900337927,128.62360312
413,20230,아니오,아니오,복현건영아파트,복현건영아파트,개별난방,아니오,예,북부안전팀,1998-09-28,2004.0, 9 월,북구 검단로 28 (복현동 539-114),383-0084,386,4.0,사용,등록,대구광역시 북구 검단로 28,35.899921855,128.616089254
414,20231,아니오,아니오,복현화성타운,검단복현화성타운,개별난방,아니오,예,북부안전팀,1999-11-23,2005.0,11 월,북구 복현로 173 (복현동 539-1),384-8201,370,5.0,사용,등록,대구광역시 북구 복현로 173,35.904494076,128.617644077
415,20232,아니오,아니오,마이하우스,복현주상복합(마이하우스),개별난방,아니오,아니오,중부안전팀,2000-08-22,, 8 월,북구 경진로 22 (복현동 407-1),,20,1.0,사용,등록,대구광역시 북구 경진로 22,35.894816007,128.614867564
416,20233,아니오,아니오,복현센스빌,복현센스빌,개별난방,아니오,아니오,중부안전팀,2001-02-12,2004.0, 2 월,북구 경대로27길 20 (복현동 456-4),,19,1.0,사용,등록,대구광역시 북구 경대로27길 20,35.89298145,128.619311504
417,20234,아니오,아니오,영도PARADISE아파트,복현영도(파라다이스),개별난방,아니오,예,북부안전팀,2000-11-11,2006.0,11 월,북구 검단로 116-10 (복현동 27-2),383-1176,,,사용,등록,대구광역시 북구 검단로 116-10,35.906294276,128.620466944
418,20235,아니오,아니오,파크맨션,복현파크빌,개별난방,아니오,아니오,중부안전팀,2001-03-20,2004.0, 3 월,북구 경대로27길 30 (복현동 456-1),,19,1.0,사용,등록,대구광역시 북구 경대로27길 30,35.893588521,128.618517863
419,20236,아니오,아니오,석우로즈빌,복현석우로즈빌,개별난방,아니오,아니오,중부안전팀,2001-05-07,, 5 월,북구 경진로12길 6-14 (복현동 441-3),,13,1.0,사용,등록,대구광역시 북구 경진로12길 6-14,35.892941813,128.616850634
420,20237,아니오,아니오,영도그린힐,영도그린빌1단지,개별난방,아니오,예,북부안전팀,2001-08-31,2004.0, 8 월,북구 복현로20길 40 (복현동 53-12),382-1888,64,3.0,사용,등록,대구광역시 북구 복현로20길 40,35.903029704,128.6217963
421,20238,아니오,아니오,영도그린힐,영도그린빌2단지,개별난방,아니오,예,북부안전팀,2001-11-27,2004.0,11 월,북구 복현로20길 38 (복현동 53-13),384-1053,40,2.0,사용,등록,대구광역시 북구 복현로20길 38,35.902761437,128.621924251
422,20239,아니오,아니오,범창아파트,복현범창아파트,개별난방,아니오,예,북부안전팀,2002-03-25,2005.0, 3 월,북구 복현로20길 81 (복현동 28-9),,45,1.0,사용,등록,대구광역시 북구 복현로20길 81,35.906593656,128.621259702
423,20240,예,아니오,동양아파트,,개별난방,아니오,예,,,,,북구 경진로남1길 20 (복현동 419-5),,16,1.0,사용,등록,대구광역시 북구 경진로남1길 20,35.894751961,128.615677661
424,20241,예,아니오,대웅아파트,,개별난방,아니오,예,,,,,북구 경진로 31 (복현동 419-41),958-1907,18,1.0,사용,등록,대구광역시 북구 경진로 31,35.894246403,128.616119979
425,20242,예,아니오,선진아파트,,개별난방,아니오,예,,,,,북구 경대로27길 7 (복현동 464-1),956-7550,10,1.0,사용,등록,대구광역시 북구 경대로27길 7,35.892008682,128.620065459
426,20243,예,아니오,복현동아이파크,,개별난방,아니오,예,,,,,북구 경대로27길 40 (복현동 432-7),,12,1.0,사용,등록,대구광역시 북구 경대로27길 40,35.894171898,128.61771191
427,20244,예,아니오,복현미래아파트,,개별난방,아니오,예,,,,,북구 경진로 67 (복현동 450-10),,18,1.0,사용,등록,대구광역시 북구 경진로 67,35.892088027,128.618827919
428,20245,예,아니오,라임아파트2차,,개별난방,아니오,예,,,,,북구 경대로27길 36 (복현동 432-3),,12,1.0,사용,등록,대구광역시 북구 경대로27길 36,35.893898872,128.618119125
429,20246,아니오,아니오,태왕아너스복현,태왕아너스복현,개별난방,아니오,예,북부안전팀,2006-02-08,, 2 월,북구 복현로 105 (복현동 190-1),382-1685,462,7.0,사용,등록,대구광역시 북구 복현로 105,35.899882858,128.619690116
430,20301,아니오,아니오,민들레아파트,검단민들레,개별난방,아니오,예,북부안전팀,1991-12-27,2006.0,12 월,북구 검단로 255 (검단동 1128-3),382-0340,683,3.0,사용,등록,대구광역시 북구 검단로 255,35.916148737,128.628241948
431,20302,아니오,아니오,유성청구아파트,검단청구유성,개별난방,아니오,예,북부안전팀,1992-05-14,2004.0, 5 월,북구 검단로 115 (검단동 887-8),383-5400,"1,493",7.0,사용,등록,대구광역시 북구 검단로 115,35.907024197,128.619640805
432,20303,아니오,아니오,동광빌라,검단동강빌라,개별난방,아니오,예,북부안전팀,1996-11-14,2005.0,11 월,북구 검단로49길 9 (검단동 1128-45),,12,1.0,사용,등록,대구광역시 북구 검단로49길 9,35.915258738,128.629004684
433,20304,예,아니오,검단아파트,,개별난방,아니오,예,,,,,북구 검단로49길 38 (검단동 1089),,16,1.0,사용,등록,대구광역시 북구 검단로49길 38,35.915703276,128.62614894
434,20401,아니오,아니오,대산조합아파트,대현대산,개별난방,아니오,예,중부안전팀,1992-04-17,2004.0, 4 월,북구 대현로21길 20 (대현동 112-70),942-4621,60,1.0,사용,등록,대구광역시 북구 대현로21길 20,35.883696207,128.611186804
435,20402,아니오,아니오,대현동아파트,대현빌라,개별난방,아니오,예,중부안전팀,1992-09-04,2004.0, 9 월,북구 대현로19길 23 (대현동 190-1),943-3351,19,1.0,사용,등록,대구광역시 북구 대현로19길 23,35.884661344,128.609536641
436,20403,아니오,아니오,대현신화맨션,대현신화,개별난방,아니오,예,중부안전팀,1994-05-06,2006.0, 5 월,북구 경대로5길 25 (대현동 112-42),956-7840,173,1.0,사용,등록,대구광역시 북구 경대로5길 25,35.884318565,128.611300627
437,20404,아니오,아니오,대현신화빌라,대현신화빌라,개별난방,아니오,아니오,중부안전팀,1995-02-03,2004.0, 2 월,북구 대현로21길 17 (대현동 112-76),,14,2.0,사용,등록,대구광역시 북구 대현로21길 17,35.883942468,128.610919644
438,20405,예,아니오,서봉신광타운,,개별난방,아니오,예,,,,,북구 대현남로2길 56 (대현동 321-1),957-0024,36,4.0,사용,등록,대구광역시 북구 대현남로2길 56,35.878357753,128.605880158
439,20406,아니오,아니오,성지무궁화아파트,대현성지,개별난방,아니오,예,중부안전팀,1999-11-09,2005.0,11 월,북구 경대로7길 60 (대현동 25-13),943-5931,60,1.0,사용,등록,대구광역시 북구 경대로7길 60,35.886125676,128.607913049
440,20407,아니오,아니오,대현아파트,"대현아파트(3,4동)",개별난방,아니오,예,중부안전팀,2002-12-02,2005.0,12 월,북구 대현로19길 15 (대현동 215-2),957-3864,60,2.0,사용,등록,대구광역시 북구 대현로19길 15,35.883745816,128.60953515
441,20408,아니오,아니오,늘푸른주상복합,신영늘푸른아파트,개별난방,아니오,예,중부안전팀,2003-06-25,2006.0, 6 월,북구 대현로 106 (대현동 270-9),939-7170,60,1.0,사용,등록,대구광역시 북구 대현로 106,35.881992889,128.610520898
442,20409,예,아니오,대현서봉센서빌,,개별난방,아니오,예,,,,,북구 대현동 338-34,,19,1.0,사용,미등록,대구광역시 북구 대현동 338-34,,
443,20410,예,아니오,서경리버빌,,개별난방,아니오,예,,,,,북구 신천동로 732 (대현동 480-16),,11,1.0,사용,등록,대구광역시 북구 신천동로 732,35.884865315,128.602601225
444,20411,예,아니오,환인골든빌라트,,개별난방,아니오,예,,,,,북구 신천동로 732-1 (대현동 480-4),,16,1.0,사용,등록,대구광역시 북구 신천동로 732-1,35.884995484,128.602590341
445,20412,아니오,아니오,대현뜨란채,대현지구주공아파트,개별난방,아니오,예,중부안전팀,2006-02-27,, 2 월,북구 대현남로 28 (대현동 527),959-8482,736,9.0,사용,등록,대구광역시 북구 대현남로 28,35.880476741,128.60503509
446,20501,아니오,아니오,한우맨션,침산한우새로운,개별난방,아니오,예,중부안전팀,1986-08-12,2004.0, 8 월,북구 중앙대로118길 33 (침산동 100-10),423-9533,125,2.0,사용,등록,대구광역시 북구 중앙대로118길 33,,
447,20502,아니오,아니오,삼익삼주아파트,침산삼주(삼익),개별난방,아니오,예,중부안전팀,1986-09-03,2004.0, 9 월,북구 중앙대로118길 46 (침산동 101-3),423-0221,396,2.0,사용,등록,대구광역시 북구 중앙대로118길 46,35.88295336,128.598351622
448,20503,아니오,아니오,삼익주택,침산통일로삼익,개별난방,아니오,예,중부안전팀,1987-04-14,2004.0, 4 월,북구 중앙대로 590 (침산동 7-3),427-4275,96,1.0,사용,등록,대구광역시 북구 중앙대로 590,35.88533256,128.597822294
449,20504,아니오,아니오,선학맨션,침산선학,개별난방,아니오,예,중부안전팀,1991-12-09,2006.0,12 월,북구 성북로 50 (침산동 341-3),354-0069,300,2.0,사용,등록,대구광역시 북구 성북로 50,35.891203024,128.588981371
450,20505,아니오,아니오,침산2지구아파트,침산시영2지구,개별난방,아니오,예,중부안전팀,1991-12-04,2006.0,12 월,북구 성북로 8 (침산동 456-7),352-5916,224,1.0,사용,등록,대구광역시 북구 성북로 8,35.890127111,128.585070737
451,20506,아니오,아니오,침산제일아파트,침산제일아파트,개별난방,아니오,예,중부안전팀,1993-03-19,2005.0, 3 월,북구 옥산로17길 50 (침산동 369-2),354-5264,310,2.0,사용,등록,대구광역시 북구 옥산로17길 50,35.888768153,128.586960232
452,20507,아니오,아니오,달산하이츠빌라,침산달산하이츠빌라,개별난방,아니오,예,중부안전팀,1995-04-20,2004.0, 4 월,북구 옥산로17길 41 (침산동 415-11),357-6900,8,1.0,사용,등록,대구광역시 북구 옥산로17길 41,35.888105416,128.586001997
453,20508,아니오,아니오,침산청구타운,침산청구,개별난방,아니오,예,중부안전팀,1995-05-11,2004.0, 5 월,북구 침산남로19길 9 (침산동 431-2),353-8513,542,4.0,사용,등록,대구광역시 북구 침산남로19길 9,35.890291808,128.586142632
454,20509,아니오,아니오,현대아파트,침산현대,개별난방,아니오,예,중부안전팀,1996-04-08,2005.0, 4 월,북구 침산로 163 (침산동 341-1),357-5891,399,5.0,사용,등록,대구광역시 북구 침산로 163,35.890700538,128.588276537
455,20510,아니오,아니오,옥석타운,침산3지구(옥석타운),개별난방,아니오,예,중부안전팀,1996-08-30,2005.0, 8 월,북구 침산남로31길 11 (침산동 286-1),356-8064,375,2.0,사용,등록,대구광역시 북구 침산남로31길 11,35.888918932,128.592871905
456,20511,아니오,아니오,침산2차청구타운,침산청구2차,개별난방,아니오,예,중부안전팀,1996-12-04,2005.0,12 월,북구 침산남로19길 8 (침산동 363-1),356-6344,311,2.0,사용,등록,대구광역시 북구 침산남로19길 8,35.890012986,128.587854657
457,20512,아니오,아니오,침산남영타운,침산남영타운,개별난방,아니오,예,중부안전팀,1997-01-11,2006.0, 1 월,북구 침산남로9길 167 (침산동 810-32),351-3498,102,1.0,사용,등록,대구광역시 북구 침산남로9길 167,35.899638894,128.58621527
458,20513,아니오,아니오,침산동서타운,침산동서,개별난방,아니오,예,중부안전팀,1997-03-29,2006.0, 3 월,북구 침산남로 116 (침산동 368-1),359-2334,320,2.0,사용,등록,대구광역시 북구 침산남로 116,35.888720862,128.587777287
459,20514,아니오,아니오,침산동화타운,침산동화,개별난방,아니오,예,중부안전팀,1997-08-18,2006.0, 8 월,북구 침산남로7길 50-21 (침산동 1414),356-4364,298,3.0,사용,등록,대구광역시 북구 침산남로7길 50-21,35.893269745,128.579486731
460,20515,아니오,아니오,침산화성타운,침산화성타운1차,개별난방,아니오,예,중부안전팀,1998-09-26,2004.0, 9 월,북구 침산남로37길 5 (침산동 117-3),351-8330,281,5.0,사용,등록,대구광역시 북구 침산남로37길 5,35.887653653,128.595354846
461,20516,아니오,아니오,침산쌍용아파트,침산쌍용아파트,개별난방,아니오,예,중부안전팀,1998-10-19,2004.0,10 월,북구 침산로21길 36 (침산동 400-1),352-6522,419,5.0,사용,등록,대구광역시 북구 침산로21길 36,35.887826373,128.586869814
462,20517,아니오,아니오,침산2차화성아파트,침산2차화성타운,중앙난방(가스),아니오,예,중부안전팀,1999-04-14,2005.0, 4 월,북구 침산남로37길 24 (침산동 123-1),053-353-3380,488,4.0,사용,등록,대구광역시 북구 침산남로37길 24,35.889204394,128.59478102
463,20518,아니오,아니오,대한동아침산1차무지개아파트,침산1차무지개,개별난방,아니오,예,중부안전팀,1999-04-01,2005.0, 4 월,북구 침산로21길 24 (침산동 372-3),053-353-4456,509,5.0,사용,등록,대구광역시 북구 침산로21길 24,35.886987925,128.588307753
464,20519,아니오,아니오,대한동아침산2차무지개아파트,침산2차무지개,개별난방,아니오,예,중부안전팀,1999-07-21,2005.0, 7 월,북구 침산로21길 10 (침산동 233-3),351-9006,802,7.0,사용,등록,대구광역시 북구 침산로21길 10,35.887315483,128.589351855
465,20520,아니오,아니오,건영하이츠,침산동건영하이츠,개별난방,아니오,예,중부안전팀,2002-05-14,2005.0, 5 월,북구 침산로 158 (침산동 296-1),354-9185,259,2.0,사용,등록,대구광역시 북구 침산로 158,35.890441804,128.590800508
466,20521,아니오,아니오,침산한라스카이빌,침산한라스카이빌,개별난방,아니오,예,중부안전팀,2002-11-05,2005.0,11 월,북구 침산로22길 5 (침산동 227-1),354-6171,326,2.0,사용,등록,대구광역시 북구 침산로22길 5,35.885979361,128.591881337
467,20522,예,아니오,서경푸른마을,,개별난방,아니오,예,,,,,북구 침산남로9길 127 (침산동 1131),,16,1.0,사용,등록,대구광역시 북구 침산남로9길 127,35.898126523,128.584695036
468,20523,아니오,아니오,세한아파트,새한아파트,개별난방,아니오,예,중부안전팀,2003-02-28,2006.0, 2 월,북구 침산남로44길 8 (침산동 25-47),,43,3.0,사용,등록,대구광역시 북구 침산남로44길 8,35.886441322,128.599158438
469,20524,아니오,아니오,은성강변타운,은성강변타운,개별난방,아니오,예,중부안전팀,2003-04-08,2006.0, 4 월,북구 침산로54길 16 (침산동 653),356-7399,52,1.0,사용,등록,대구광역시 북구 침산로54길 16,35.899386234,128.590854863
470,20525,예,아니오,그랜드캐슬,,개별난방,아니오,예,,,,,북구 침산남로32길 16-1 (침산동 226-6),,18,1.0,사용,등록,대구광역시 북구 침산남로32길 16-1,35.88658654,128.591983588
471,20526,아니오,아니오,침산메트로,침산새론메트로빌아파트,개별난방,아니오,예,중부안전팀,2003-08-07,2006.0, 8 월,북구 침산남로 90 (침산동 430-2),,96,2.0,사용,등록,대구광역시 북구 침산남로 90,35.889152564,128.585515724
472,20527,아니오,아니오,침산세정드림타운,침산세정드림타운,개별난방,아니오,예,중부안전팀,2003-09-05,2006.0, 9 월,북구 침산로52길 13 (침산동 637-1),357-5875,132,1.0,사용,등록,대구광역시 북구 침산로52길 13,35.898904033,128.590847605
473,20528,아니오,아니오,메트로캐슬,침산동주상복합아파트(메트로캐슬),개별난방,아니오,예,중부안전팀,2004-01-14,, 1 월,북구 침산로32길 2 (침산동 293-12),,70,3.0,사용,등록,대구광역시 북구 침산로32길 2,35.889709805,128.591319513
474,20529,아니오,아니오,대웅플러스타운,대웅플러스타운,개별난방,아니오,예,중부안전팀,2004-04-19,, 4 월,북구 중앙대로118길 14 (침산동 105-5),,40,1.0,사용,등록,대구광역시 북구 중앙대로118길 14,35.884466763,128.597782091
475,20530,아니오,아니오,침산태왕리더스,침산태왕리더스,개별난방,아니오,예,중부안전팀,2005-01-14,, 1 월,북구 침산남로 80 (침산동 443-2),353-0065,200,2.0,사용,등록,대구광역시 북구 침산남로 80,35.889167833,128.583574419
476,20531,아니오,아니오,침산3차푸르지오,침산3차대우푸르지오,개별난방,아니오,예,중부안전팀,2004-10-06,,10 월,북구 침산남로 130 (침산동 252-2),356-7915,241,2.0,사용,등록,대구광역시 북구 침산남로 130,35.888295791,128.589636826
477,20532,아니오,아니오,롯데캐슬오페라,침산동롯데오페라아파트,개별난방,아니오,예,중부안전팀,2004-11-26,,11 월,북구 침산남로 160 (침산동 213-1),359-0339,439,7.0,사용,등록,대구광역시 북구 침산남로 160,35.887743229,128.592705469
478,20533,예,아니오,침산아너스빌,,개별난방,아니오,예,,,,,북구 침산로 268 (침산동 672),,,,사용,미등록,대구광역시 북구 침산로 268,35.900017588,128.589109352
479,20534,아니오,아니오,침산동삼정그린코아,침산동삼정그린코아,개별난방,아니오,예,중부안전팀,2005-09-05,, 9 월,북구 중앙대로 570 (침산동 101-1),427-7050,357,3.0,사용,등록,대구광역시 북구 중앙대로 570,35.883758055,128.598385224
480,20535,아니오,아니오,침산1차푸르지오,"침산1차푸르지오1단지(대우드림월드7,8블럭)",개별난방,아니오,예,중부안전팀,2005-10-31,,10 월,북구 침산로21길 23 (칠성동2가 2-2),359-3890,840,6.0,사용,등록,대구광역시 북구 침산로21길 23,35.88599603,128.587625015
481,20536,아니오,아니오,침산동코오롱하늘채아파트,침산동코오롱하늘채아파트1단지,개별난방,아니오,예,중부안전팀,2005-12-28,,12 월,북구 침산로22길 31 (침산동 105-73),351-5370,372,5.0,사용,등록,대구광역시 북구 침산로22길 31,35.88579766,128.59273746
482,20537,아니오,아니오,침산동코오롱하늘채아파트,침산동코오롱하늘채아파트2단지,개별난방,아니오,예,중부안전팀,2005-12-28,,12 월,북구 중앙대로 591 (침산동 105-1),351-5376,977,12.0,사용,등록,대구광역시 북구 중앙대로 591,35.884849959,128.596299487
483,20538,아니오,아니오,명성푸르지오,명성2차푸르지오,개별난방,아니오,예,중부안전팀,2006-02-06,, 2 월,북구 침산로 153 (침산동 269-10),353-3821,911,6.0,사용,등록,대구광역시 북구 침산로 153,35.890114615,128.590068084
484,20601,아니오,아니오,칠성동제,칠성동제,개별난방,아니오,예,중부안전팀,1986-07-16,2004.0, 7 월,북구 중앙대로 491 (칠성동2가 302-124),357-3753,46,2.0,사용,등록,대구광역시 북구 중앙대로 491,35.939563617,128.549502099
485,20602,아니오,아니오,칠성세정드림빌,세정명가드림빌,개별난방,아니오,예,중부안전팀,2002-01-23,2005.0, 1 월,북구 칠성남로26길 6 (칠성동2가 302-381),358-6298,48,1.0,사용,등록,대구광역시 북구 칠성남로26길 6,35.87744315,128.593911751
486,20603,아니오,아니오,칠성잉꼬,칠성잉꼬,개별난방,아니오,예,중부안전팀,1986-08-11,2004.0, 8 월,북구 칠성남로22길 3 (칠성동2가 302-271),354-0949,50,2.0,사용,미등록,대구광역시 북구 칠성남로22길 3,,
487,20604,아니오,아니오,칠성경북,칠성경북,개별난방,아니오,예,중부안전팀,1986-10-28,2004.0,10 월,북구 칠성남로26길 11 (칠성동2가 736),356-1869,120,4.0,사용,미등록,대구광역시 북구 칠성남로26길 11,35.877204881,128.592852826
488,20605,아니오,아니오,금성아파트,칠성금성,개별난방,아니오,예,중부안전팀,1987-09-21,2004.0, 9 월,북구 칠성시장로 87-21 (칠성동2가 403-15),427-0413,135,4.0,사용,등록,대구광역시 북구 칠성시장로 87-21,35.882018579,128.59973122
489,20606,예,아니오,칠성새한,,개별난방,아니오,예,,,,,북구 중앙대로105길 22 (칠성동2가 355-1),351-8570,,,사용,미등록,대구광역시 북구 중앙대로105길 22,35.881029907,128.593857042
490,20607,아니오,아니오,새동네아파트,칠성새동네,개별난방,아니오,예,중부안전팀,1988-07-20,2005.0, 7 월,북구 공평로 183-1 (칠성동2가 407-22),427-2684,109,3.0,사용,등록,대구광역시 북구 공평로 183-1,35.880506419,128.600301546
491,20608,아니오,아니오,칠성연합빌라,칠성연합빌라,개별난방,아니오,예,중부안전팀,1993-07-08,2005.0, 7 월,북구 칠성시장로 87-60 (칠성동2가 402-5),,16,2.0,사용,등록,대구광역시 북구 칠성시장로 87-60,35.882488738,128.59979831
492,20609,아니오,아니오,칠성동금류아파트,칠성금류상가,개별난방,아니오,예,중부안전팀,1995-09-27,2004.0, 9 월,북구 칠성남로 167 (칠성동2가 538-13),426-0561,35,1.0,사용,등록,대구광역시 북구 칠성남로 167,35.877403866,128.598775577
493,20610,아니오,아니오,삼성아파트,칠성삼성,개별난방,아니오,예,중부안전팀,1995-10-27,2004.0,10 월,북구 호암로 40 (칠성동2가 378-4),357-0559,624,7.0,사용,등록,대구광역시 북구 호암로 40,35.881858473,128.594190967
494,20611,아니오,아니오,성광우방타운,칠성성광우방,개별난방,아니오,예,중부안전팀,1995-11-16,2004.0,11 월,북구 호암로 20 (칠성동2가 127),357-0698,"1,010",9.0,사용,등록,대구광역시 북구 호암로 20,35.882426756,128.593066791
495,20612,아니오,아니오,칠성우방맨션,칠성우방,개별난방,아니오,예,중부안전팀,1998-12-09,2004.0,12 월,북구 중앙대로105길 22 (칠성동2가 355-1),352-2820,129,1.0,사용,등록,대구광역시 북구 중앙대로105길 22,35.881029907,128.593857042
496,20613,아니오,아니오,우방플러스빌,칠성우방플러스빌,개별난방,아니오,예,중부안전팀,2000-06-13,2006.0, 6 월,북구 중앙대로105길 17 (칠성동2가 350-6),053-357-1703,96,1.0,사용,등록,대구광역시 북구 중앙대로105길 17,35.880380691,128.594395182
497,20614,아니오,아니오,월성로얄하이츠,월성로얄하이츠,개별난방,아니오,예,중부안전팀,2002-01-22,2005.0, 1 월,북구 칠성남로26길 16 (칠성동2가 302-136),351-0558,48,1.0,사용,등록,대구광역시 북구 칠성남로26길 16,35.877631424,128.592923623
498,20615,아니오,아니오,칠성현대마이빌,현대마이빌,개별난방,아니오,예,중부안전팀,2003-04-10,2006.0, 4 월,북구 칠성남로37길 22 (칠성동2가 550-1),422-6483,68,1.0,사용,등록,대구광역시 북구 칠성남로37길 22,35.87774403,128.600952143
499,20616,아니오,아니오,오페라명작,칠성오피스텔(오페라명작),개별난방,아니오,예,중부안전팀,2003-10-25,2006.0,10 월,북구 중앙대로105길 25 (칠성동2가 140-2),,60,1.0,사용,등록,대구광역시 북구 중앙대로105길 25,35.880521378,128.593056729
500,20617,아니오,아니오,광명맨션,칠성광명맨션,개별난방,아니오,예,중부안전팀,2003-08-29,2006.0, 8 월,북구 칠성로 73 (칠성동2가 372-1),422-3061,68,1.0,사용,등록,대구광역시 북구 칠성로 73,35.879568143,128.596991452
501,20618,예,아니오,삼원아파트,,개별난방,아니오,예,,,,,북구 칠성남로36길 11-12 (칠성동2가 302-201),,25,1.0,사용,등록,대구광역시 북구 칠성남로36길 11-12,35.875517721,128.599937397
502,20619,아니오,아니오,삼성아파트,삼성아파트,개별난방,아니오,예,중부안전팀,2004-09-30,, 9 월,북구 칠성남로30길 48 (칠성동2가 302-195),425-8758,37,2.0,사용,등록,대구광역시 북구 칠성남로30길 48,35.875926568,128.600034433
503,20620,예,아니오,양지아파트,,개별난방,아니오,예,,,,,북구 칠성남로36길 11-16 (칠성동2가 302-202),,20,1.0,사용,등록,대구광역시 북구 칠성남로36길 11-16,35.875397561,128.600325037
504,20621,예,아니오,삼남아파트,,개별난방,아니오,예,,,,,북구 칠성남로30길 46 (칠성동2가 302-265),,29,1.0,사용,등록,대구광역시 북구 칠성남로30길 46,35.875887541,128.599679045
505,20622,아니오,아니오,칠성대성,칠성동대성아파트,개별난방,아니오,예,중부안전팀,2007-04-04,, 4 월,북구 공평로 135 (칠성동2가 302-95),,40,3.0,사용,등록,대구광역시 북구 공평로 135,35.876136821,128.601118136
506,20623,아니오,아니오,침산1차푸르지오,침산1차푸르지오2단지(대우드림월드10블럭),개별난방,아니오,예,중부안전팀,2005-10-24,,10 월,북구 옥산로 103 (칠성동2가 2-5),359-3890,449,4.0,사용,등록,대구광역시 북구 옥산로 103,35.885021657,128.586730166
507,20701,아니오,아니오,고성광명,고성광명,기타,아니오,예,중부안전팀,1987-09-19,2004.0, 9 월,북구 고성북로 34 (고성동3가 145),353-3435,268,4.0,사용,미등록,대구광역시 북구 고성북로 34,35.883162563,128.584089351
508,20702,아니오,아니오,우일아파트,고성우일,개별난방,아니오,아니오,중부안전팀,1987-11-19,,11 월,북구 고성북로 43-25 (고성동3가 62),353-7005,48,2.0,사용,등록,대구광역시 북구 고성북로 43-25,35.883799036,128.582592094
509,20703,아니오,아니오,신흥아파트,고성신흥,개별난방,아니오,예,중부안전팀,1987-12-09,2004.0,12 월,북구 고성북로 35-20 (고성동3가 71-1),351-8776,,,사용,등록,대구광역시 북구 고성북로 35-20,35.883400246,128.582517253
510,20704,아니오,아니오,태평보성아파트,고성태평보성,개별난방,아니오,예,중부안전팀,1987-12-16,2004.0,12 월,북구 옥산로 70 (고성동3가 46),358-8448,139,4.0,사용,등록,대구광역시 북구 옥산로 70,35.884676967,128.582747389
511,20705,아니오,아니오,고성아파트,고성시영(재개발),개별난방,아니오,예,중부안전팀,1993-07-13,2005.0, 7 월,북구 고성북로 3 (고성동2가 112-3),357-0171,425,3.0,사용,등록,대구광역시 북구 고성북로 3,35.880154149,128.581830715
512,20706,아니오,예,,고성팔공빌라,개별난방,아니오,예,중부안전팀,1995-03-29,2004.0, 3 월,북구 고성북로 47-15 (고성동3가 51-1),,38,5.0,사용,,대구광역시 북구 고성북로 47-15,35.884096414,128.582820115
513,20707,아니오,아니오,고성한백,고성동한백아파트,기타,아니오,예,중부안전팀,2002-11-19,2005.0,11 월,북구 칠성남로14길 7 (고성동1가 50-37),,19,1.0,사용,등록,대구광역시 북구 칠성남로14길 7,35.877411061,128.60021471
514,20708,예,아니오,고성유성패밀리아,,기타,아니오,예,,,,,북구 칠성남로 54 (고성동1가 101-7),,20,1.0,사용,미등록,대구광역시 북구 칠성남로 54,,
515,20709,예,아니오,세정드림빌,,개별난방,아니오,예,,,,,북구 고성로34길 53 (고성동2가 36),,12,1.0,사용,등록,대구광역시 북구 고성로34길 53,35.87999814,128.58628282
516,20710,아니오,아니오,고성보우,고성보우아파트,기타,아니오,예,중부안전팀,2004-11-04,,11 월,북구 고성북로 28-25 (고성동3가 5-14),353-4449,47,1.0,사용,미등록,대구광역시 북구 고성북로 28-25,,
517,20801,아니오,아니오,광영맨션,노원광영,개별난방,아니오,예,중부안전팀,1989-10-23,2005.0,10 월,북구 노원로10길 71 (노원동2가 203),355-6784,49,3.0,사용,등록,대구광역시 북구 노원로10길 71,35.891636406,128.571364928
518,20802,아니오,아니오,동남상가아파트,노원동남,개별난방,아니오,예,중부안전팀,1989-12-29,2005.0,12 월,북구 팔달로37길 32 (노원동2가 319),351-0840,48,1.0,사용,등록,대구광역시 북구 팔달로37길 32,,
519,20803,아니오,아니오,팔달아파트,노원팔달상가,개별난방,아니오,예,중부안전팀,1991-01-28,2006.0, 1 월,북구 팔달로37길 18 (노원동2가 357),353-9406,35,2.0,사용,등록,대구광역시 북구 팔달로37길 18,,
520,20804,아니오,아니오,동아아파트,노원동아,개별난방,아니오,예,중부안전팀,1993-05-25,2005.0, 5 월,북구 팔달로37길 14-6 (노원동2가 371-1),,24,1.0,사용,등록,대구광역시 북구 팔달로37길 14-6,35.888885268,128.571491612
521,20805,아니오,아니오,노원동대신빌라,대신빌라트,개별난방,아니오,예,중부안전팀,1995-12-21,2004.0,12 월,북구 팔달로41길 52 (노원동2가 225),,18,1.0,사용,등록,대구광역시 북구 팔달로41길 52,35.890407896,128.573889609
522,20806,아니오,아니오,노원동화타운,노원동화,개별난방,아니오,예,중부안전팀,1998-06-25,2004.0, 6 월,북구 오봉로 39 (노원동2가 44),354-0046,156,1.0,사용,등록,대구광역시 북구 오봉로 39,35.891660599,128.576533653
523,20807,예,아니오,노원빌라,,개별난방,아니오,예,,,,,북구 오봉로7길 110 (노원동2가 182-1),,4,1.0,사용,등록,대구광역시 북구 오봉로7길 110,35.892346162,128.570955052
524,20808,아니오,아니오,노원보성타운,노원보성타운,개별난방,아니오,예,중부안전팀,1999-10-13,2005.0,10 월,북구 오봉로3길 47 (노원동2가 246),354-6381,224,2.0,사용,등록,대구광역시 북구 오봉로3길 47,35.889634044,128.573686595
525,20809,아니오,아니오,삼진맨션,노원삼진,개별난방,아니오,예,중부안전팀,2000-01-21,2006.0, 1 월,북구 팔달로41길 49 (노원동2가 295-1),353-3332,45,1.0,사용,등록,대구광역시 북구 팔달로41길 49,,
526,20810,아니오,아니오,노원휴먼프라자,경인휴먼프라자,개별난방,아니오,예,중부안전팀,2002-04-19,2005.0, 4 월,북구 팔달로35길 69 (노원동3가 1022),354-5301,79,1.0,사용,등록,대구광역시 북구 팔달로35길 69,35.892055,128.569939116
527,20811,아니오,아니오,성경로얄센트로아파트,노원동로얄센트로,개별난방,아니오,예,중부안전팀,2001-12-11,2004.0,12 월,북구 노원로10길 99 (노원동2가 189-4),351-3331,20,1.0,사용,등록,대구광역시 북구 노원로10길 99,35.891323548,128.572786439
528,20812,아니오,아니오,삼일그린파크,노원삼인그린파크,개별난방,아니오,예,중부안전팀,2002-04-01,2005.0, 4 월,북구 오봉로 36-14 (노원동1가 171),,31,1.0,사용,등록,대구광역시 북구 오봉로 36-14,35.890517998,128.578005239
529,20813,아니오,아니오,노원센트리움아파트,노원센트리움APT,개별난방,아니오,예,중부안전팀,2003-01-14,2006.0, 1 월,북구 팔달로45길 36 (노원동2가 231),358-1921,36,1.0,사용,등록,대구광역시 북구 팔달로45길 36,35.889372015,128.575814018
530,20814,예,아니오,윤송제네스빌,,개별난방,아니오,예,,,,,북구 노원로10길 141 (노원동2가 85-4),,21,1.0,사용,등록,대구광역시 북구 노원로10길 141,35.8908458,128.575160263
531,20815,예,아니오,아이리스,,개별난방,아니오,예,,,,,북구 팔달로45길 30 (노원동2가 231-2),,18,1.0,사용,등록,대구광역시 북구 팔달로45길 30,35.889080118,128.57572808
532,20816,아니오,아니오,삼일펠리체,노원삼일아파트,개별난방,아니오,예,중부안전팀,2003-11-19,2006.0,11 월,북구 원대로 125 (노원동1가 11),341-5577,54,1.0,사용,등록,대구광역시 북구 원대로 125,35.888725584,128.582703821
533,20817,아니오,아니오,삼영사랑마을아파트,노원동삼영사랑마을,개별난방,아니오,예,중부안전팀,2003-09-23,2006.0, 9 월,북구 오봉로6길 15 (노원동1가 145),358-4624,79,1.0,사용,등록,대구광역시 북구 오봉로6길 15,35.890294891,128.578704112
534,20818,아니오,아니오,노원드림뷰,노원다인아파트,개별난방,아니오,예,중부안전팀,2003-11-10,2006.0,11 월,북구 오봉로 15 (노원동2가 227),358-2670,52,1.0,사용,등록,대구광역시 북구 오봉로 15,35.889276617,128.576162834
535,20819,예,아니오,이지예노원아파트,,개별난방,아니오,예,,,,,북구 원대로19길 7 (노원동1가 370),,19,1.0,사용,등록,대구광역시 북구 원대로19길 7,35.885941555,128.581091925
536,21201,아니오,아니오,대구동서변그린빌,동변주공그린빌,개별난방,아니오,예,북부안전팀,2002-06-04,2005.0, 6 월,북구 동변로 55 (동변동 679),956-8855,"1,282",14.0,사용,등록,대구광역시 북구 동변로 55,35.916977093,128.602619617
537,21203,아니오,아니오,유니버시아드선수촌,U대회선수촌1단지,개별난방,아니오,예,북부안전팀,2003-04-22,2006.0, 4 월,북구 동변로 50 (동변동 697),945-0698,775,10.0,사용,등록,대구광역시 북구 동변로 50,35.918270634,128.604262651
538,21204,아니오,아니오,유니버시아드선수촌,U대회선수촌2단지,개별난방,아니오,예,북부안전팀,2003-04-29,2006.0, 4 월,북구 동변로 24 (동변동 682),945-0682,"1,160",14.0,사용,등록,대구광역시 북구 동변로 24,35.916289358,128.601683011
539,21205,아니오,아니오,서변청아람,서변그린타운,개별난방,아니오,예,북부안전팀,2003-07-15,2006.0, 7 월,북구 호국로57길 20 (서변동 1724),,524,7.0,사용,등록,대구광역시 북구 호국로57길 20,35.927922858,128.597060551
540,21206,아니오,아니오,동서리치모아,동서리치모아,개별난방,아니오,예,북부안전팀,2003-12-04,2006.0,12 월,북구 서변로 88 (서변동 1772),956-1772,430,7.0,사용,등록,대구광역시 북구 서변로 88,35.923517911,128.597300667
541,21207,아니오,아니오,영남네오빌블루,동서변영남네오빌블루,개별난방,아니오,예,북부안전팀,2003-11-21,2006.0,11 월,북구 서변로 120 (서변동 1766),955-1766,469,8.0,사용,등록,대구광역시 북구 서변로 120,35.925923821,128.59737468
542,21208,예,아니오,서변아파트,,개별난방,아니오,예,,,,,북구 호국로51길 39-14 (서변동 901-1),,18,1.0,사용,등록,대구광역시 북구 호국로51길 39-14,35.923980313,128.594571686
543,21209,아니오,아니오,동서변리벤빌,동서변리벤빌아파트,개별난방,아니오,예,북부안전팀,2005-04-04,, 4 월,북구 서변로 106 (서변동 1769),952-3011,432,6.0,사용,등록,대구광역시 북구 서변로 106,35.924658285,128.597361156
544,21210,아니오,아니오,동서변월드메르디앙아파트,동서변월드메르디앙,개별난방,아니오,예,북부안전팀,2005-11-09,,11 월,북구 서변로 26 (서변동 1795),956-5998,902,10.0,사용,등록,대구광역시 북구 서변로 26,35.918311864,128.597231014
545,21290,아니오,아니오,화성리버파크1단지,화성리버파크1단지(화성리버파크5블럭),개별난방,아니오,예,북부안전팀,2003-05-13,2006.0, 5 월,북구 서변로 72 (서변동 1775),958-1775,433,6.0,사용,등록,대구광역시 북구 서변로 72,35.921656763,128.59702071
546,21291,아니오,아니오,화성리버파크2단지,화성리버파크2단지(화성리버파크6블럭),개별난방,아니오,예,북부안전팀,2003-05-13,2006.0, 5 월,북구 서변로 50 (서변동 1793),955-1793,515,6.0,사용,등록,대구광역시 북구 서변로 50,35.920222741,128.597073688
547,22001,아니오,아니오,송암타운,읍내송암,개별난방,아니오,예,북부안전팀,1992-06-19,2004.0, 6 월,북구 관음동로 110 (읍내동 1308),312-1923,54,3.0,사용,등록,대구광역시 북구 관음동로 110,35.942548305,128.548100509
548,22002,아니오,아니오,청암타운,읍내청암,개별난방,아니오,예,북부안전팀,1992-07-08,2004.0, 7 월,북구 관음동로 128 (읍내동 1303),311-3046,172,6.0,사용,등록,대구광역시 북구 관음동로 128,35.944133998,128.547647619
549,22003,아니오,아니오,제일연립주택,읍내제일빌리지,개별난방,아니오,예,북부안전팀,1992-08-31,2004.0, 8 월,북구 칠곡중앙대로 454 (읍내동 1338),323-4164,96,6.0,사용,등록,대구광역시 북구 칠곡중앙대로 454,35.938139807,128.54978551
550,22004,아니오,아니오,칠곡보성아파트,칠곡보성아파트,개별난방,아니오,예,북부안전팀,1992-10-15,2004.0,10 월,북구 구암로21길 26 (읍내동 1366-2),323-5675,350,4.0,사용,등록,대구광역시 북구 구암로21길 26,35.934944387,128.552771035
551,22005,예,아니오,읍내성창,,개별난방,아니오,예,,,,,북구 읍내동 603,,,,사용,미등록,대구광역시 북구 읍내동 603,35.94940615,128.552008985
552,22006,아니오,아니오,목련아파트,읍내목련,개별난방,아니오,예,북부안전팀,1992-08-24,2004.0, 8 월,북구 구암로15길 38 (읍내동 1171),321-7586,530,10.0,사용,등록,대구광역시 북구 구암로15길 38,35.938144763,128.550613338
553,22007,아니오,아니오,칠곡코스모스한양아파트,읍내한양4차(코스모스),개별난방,아니오,예,북부안전팀,1993-12-27,2005.0,12 월,북구 구암로21길 6 (읍내동 1366-3),321-1727,792,7.0,사용,등록,대구광역시 북구 구암로21길 6,35.932747282,128.552833043
554,22008,아니오,아니오,칠곡산호한양아파트,읍내한양3차(산호),개별난방,아니오,예,북부안전팀,1993-12-27,2005.0,12 월,북구 대천로7길 40 (읍내동 1351),322-0294,768,7.0,사용,등록,대구광역시 북구 대천로7길 40,35.940850402,128.555852904
555,22009,아니오,아니오,현대아파트,읍내현대2차아파트,개별난방,아니오,예,북부안전팀,1993-07-13,2005.0, 7 월,북구 대천로7길 26 (읍내동 1351-1),322-8195,256,3.0,사용,등록,대구광역시 북구 대천로7길 26,35.940168334,128.55375212
556,22010,아니오,아니오,칠곡1차(공작한양아파트,읍내공작(한양1차),개별난방,아니오,예,북부안전팀,1993-01-13,2005.0, 1 월,북구 구암로21길 38 (읍내동 1366-1),321-2988,386,6.0,사용,등록,대구광역시 북구 구암로21길 38,35.935667599,128.553186089
557,22011,아니오,아니오,칠곡럭키아파트,읍내럭키,개별난방,아니오,예,북부안전팀,1993-11-24,2005.0,11 월,북구 팔거천서로 181 (읍내동 1351-2),321-0035,320,4.0,사용,등록,대구광역시 북구 팔거천서로 181,35.939990702,128.554800619
558,22012,아니오,아니오,칠곡한서타운,읍내한서,개별난방,아니오,예,북부안전팀,1995-01-25,2004.0, 1 월,북구 동암로7길 39 (읍내동 1234-7),322-3311,593,5.0,사용,등록,대구광역시 북구 동암로7길 39,35.949687437,128.556422476
559,22013,아니오,아니오,칠곡에덴아파트,읍내에덴,개별난방,아니오,예,북부안전팀,1995-08-21,2004.0, 8 월,북구 칠곡중앙대로105길 8 (읍내동 780-5),323-1437,80,2.0,사용,등록,대구광역시 북구 칠곡중앙대로105길 8,35.94303017,128.54975802
560,22014,아니오,아니오,은호아파트,칠곡은호,개별난방,아니오,예,북부안전팀,1996-11-12,2005.0,11 월,북구 칠곡중앙대로118길 23 (읍내동 455),321-5388,98,3.0,사용,등록,대구광역시 북구 칠곡중앙대로118길 23,35.947528426,128.554687397
561,22015,아니오,아니오,칠곡3차보성타운,칠곡읍내보성(3차),개별난방,아니오,예,북부안전팀,1997-06-13,2006.0, 6 월,북구 칠곡중앙대로126길 7-12 (읍내동 430),324-7999,456,4.0,사용,등록,대구광역시 북구 칠곡중앙대로126길 7-12,35.950739974,128.554774563
562,22016,아니오,아니오,목화빌라,읍내목화빌라,개별난방,아니오,예,북부안전팀,1998-01-05,2004.0, 1 월,북구 구암로 83-19 (읍내동 1126-4),,16,2.0,사용,등록,대구광역시 북구 구암로 83-19,35.93316514,128.549792472
563,22017,아니오,아니오,칠곡우방타운,읍내우방,개별난방,아니오,예,북부안전팀,1998-05-14,2004.0, 5 월,북구 칠곡중앙대로115길 24 (읍내동 533),261-1143,338,2.0,사용,등록,대구광역시 북구 칠곡중앙대로115길 24,35.947680369,128.549207262
564,22018,아니오,아니오,대천주택,읍내대천빌라,개별난방,아니오,예,북부안전팀,1998-06-09,2004.0, 6 월,북구 구암로17길 11 (읍내동 1118-1),,16,2.0,사용,등록,대구광역시 북구 구암로17길 11,35.933483755,128.550269562
565,22019,아니오,아니오,형우개나리빌라,읍내형우개나리빌라,개별난방,아니오,예,북부안전팀,1998-12-11,2004.0,12 월,북구 칠곡중앙대로 605-16 (읍내동 588),,12,2.0,사용,등록,대구광역시 북구 칠곡중앙대로 605-16,35.949868533,128.550854751
566,22020,아니오,아니오,삼일빌라,읍내삼일빌라,개별난방,아니오,예,북부안전팀,1999-06-16,2005.0, 6 월,북구 칠곡중앙대로129길 7-1 (읍내동 312-2),,8,1.0,사용,등록,대구광역시 북구 칠곡중앙대로129길 7-1,35.953247778,128.55327767
567,22021,아니오,아니오,동림아파트,동림아파트,개별난방,아니오,예,북부안전팀,2003-11-11,2006.0,11 월,북구 칠곡중앙대로 512-1 (읍내동 943-4),,,,사용,등록,대구광역시 북구 칠곡중앙대로 512-1,35.941250917,128.551002416
568,22022,아니오,아니오,삼진목화아파트,삼진목화아파트,개별난방,아니오,예,북부안전팀,2005-01-28,, 1 월,북구 대천로9길 15 (읍내동 1060),323-0576,198,1.0,사용,등록,대구광역시 북구 대천로9길 15,35.939014109,128.555007706
569,22101,아니오,아니오,두산아파트,학정두산(50사단),개별난방,아니오,예,북부안전팀,1994-12-19,2006.0,12 월,북구 구리로 183-28 (학정동 산 30-1),320-6841,280,6.0,사용,미등록,대구광역시 북구 구리로 183-28,35.948977044,128.571278477
570,22201,아니오,아니오,칠곡현대아파트,칠곡3지구현대(104-106동),개별난방,아니오,예,북부안전팀,1999-10-25,,10 월,북구 구리로 254 (국우동 1110-3),324-0173,707,6.0,사용,등록,대구광역시 북구 구리로 254,35.94777995,128.577384182
571,22202,아니오,아니오,국우그린빌1단지,칠곡주공그린빌(1단지),개별난방,아니오,예,북부안전팀,1999-09-16,2005.0, 9 월,북구 구리로 250 (국우동 1110),323-0206,876,9.0,사용,등록,대구광역시 북구 구리로 250,35.949140175,128.578156587
572,22203,아니오,아니오,칠곡부영1단지,국우부영1단지,개별난방,아니오,예,북부안전팀,2002-03-27,2005.0, 3 월,북구 학정동로 7 (국우동 1079),053-323-4235,900,6.0,사용,등록,대구광역시 북구 학정동로 7,35.944141431,128.566377046
573,22204,아니오,아니오,"칠곡그린빌5,6단지",칠곡주공그린빌6단지,개별난방,아니오,예,북부안전팀,2002-10-02,2005.0,10 월,북구 학정동로 10 (국우동 1080),326-3348,852,10.0,사용,등록,대구광역시 북구 학정동로 10,35.9447821,128.567973271
574,22205,아니오,아니오,"칠곡그린빌5,6단지",칠곡주공그린빌5단지(501-507동),개별난방,아니오,예,북부안전팀,2002-09-18,2005.0, 9 월,북구 학남로 100 (국우동 1080),323-0495,714,7.0,사용,등록,대구광역시 북구 학남로 100,35.944752232,128.569106288
575,22401,아니오,아니오,칠곡서한맨션,관음서한,개별난방,아니오,예,북부안전팀,1992-06-02,2004.0, 6 월,북구 관음중앙로 6 (관음동 1374),324-2372,300,2.0,사용,등록,대구광역시 북구 관음중앙로 6,35.934153693,128.545158365
576,22402,아니오,아니오,한라타운,관음한라,개별난방,아니오,예,북부안전팀,1992-08-27,2004.0, 8 월,북구 칠곡중앙대로91길 58 (관음동 1321),324-2125,304,10.0,사용,등록,대구광역시 북구 칠곡중앙대로91길 58,35.936807811,128.542525078
577,22403,아니오,아니오,한신아파트,관음한신,개별난방,아니오,예,북부안전팀,1992-11-02,2004.0,11 월,북구 관음로 50 (관음동 1370-1),323-5871,336,5.0,사용,등록,대구광역시 북구 관음로 50,35.935176433,128.542147166
578,22404,아니오,아니오,칠곡2차수정한양아파트,관음수정(한양2차),개별난방,아니오,예,북부안전팀,1993-09-27,2005.0, 9 월,북구 구암로 17 (관음동 1370),322-0847,"1,354",16.0,사용,등록,대구광역시 북구 구암로 17,35.934372705,128.54388904
579,22405,아니오,아니오,칠곡서한그린빌라,읍내서한그린빌라,개별난방,아니오,예,북부안전팀,1995-04-25,2004.0, 4 월,북구 칠곡중앙대로91길 5 (관음동 1400),322-7072,36,2.0,사용,등록,대구광역시 북구 칠곡중앙대로91길 5,35.936128997,128.547674583
580,22406,아니오,아니오,칠곡동화타운,관음칠곡동화타운,개별난방,아니오,예,북부안전팀,2000-07-10,2006.0, 7 월,북구 칠곡중앙대로95길 12 (관음동 1383-1),322-8966,768,8.0,사용,등록,대구광역시 북구 칠곡중앙대로95길 12,35.939036298,128.547796796
581,22407,아니오,아니오,성창아파트,성창아파트,개별난방,아니오,예,북부안전팀,2002-02-05,2005.0, 2 월,북구 관음중앙로 37 (관음동 603),321-9260,180,5.0,사용,등록,대구광역시 북구 관음중앙로 37,35.93694121,128.543435855
582,22408,아니오,아니오,동화훼밀리타운,동화훼밀리타운,개별난방,아니오,예,북부안전팀,2003-09-25,2006.0, 9 월,북구 칠곡중앙대로95길 11 (관음동 1386),326-6334,451,8.0,사용,등록,대구광역시 북구 칠곡중앙대로95길 11,35.938405856,128.548440521
583,22503,아니오,아니오,칠곡화성타운,칠곡화성타운,개별난방,아니오,예,북부안전팀,1995-10-17,2004.0,10 월,북구 동천로 6 (동천동 880-3),323-7804,481,4.0,사용,등록,대구광역시 북구 동천로 6,35.932346984,128.558491242
584,22504,아니오,아니오,칠곡2차영남타운,칠곡2차영남,개별난방,아니오,예,북부안전팀,1996-07-17,2005.0, 7 월,북구 팔거천동로24길 40 (동천동 880-1),324-6184,974,6.0,사용,등록,대구광역시 북구 팔거천동로24길 40,35.932559437,128.560743881
585,22505,아니오,아니오,칠곡3차화성타운,동천칠곡화성3차,열병합(Co-gen),아니오,예,북부안전팀,1999-08-05,2005.0, 8 월,북구 대천로 101 (동천동 915),325-5693,"1,116",8.0,사용,등록,대구광역시 북구 대천로 101,35.937022903,128.560222503
586,22506,아니오,아니오,칠곡우방하이츠,칠곡우방하이츠,개별난방,아니오,예,북부안전팀,1999-10-13,2005.0,10 월,북구 구리로 26 (동천동 889),322-6442,404,3.0,사용,등록,대구광역시 북구 구리로 26,35.945423731,128.557735094
587,22507,아니오,아니오,그린빌3차,칠곡그린빌3단지,개별난방,아니오,예,북부안전팀,2000-08-08,2006.0, 8 월,북구 구암서로 41 (구암동 786),325-0160,"1,389",15.0,사용,등록,대구광역시 북구 구암서로 41,35.940892193,128.56452247
588,22509,아니오,아니오,그린빌2차,구암그린빌2단지,개별난방,아니오,예,북부안전팀,2001-03-26,2004.0, 3 월,북구 구암서로 70 (구암동 772),321-8361,656,8.0,사용,등록,대구광역시 북구 구암서로 70,35.941416599,128.567194606
589,22510,아니오,아니오,칠곡건영아파트,구암칠곡건영,개별난방,아니오,예,북부안전팀,2001-05-09,2004.0, 5 월,북구 구암로32길 15 (구암동 695-2),325-8352,250,3.0,사용,등록,대구광역시 북구 구암로32길 15,35.929513443,128.558553938
590,22511,아니오,아니오,그린빌4,구암그린빌4단지,개별난방,아니오,예,북부안전팀,2001-11-28,2004.0,11 월,북구 구암서로 22 (구암동 788),326-5454,900,12.0,사용,등록,대구광역시 북구 구암서로 22,35.936443585,128.565589281
591,22512,아니오,아니오,동화골든빌,칠곡동화골든빌,개별난방,아니오,예,북부안전팀,2002-07-23,2005.0, 7 월,북구 동천로 156 (동천동 891),326-3341,"1,123",12.0,사용,등록,대구광역시 북구 동천로 156,35.945152743,128.561838176
592,22513,아니오,아니오,부영그린타운,동천부영E그린,개별난방,아니오,예,북부안전팀,2003-07-01,2006.0, 7 월,북구 동천로24길 12 (동천동 914),325-4636,"1,194",9.0,사용,등록,대구광역시 북구 동천로24길 12,35.941534515,128.561290543
593,22514,아니오,아니오,화성센트럴파크,칠곡화성센트럴파크,개별난방,아니오,예,북부안전팀,2003-12-09,2006.0,12 월,북구 대천로 100 (동천동 950),311-0950,"1,440",12.0,사용,등록,대구광역시 북구 대천로 100,35.934801955,128.56009945
594,22515,아니오,아니오,영남네오빌아트,칠곡영남네오빌아트,개별난방,아니오,예,북부안전팀,2004-09-03,, 9 월,북구 동천로 97 (동천동 913),,813,7.0,사용,등록,대구광역시 북구 동천로 97,35.941652185,128.559851183
595,22516,아니오,아니오,칠곡네스빌,칠곡네스빌아파트,개별난방,아니오,예,북부안전팀,2004-10-27,,10 월,북구 동천로 155 (동천동 890),326-9193,512,4.0,사용,등록,대구광역시 북구 동천로 155,35.945773407,128.56064767
596,22590,아니오,아니오,칠곡2차보성서한타운,동천보성서한2차,개별난방,아니오,예,북부안전팀,1995-10-06,2004.0,10 월,북구 팔거천동로 104 (동천동 872),324-6180,"1,244",6.0,사용,등록,대구광역시 북구 팔거천동로 104,35.932757887,128.556106532
597,22601,아니오,아니오,현대전원맨션,태전전원,개별난방,아니오,예,북부안전팀,1990-09-26,2006.0, 9 월,북구 칠곡중앙대로46길 25 (태전동 532-1),311-7118,288,2.0,사용,등록,대구광역시 북구 칠곡중앙대로46길 25,35.918647706,128.5498054
598,22602,아니오,아니오,현대연립주택,태전현대빌라,개별난방,아니오,예,북부안전팀,1991-11-23,2006.0,11 월,북구 칠곡중앙대로46길 23 (태전동 541-5),,,,사용,등록,대구광역시 북구 칠곡중앙대로46길 23,35.91844818,128.549539887
599,22603,아니오,아니오,협화맨션,태전협화,개별난방,아니오,예,북부안전팀,1992-03-13,2004.0, 3 월,북구 칠곡중앙대로51길 6 (태전동 881-3),312-1806,416,5.0,사용,등록,대구광역시 북구 칠곡중앙대로51길 6,35.919088937,128.546324031
600,22604,아니오,아니오,제림은마아파트,태전은마,개별난방,아니오,예,북부안전팀,1989-11-20,2005.0,11 월,북구 태전로 51 (태전동 254-3),311-2597,150,2.0,사용,등록,대구광역시 북구 태전로 51,35.924658557,128.543658335
601,22605,아니오,아니오,1차두성타운아파트,태전두성,개별난방,아니오,예,북부안전팀,1992-06-26,2004.0, 6 월,북구 태전로7길 10-17 (태전동 256-1),312-0843,285,2.0,사용,등록,대구광역시 북구 태전로7길 10-17,35.92330913,128.543411258
602,22606,아니오,아니오,태전우방타운,태전우방,개별난방,아니오,예,북부안전팀,1992-09-28,2004.0, 9 월,북구 매천로 220 (태전동 169-2),311-9772,499,5.0,사용,등록,대구광역시 북구 매천로 220,35.915679067,128.543003653
603,22607,아니오,아니오,태전동신원아파트,태전신원빌라,개별난방,아니오,예,북부안전팀,1992-11-02,2004.0,11 월,북구 칠곡중앙대로53길 35-1 (태전동 682-6),,19,1.0,사용,등록,대구광역시 북구 칠곡중앙대로53길 35-1,35.917980868,128.543028014
604,22608,아니오,아니오,두성2차파크아파트,태전두성파크(2차),개별난방,아니오,예,북부안전팀,1993-02-18,2005.0, 2 월,북구 학정로13길 16 (태전동 489),312-3566,180,1.0,사용,등록,대구광역시 북구 학정로13길 16,35.914942235,128.54993308
605,22609,아니오,아니오,태전2차우방타운,태전우방2차,개별난방,아니오,예,북부안전팀,1993-09-10,2005.0, 9 월,북구 칠곡중앙대로53길 29 (태전동 678),312-0199,96,2.0,사용,등록,대구광역시 북구 칠곡중앙대로53길 29,35.918338636,128.544235868
606,22610,아니오,아니오,태원빌라,태전태원빌라,개별난방,아니오,아니오,북부안전팀,1993-07-21,, 7 월,북구 칠곡중앙대로53길 43 (태전동 682-2),311-1500,16,1.0,사용,등록,대구광역시 북구 칠곡중앙대로53길 43,35.917762974,128.5425855
607,22611,아니오,아니오,삼성아파트,태전삼성,개별난방,아니오,예,북부안전팀,1994-03-28,2006.0, 3 월,북구 칠곡중앙대로52길 20 (태전동 608-5),313-1553,735,7.0,사용,등록,대구광역시 북구 칠곡중앙대로52길 20,35.920746376,128.548548912
608,22612,아니오,아니오,태전미진타운,태전미진,개별난방,아니오,예,북부안전팀,1993-05-18,2005.0, 5 월,북구 칠곡중앙대로52길 46 (태전동 1075-10),312-5047,297,3.0,사용,등록,대구광역시 북구 칠곡중앙대로52길 46,35.922546029,128.549385775
609,22613,아니오,아니오,현대아파트,태전현대1차,중앙난방(가스),아니오,예,북부안전팀,1993-04-14,2005.0, 4 월,북구 구암로16길 7 (태전동 997),312-4801,441,4.0,사용,등록,대구광역시 북구 구암로16길 7,35.93104618,128.549280592
610,22614,아니오,아니오,칠곡에덴타운,태전에덴,개별난방,아니오,예,북부안전팀,1993-01-06,2005.0, 1 월,북구 구암로22길 14 (태전동 997-1),321-9410,480,4.0,사용,등록,대구광역시 북구 구암로22길 14,35.931444754,128.551748908
611,22615,아니오,아니오,롯데아파트,태전롯데,개별난방,아니오,예,북부안전팀,1993-05-04,2005.0, 5 월,북구 구암로 12 (태전동 936),322-3929,390,4.0,사용,등록,대구광역시 북구 구암로 12,35.933168876,128.542457776
612,22616,아니오,아니오,칠곡대백맨션,태전대백,개별난방,아니오,예,북부안전팀,1993-07-14,2005.0, 7 월,북구 관음로 24 (태전동 1066),312-6206,430,3.0,사용,등록,대구광역시 북구 관음로 24,35.932432347,128.540746709
613,22617,아니오,아니오,한신중앙아파트,태전한신중앙(한신2차),개별난방,아니오,예,북부안전팀,1993-10-26,2005.0,10 월,북구 영송로 85 (태전동 936-1),321-7458,892,6.0,사용,등록,대구광역시 북구 영송로 85,35.93345943,128.543290249
614,22618,아니오,아니오,태전3차두성아파트,태전두성3차,개별난방,아니오,예,북부안전팀,1993-11-26,2005.0,11 월,북구 태전로13길 22 (태전동 215-2),312-7618,137,1.0,사용,등록,대구광역시 북구 태전로13길 22,35.923868988,128.541763058
615,22619,아니오,아니오,태원2차빌라,태전태원빌라2차,개별난방,아니오,아니오,북부안전팀,1994-07-08,2006.0, 7 월,북구 태전로13길 10 (태전동 254-24),,15,1.0,사용,등록,대구광역시 북구 태전로13길 10,35.925317898,128.542503922
616,22620,아니오,아니오,태원빌라,태전태원빌라3차,개별난방,아니오,예,북부안전팀,1994-08-23,2006.0, 8 월,북구 태전로13길 5 (태전동 254-7),053-311-1500,16,1.0,사용,등록,대구광역시 북구 태전로13길 5,35.925064693,128.542913038
617,22621,아니오,아니오,태전중석타운,태전중석,개별난방,아니오,예,북부안전팀,1994-12-19,2006.0,12 월,북구 학정로7길 3 (태전동 695),312-9742,448,4.0,사용,등록,대구광역시 북구 학정로7길 3,35.914202841,128.545071755
618,22622,아니오,아니오,태전동문화주택,태전하이츠빌라,개별난방,아니오,아니오,북부안전팀,1995-02-21,, 2 월,북구 칠곡중앙대로51길 38-19 (태전동 881-72),,16,2.0,사용,등록,대구광역시 북구 칠곡중앙대로51길 38-19,35.917533053,128.544330829
619,22623,아니오,아니오,남도빌라,태전남도빌라,개별난방,아니오,아니오,북부안전팀,1995-02-15,, 2 월,북구 태전로13길 20-1 (태전동 215),,16,2.0,사용,등록,대구광역시 북구 태전로13길 20-1,35.924367805,128.541406547
620,22624,아니오,아니오,태전평안맨션,태전평안타운,개별난방,아니오,예,북부안전팀,1995-04-17,2004.0, 4 월,북구 태전로1길 21 (태전동 205-1),312-0091,98,1.0,사용,등록,대구광역시 북구 태전로1길 21,35.919939564,128.544077659
621,22625,아니오,아니오,태전대백맨션,태전대백2차,개별난방,아니오,예,북부안전팀,1995-06-20,2004.0, 6 월,북구 관음로 18 (태전동 1066-23),324-4193,270,3.0,사용,등록,대구광역시 북구 관음로 18,35.931876289,128.540413563
622,22626,아니오,아니오,칠곡관음타운,태전관음타운,개별난방,아니오,예,북부안전팀,1995-09-14,2004.0, 9 월,북구 영송로 63 (태전동 1065-1),324-3398,772,6.0,사용,등록,대구광역시 북구 영송로 63,35.930845525,128.543711507
623,22627,아니오,아니오,태전한라아파트,태전한라,개별난방,아니오,예,북부안전팀,1996-10-16,2005.0,10 월,북구 태전로7길 13 (태전동 166),311-1492,284,4.0,사용,등록,대구광역시 북구 태전로7길 13,35.922763838,128.543523829
624,22628,아니오,아니오,태전신흥빌라,태전신흥빌라,개별난방,아니오,예,북부안전팀,1997-01-17,2006.0, 1 월,북구 칠곡중앙대로69길 14-3 (태전동 969-21),324-2398,25,2.0,사용,미등록,대구광역시 북구 칠곡중앙대로69길 14-3,35.927043968,128.545642929
625,22629,아니오,아니오,태전신광빌라,태전신광빌라,개별난방,아니오,예,북부안전팀,1997-08-11,2006.0, 8 월,북구 학정로13길 28 (태전동 478-1),,19,1.0,사용,등록,대구광역시 북구 학정로13길 28,35.916395919,128.54964043
626,22630,아니오,아니오,태전삼일빌라,태전삼일빌라,개별난방,아니오,예,북부안전팀,1997-10-23,2006.0,10 월,북구 학정로13길 26 (태전동 478-13),,16,2.0,사용,등록,대구광역시 북구 학정로13길 26,35.916171116,128.549581497
627,22631,아니오,아니오,한일아파트,태전한일,개별난방,아니오,예,북부안전팀,1997-12-08,2006.0,12 월,북구 칠곡중앙대로53길 32 (태전동 205-14),312-1614,680,7.0,사용,등록,대구광역시 북구 칠곡중앙대로53길 32,35.91821288,128.542395893
628,22632,아니오,아니오,태전동남영아파트,태전남영네오하이츠,개별난방,아니오,예,북부안전팀,1998-01-19,2004.0, 1 월,북구 칠곡중앙대로46길 15 (태전동 542-1),311-3138,135,2.0,사용,등록,대구광역시 북구 칠곡중앙대로46길 15,35.917700803,128.548950768
629,22633,아니오,아니오,태전3차우방타운,태전우방3차,개별난방,아니오,예,북부안전팀,1998-12-10,2004.0,12 월,북구 학정로 126 (태전동 442),311-5890,375,4.0,사용,등록,대구광역시 북구 학정로 126,35.918992434,128.551349602
630,22634,예,아니오,태전빌라,,개별난방,아니오,예,,,,,북구 학정로7길 9-8 (태전동 693),,16,2.0,사용,등록,대구광역시 북구 학정로7길 9-8,35.91473067,128.545719615
631,22635,예,아니오,영남빌라,,개별난방,아니오,예,,,,,북구 학정로7길 9-2 (태전동 693-2),,14,2.0,사용,등록,대구광역시 북구 학정로7길 9-2,35.914572855,128.546279237
632,22636,예,아니오,경성빌라,,개별난방,아니오,예,,,,,북구 학정로7길 9-4 (태전동 693-1),,16,2.0,사용,등록,대구광역시 북구 학정로7길 9-4,35.914567742,128.54596968
633,22637,아니오,아니오,대원아파트,태전대원,개별난방,아니오,예,북부안전팀,1999-12-13,2005.0,12 월,북구 태전로15길 7-17 (태전동 304-2),,39,1.0,사용,등록,대구광역시 북구 태전로15길 7-17,35.926128032,128.541954387
634,22638,아니오,아니오,해원빌라,태전혜원빌라,개별난방,아니오,예,북부안전팀,1999-12-13,2005.0,12 월,북구 태전로19길 1-8 (태전동 316-1),,16,2.0,사용,등록,대구광역시 북구 태전로19길 1-8,35.92750224,128.541685395
635,22639,아니오,아니오,삼일맨션,태전삼일,개별난방,아니오,아니오,북부안전팀,2000-09-29,, 9 월,북구 학정로13길 24 (태전동 478-12),,15,1.0,사용,등록,대구광역시 북구 학정로13길 24,35.915915666,128.549626533
636,22640,예,아니오,남향아파트,,개별난방,아니오,예,,,,,북구 학정로7길 2 (태전동 749-22),,18,1.0,사용,등록,대구광역시 북구 학정로7길 2,35.913804634,128.546746479
637,22641,예,아니오,태전하이빌,,개별난방,아니오,예,,,,,북구 칠곡중앙대로53길 20 (태전동 205-70),,,,사용,등록,대구광역시 북구 칠곡중앙대로53길 20,35.918898864,128.544402749
638,22642,예,아니오,이지예아파트,,개별난방,아니오,예,,,,,북구 칠곡중앙대로54길 61 (태전동 1074-28),,18,1.0,사용,등록,대구광역시 북구 칠곡중앙대로54길 61,35.925048749,128.548531815
639,22643,아니오,아니오,태전오피스텔,태전오피스텔,개별난방,아니오,예,북부안전팀,2004-07-23,, 7 월,북구 학정로9길 24 (태전동 497-1),323-3884,56,1.0,사용,등록,대구광역시 북구 학정로9길 24,35.915767942,128.547830523
640,22699,예,아니오,칠곡대백1차,,기타,아니오,예,,,,,북구 관음로 24 (태전동 1066),,,,사용,미등록,대구광역시 북구 관음로 24,35.932432347,128.540746709
641,22701,아니오,아니오,청구장미마을,매천장미마을,개별난방,아니오,예,북부안전팀,1996-10-18,2005.0,10 월,북구 칠곡중앙대로 45 (매천동 595),312-6313,518,5.0,사용,등록,대구광역시 북구 칠곡중앙대로 45,35.901619567,128.545664564
642,22801,아니오,아니오,칠곡2차한라타운,구암한라(한라2차),개별난방,아니오,예,북부안전팀,1995-06-22,2004.0, 6 월,북구 구암로 170 (구암동 695),324-5232,630,5.0,사용,등록,대구광역시 북구 구암로 170,35.93132612,128.559022796
643,22809,아니오,아니오,칠곡청구타운,칠곡청구타운,개별난방,아니오,예,북부안전팀,1995-11-03,2004.0,11 월,북구 학정로 271 (구암동 695-3),322-4667,466,4.0,사용,등록,대구광역시 북구 학정로 271,35.929197702,128.559150062
644,22810,아니오,아니오,칠곡3차서한타운,칠곡서한3차,개별난방,아니오,예,북부안전팀,1996-02-15,2005.0, 2 월,북구 구암로32길 14 (구암동 655-1),322-7869,404,3.0,사용,등록,대구광역시 북구 구암로32길 14,35.930847086,128.556581312
645,22811,아니오,아니오,칠곡2차동서타운,칠곡동서2차,개별난방,아니오,예,북부안전팀,1996-11-01,2005.0,11 월,북구 구암로32길 22 (구암동 655-3),321-1266,335,3.0,사용,등록,대구광역시 북구 구암로32길 22,35.929909152,128.557141244
646,22812,아니오,아니오,칠곡부영6단지,구암부영6단지,개별난방,아니오,예,북부안전팀,2002-06-03,2005.0, 6 월,북구 구암로49길 24 (구암동 789-1),325-4443,536,6.0,사용,등록,대구광역시 북구 구암로49길 24,35.934095641,128.563688761
647,22813,아니오,아니오,칠곡부영3단지,구암부영3단지,개별난방,아니오,예,북부안전팀,2002-05-13,2005.0, 5 월,북구 구암서로 7 (구암동 787-3),323-8609,644,7.0,사용,등록,대구광역시 북구 구암서로 7,35.936735737,128.565066233
648,22814,아니오,아니오,칠곡부영7단지,구암부영7단지,개별난방,아니오,예,북부안전팀,2003-05-11,2006.0, 5 월,북구 구암로49길 10 (구암동 789-2),326-1268,592,8.0,사용,등록,대구광역시 북구 구암로49길 10,35.934881851,128.56585074
649,22815,아니오,아니오,칠곡부영5단지,구암부영5단지,개별난방,아니오,예,북부안전팀,2003-05-06,2006.0, 5 월,북구 대천로 132 (구암동 789),326-3285,746,8.0,사용,등록,대구광역시 북구 대천로 132,35.936145426,128.563135272
650,22816,아니오,아니오,화성그랜드파크,칠곡화성그랜드파크,개별난방,아니오,예,북부안전팀,2003-12-03,2006.0,12 월,북구 구암로65길 9 (구암동 785),324-6935,716,8.0,사용,등록,대구광역시 북구 구암로65길 9,35.939312977,128.56647202
651,22890,아니오,아니오,칠곡금빛타운,칠곡에덴현대금빛,개별난방,아니오,예,북부안전팀,1995-10-26,2004.0,10 월,북구 팔거천동로 70 (구암동 655),321-8797,480,5.0,사용,등록,대구광역시 북구 팔거천동로 70,35.929822168,128.555316718
652,22891,아니오,아니오,칠곡미래타운,칠곡미래타운,중앙난방(가스),아니오,예,북부안전팀,1995-10-16,2004.0,10 월,북구 팔거천동로 52 (구암동 655-4),324-4815,720,9.0,사용,등록,대구광역시 북구 팔거천동로 52,35.928488202,128.553487957
653,22892,아니오,아니오,칠곡동서영남아파트,구암동서영남,개별난방,아니오,예,북부안전팀,1995-10-05,2004.0,10 월,북구 구암로 180 (구암동 695-1),323-5669,810,4.0,사용,등록,대구광역시 북구 구암로 180,35.930257708,128.56086
654,22901,아니오,아니오,삼우그린타운,팔달삼우그린,개별난방,아니오,예,북부안전팀,1995-12-14,2004.0,12 월,북구 매천로8길 35 (매천동 595-2),053-311-0470,220,1.0,사용,등록,대구광역시 북구 매천로8길 35,35.900114763,128.545924611
655,22902,아니오,아니오,두산위브2001,두산위브2001,개별난방,아니오,예,북부안전팀,1998-09-26,2004.0, 9 월,북구 매천로2길 19 (팔달동 52),312-4158,"1,108",14.0,사용,등록,대구광역시 북구 매천로2길 19,35.899510352,128.543609344
656,22903,아니오,아니오,대백인터빌,대백인터빌,개별난방,아니오,예,북부안전팀,2002-06-05,2005.0, 6 월,북구 작원길 25 (팔달동 145),311-8040,495,5.0,사용,등록,대구광역시 북구 작원길 25,35.899773289,128.548495196
657,30101,아니오,아니오,동서4차아파트,평리동서4차,개별난방,아니오,예,서부안전팀,1986-05-12,2004.0, 5 월,서구 서대구로18길 9 (평리동 1353-2),,35,1.0,사용,등록,대구광역시 서구 서대구로18길 9,35.865754631,128.557009362
658,30102,아니오,아니오,동서1차아파트,평리동서1차,개별난방,아니오,예,서부안전팀,1986-07-15,2004.0, 7 월,서구 평리로57길 15 (평리동 1439-1),565-2401,110,4.0,사용,등록,대구광역시 서구 평리로57길 15,35.864574388,128.554194736
659,30103,아니오,아니오,동서2차아파트,평리동서2차,개별난방,아니오,예,서부안전팀,1987-06-08,2004.0, 6 월,서구 국채보상로42길 46 (평리동 1411-1),555-5335,95,3.0,사용,등록,대구광역시 서구 국채보상로42길 46,35.865969915,128.554595918
660,30104,아니오,아니오,평리광명아파트,평리광명,개별난방,아니오,예,서부안전팀,1988-01-26,2005.0, 1 월,서구 문화로37길 6 (평리동 619-1),552-2318,404,11.0,사용,등록,대구광역시 서구 문화로37길 6,35.875836022,128.55352837
661,30105,아니오,아니오,비둘기맨션,평리우림비둘기,개별난방,아니오,예,서부안전팀,1988-08-22,2005.0, 8 월,서구 국채보상로46길 61 (평리동 1356-2),551-7011,,,사용,등록,대구광역시 서구 국채보상로46길 61,35.865045417,128.557871285
662,30107,아니오,아니오,평리동서3차아파트,평리동서3차,개별난방,아니오,예,서부안전팀,1990-03-29,2006.0, 3 월,서구 국채보상로46길 57 (평리동 1354-1),556-0389,150,2.0,사용,등록,대구광역시 서구 국채보상로46길 57,35.865514112,128.557361135
663,30108,아니오,아니오,평리서신,평리서신,개별난방,아니오,예,서부안전팀,1990-03-21,2006.0, 3 월,서구 문화로 230 (평리동 1083-2),567-1356,178,6.0,사용,미등록,대구광역시 서구 문화로 230,35.87509396,128.556471963
664,30109,아니오,아니오,평리금오아파트,평리금오,개별난방,아니오,예,서부안전팀,1990-10-29,2006.0,10 월,서구 국채보상로46길 43-19 (평리동 1349-3),,29,1.0,사용,등록,대구광역시 서구 국채보상로46길 43-19,35.866892585,128.557429629
665,30110,아니오,아니오,평리명성,평리명성,기타,아니오,예,서부안전팀,1991-07-31,2006.0, 7 월,서구 당산로 446 (평리동 576-8),,148,3.0,사용,미등록,대구광역시 서구 당산로 446,35.87467142,128.547197104
666,30111,아니오,아니오,진성아파트,평리진성,개별난방,아니오,예,서부안전팀,1992-01-15,2004.0, 1 월,서구 국채보상로50길 62 (평리동 1314-17),,40,1.0,사용,등록,대구광역시 서구 국채보상로50길 62,35.865698687,128.559768184
667,30112,아니오,아니오,평리금오아파트,평리서대구금오,개별난방,아니오,예,서부안전팀,1993-01-27,2005.0, 1 월,서구 서대구로32길 14 (평리동 1089-10),,47,1.0,사용,등록,대구광역시 서구 서대구로32길 14,35.87221304,128.556291843
668,30113,아니오,아니오,평리태양빌라,평리태양빌라,개별난방,아니오,예,서부안전팀,1996-09-12,2005.0, 9 월,서구 국채보상로48길 62 (평리동 1356-4),,8,1.0,사용,등록,대구광역시 서구 국채보상로48길 62,35.865220958,128.558577041
669,30114,아니오,아니오,평리반도아파트,평리반도,개별난방,아니오,예,서부안전팀,1998-02-25,2004.0, 2 월,서구 국채보상로46길 63 (평리동 1356-1),555-5305,50,1.0,사용,등록,대구광역시 서구 국채보상로46길 63,35.864829531,128.556872855
670,30115,아니오,아니오,평리청구타운,평리청구,개별난방,아니오,예,서부안전팀,1999-12-03,2005.0,12 월,서구 서대구로 77 (평리동 1408),563-8824,605,5.0,사용,등록,대구광역시 서구 서대구로 77,35.864902046,128.554858292
671,30116,예,아니오,장미아파트,,개별난방,아니오,예,,,,,서구 통학로18길 38 (평리동 1139-1),,10,1.0,사용,등록,대구광역시 서구 통학로18길 38,35.868449289,128.567433792
672,30117,예,아니오,서원타운,,개별난방,아니오,예,,,,,서구 국채보상로48길 10-8 (평리동 1336-3),,18,1.0,사용,등록,대구광역시 서구 국채보상로48길 10-8,35.870100013,128.556544808
673,30118,예,아니오,스카이빌,,개별난방,아니오,예,,,,,서구 문화로63길 17 (평리동 772-10),,17,1.0,사용,등록,대구광역시 서구 문화로63길 17,35.877548284,128.567800651
674,30119,예,아니오,미래하이빌,,개별난방,아니오,예,,,,,서구 국채보상로50길 42-24 (평리동 1320-3),,14,1.0,사용,등록,대구광역시 서구 국채보상로50길 42-24,35.86718837,128.559014684
675,30120,아니오,아니오,명지미래힐,평리동주상복합아파트,개별난방,아니오,예,서부안전팀,2003-09-04,2006.0, 9 월,서구 서대구로 147 (평리동 1523-3),,30,1.0,사용,등록,대구광역시 서구 서대구로 147,35.871099814,128.554573265
676,30301,아니오,아니오,원대반도아파트,원대반도,개별난방,아니오,예,북부안전팀,1987-08-29,2004.0, 8 월,서구 고성로 13 (원대동3가 1372),357-2450,49,1.0,사용,등록,대구광역시 서구 고성로 13,35.888012234,128.570237336
677,30302,아니오,아니오,원대금류타운,원대금류골드타운,개별난방,아니오,예,중부안전팀,1997-01-17,2006.0, 1 월,서구 원대로13길 2 (원대동2가 88),352-8131,125,1.0,사용,등록,대구광역시 서구 원대로13길 2,35.882972295,128.58081228
678,30303,아니오,아니오,원대신시장상가,원대상가아파트,개별난방,아니오,예,중부안전팀,2004-12-09,,12 월,서구 달서로54길 6 (원대동3가 1434-4),,16,1.0,사용,미등록,대구광역시 서구 달서로54길 6,35.885531342,128.574910516
679,30304,예,아니오,제네스빌,,개별난방,아니오,예,,,,,서구 원대로 25 (원대동1가 39),,18,1.0,사용,등록,대구광역시 서구 원대로 25,35.879651054,128.579795625
680,30305,아니오,아니오,대원아파트,원대동대원아파트,개별난방,아니오,예,중부안전팀,2005-09-14,, 9 월,서구 달서천로87길 9 (원대동1가 79),357-4289,49,2.0,사용,등록,대구광역시 서구 달서천로87길 9,35.881190294,128.578946858
681,30401,아니오,아니오,수정아파트,비산수정,개별난방,아니오,예,북부안전팀,1986-10-22,2004.0,10 월,서구 고성로 22 (비산동 1198-1),353-0692,54,1.0,사용,등록,대구광역시 서구 고성로 22,35.887144629,128.570373318
682,30402,아니오,아니오,비산보성아파트,비산보성,개별난방,아니오,예,북부안전팀,1987-12-18,2004.0,12 월,서구 염색공단로11길 35 (비산동 2008-18),355-1550,129,2.0,사용,등록,대구광역시 서구 염색공단로11길 35,35.884769666,128.553814763
683,30403,아니오,아니오,양지아파트,비산양지,개별난방,아니오,예,북부안전팀,1988-12-17,2005.0,12 월,서구 달서천로61길 34 (비산동 1199-7),356-5505,119,2.0,사용,등록,대구광역시 서구 달서천로61길 34,35.886963366,128.569576923
684,30404,아니오,아니오,비산우방맨션,비산우방,개별난방,아니오,예,서부안전팀,1995-04-12,2004.0, 4 월,서구 통학로24길 60 (비산동 331-36),562-3578,183,2.0,사용,등록,대구광역시 서구 통학로24길 60,35.871068074,128.569511301
685,30405,아니오,아니오,삼성만평아파트,비산만평,개별난방,아니오,예,북부안전팀,1998-12-07,2004.0,12 월,서구 달서천로57길 20 (비산동 1011),352-1858,241,7.0,사용,등록,대구광역시 서구 달서천로57길 20,35.886357393,128.565078411
686,30406,아니오,아니오,진산하이츠,비산일진하이츠,개별난방,아니오,예,북부안전팀,2001-08-13,2004.0, 8 월,서구 서대구로63길 28-20 (비산동 1476-4),,16,1.0,사용,등록,대구광역시 서구 서대구로63길 28-20,35.888932085,128.558088971
687,30407,아니오,아니오,서봉금실타운,비산서봉금실타운,개별난방,아니오,예,서부안전팀,2002-02-27,2005.0, 2 월,서구 국채보상로72길 32 (비산동 315-6),,8,1.0,사용,등록,대구광역시 서구 국채보상로72길 32,35.869407441,128.569792861
688,30408,예,아니오,아이빌하우스,,개별난방,아니오,예,,,,,서구 서대구로 351-4 (비산동 1303-6),,16,1.0,사용,등록,대구광역시 서구 서대구로 351-4,,
689,30409,예,아니오,석우로즈빌,,개별난방,아니오,예,,,,,서구 서대구로 351-2 (비산동 1303-11),,18,1.0,사용,등록,대구광역시 서구 서대구로 351-2,,
690,30410,예,아니오,그린파크아파트,,개별난방,아니오,예,,,,,서구 달서로33길 8 (비산동 511-5),,16,1.0,사용,등록,대구광역시 서구 달서로33길 8,35.87699348,128.570314102
691,30411,예,아니오,한마음타운,,개별난방,아니오,예,,,,,서구 국채보상로76길 49 (비산동 280-13),,16,1.0,사용,등록,대구광역시 서구 국채보상로76길 49,35.867766055,128.572061056
692,30412,예,아니오,삼흥타운,,개별난방,아니오,예,,,,,서구 달서로12길 45-8 (비산동 195-1),,19,1.0,사용,등록,대구광역시 서구 달서로12길 45-8,35.869288153,128.575145773
693,30413,예,아니오,비산세정드림빌,,개별난방,아니오,예,,,,,서구 달서천로41길 87 (비산동 1248-2),,18,1.0,사용,등록,대구광역시 서구 달서천로41길 87,35.888808031,128.562734486
694,30414,예,아니오,디오하이넷시티,,개별난방,아니오,예,,,,,서구 달서로20길 2 (비산동 254-1),,17,1.0,사용,등록,대구광역시 서구 달서로20길 2,35.87091695,128.571564519
695,30415,아니오,아니오,비산시영아파트,비산아파트,개별난방,아니오,예,서부안전팀,2003-04-15,2006.0, 4 월,서구 북비산로61길 34 (비산동 733),566-2334,109,5.0,사용,등록,대구광역시 서구 북비산로61길 34,35.882870224,128.567739266
696,30416,예,아니오,제네스빌,,개별난방,아니오,예,,,,,서구 달서로25길 24 (비산동 460-1),,,,사용,등록,대구광역시 서구 달서로25길 24,35.874366249,128.568850734
697,30417,예,아니오,그린파크2차아파트,,개별난방,아니오,예,,,,,서구 문화로67길 17-7 (비산동 486-22),,16,1.0,사용,등록,대구광역시 서구 문화로67길 17-7,35.877460865,128.568830609
698,30418,예,아니오,비산평산,,개별난방,아니오,예,,,,,서구 문화로67길 9-11 (비산동 486-25),,,1.0,사용,미등록,대구광역시 서구 문화로67길 9-11,35.877152313,128.56865456
699,30419,예,아니오,신성캐슬아파트,,개별난방,아니오,예,,,,,서구 문화로 341 (비산동 494-2),,7,1.0,사용,등록,대구광역시 서구 문화로 341,35.876076781,128.569989653
700,30420,아니오,아니오,명보아파트,명보맨션,개별난방,아니오,예,북부안전팀,2003-11-21,2006.0,11 월,서구 서대구로61길 3 (비산동 1838),,69,2.0,사용,등록,대구광역시 서구 서대구로61길 3,35.885023458,128.556164928
701,30421,예,아니오,혜성아파트,,개별난방,아니오,예,,,,,서구 북비산로72길 13-7 (비산동 532-1),,10,1.0,사용,등록,대구광역시 서구 북비산로72길 13-7,35.877959019,128.57239427
702,30422,아니오,아니오,경남꿈드림,파라다이스(꿈드림),개별난방,아니오,예,북부안전팀,2004-05-14,, 5 월,서구 서대구로 329 (비산동 1635-1),,70,3.0,사용,등록,대구광역시 서구 서대구로 329,35.88730635,128.557732488
703,30423,예,아니오,비산솔마을아파트,,개별난방,아니오,예,,,,,서구 문화로69길 13-3 (비산동 518-1),555-6535,17,1.0,사용,등록,대구광역시 서구 문화로69길 13-3,35.877141966,128.56953163
704,30424,예,아니오,비산하이츠아파트,,개별난방,아니오,예,,,,,서구 통학로52길 64 (비산동 687-1),,16,1.0,사용,등록,대구광역시 서구 통학로52길 64,35.883821631,128.570025476
705,30425,예,아니오,비산아뜨리움,,개별난방,아니오,예,,,,,서구 국채보상로67안길 23 (비산동 378-42),,19,1.0,사용,등록,대구광역시 서구 국채보상로67안길 23,35.873166587,128.569572478
706,30426,예,아니오,황궁빌라트,,개별난방,아니오,예,,,,,서구 국채보상로71길 33 (비산동 450-1),,,,사용,등록,대구광역시 서구 국채보상로71길 33,35.875173231,128.570018323
707,30427,아니오,아니오,한신휴플러스아파트,한신휴아파트,개별난방,아니오,예,서부안전팀,2005-11-29,,11 월,서구 달서로17길 17 (비산동 315),571-0017,335,3.0,사용,등록,대구광역시 서구 달서로17길 17,35.870134011,128.568713714
708,30601,아니오,아니오,내당광명아파트,내당광명,개별난방,아니오,예,서부안전팀,1985-10-31,2004.0,10 월,서구 평리로 214 (내당동 340),566-5450,230,4.0,사용,등록,대구광역시 서구 평리로 214,35.860324778,128.546931232
709,30602,아니오,아니오,코오롱아파트,내당코오롱,개별난방,아니오,예,서부안전팀,1985-11-26,2004.0,11 월,서구 당산로 260 (내당동 339),553-5397,144,2.0,사용,등록,대구광역시 서구 당산로 260,35.859486861,128.547177489
710,30603,아니오,아니오,내당광장1차아파트,내당광장1차,개별난방,아니오,예,서부안전팀,1985-06-10,2004.0, 6 월,서구 달구벌대로 1707 (내당동 463-5),566-8081,672,6.0,사용,등록,대구광역시 서구 달구벌대로 1707,35.856540771,128.552033715
711,30604,아니오,아니오,삼익맨션,내당삼익,지역난방,아니오,예,서부안전팀,1985-06-10,2004.0, 6 월,서구 서대구로 25 (내당동 350-1),567-7765,503,4.0,사용,등록,대구광역시 서구 서대구로 25,35.860884311,128.555876083
712,30605,아니오,아니오,삼익뉴타운,내당삼익뉴타운,개별난방,아니오,예,서부안전팀,1985-05-19,2004.0, 5 월,서구 평리로 236 (내당동 308-11),552-7931,"1,776",16.0,사용,등록,대구광역시 서구 평리로 236,35.859338004,128.548321754
713,30606,아니오,아니오,내당보성홍실아파트,내당보성홍실1차,개별난방,아니오,예,서부안전팀,1986-09-16,2004.0, 9 월,서구 서대구로8길 49 (내당동 28-1),554-2206,199,5.0,사용,등록,대구광역시 서구 서대구로8길 49,35.862135842,128.561518612
714,30607,아니오,아니오,광장타운2차아파트,내당청구광장2차,지역난방,아니오,예,서부안전팀,1987-06-02,2004.0, 6 월,서구 달구벌대로337길 8 (내당동 463-8),557-6037,180,2.0,사용,등록,대구광역시 서구 달구벌대로337길 8,35.855926514,128.550296707
715,30608,아니오,아니오,보성2차홍실타운,내당홍실2차,개별난방,아니오,예,서부안전팀,1988-04-22,2005.0, 4 월,서구 통학로 39 (내당동 11-1),555-8548,294,5.0,사용,등록,대구광역시 서구 통학로 39,35.863948621,128.563890728
716,30609,아니오,아니오,황제맨션,내당보성황제,개별난방,아니오,예,서부안전팀,1988-11-09,2005.0,11 월,서구 통학로 46 (내당동 11-8),557-1782,478,5.0,사용,등록,대구광역시 서구 통학로 46,35.863851643,128.564910006
717,30610,아니오,아니오,내당시영아파트,내당시영,개별난방,아니오,예,서부안전팀,1989-09-01,2005.0, 9 월,서구 서대구로8길 15 (내당동 202-1),555-4347,470,12.0,사용,등록,대구광역시 서구 서대구로8길 15,35.862975887,128.55774396
718,30611,아니오,아니오,전원아파트,내당전원,개별난방,아니오,예,서부안전팀,1989-12-27,2005.0,12 월,서구 서대구로3길 76 (내당동 358-2),562-0314,93,2.0,사용,등록,대구광역시 서구 서대구로3길 76,35.858263665,128.548370826
719,30612,아니오,아니오,동서제일아파트,내당제일,개별난방,아니오,예,서부안전팀,1990-12-13,2006.0,12 월,서구 평리로42길 26 (내당동 359-1),,60,1.0,사용,등록,대구광역시 서구 평리로42길 26,35.859182156,128.547449489
720,30613,아니오,아니오,세신아파트,내당세신,개별난방,아니오,예,서부안전팀,1991-09-07,2006.0, 9 월,서구 달구벌대로361길 9 (내당동 216-2),,40,1.0,사용,등록,대구광역시 서구 달구벌대로361길 9,35.860272935,128.561487683
721,30614,아니오,아니오,대우아파트,내당대우,개별난방,아니오,예,서부안전팀,1993-07-30,2005.0, 7 월,서구 당산로 273-10 (내당동 410-8),,48,2.0,사용,등록,대구광역시 서구 당산로 273-10,35.860555441,128.545371261
722,30615,아니오,아니오,내당황제빌라,내당황제빌라,개별난방,아니오,예,서부안전팀,1994-04-25,2006.0, 4 월,서구 평리로62길 43 (내당동 223-2),,12,1.0,사용,미등록,대구광역시 서구 평리로62길 43,,
723,30616,아니오,아니오,내당동화타운,내당동화,개별난방,아니오,예,서부안전팀,1994-11-21,2006.0,11 월,서구 달구벌대로337길 29 (내당동 460-5),558-0504,102,2.0,사용,등록,대구광역시 서구 달구벌대로337길 29,35.857431726,128.550511934
724,30617,아니오,아니오,내당동원,내당동원빌라,개별난방,아니오,예,서부안전팀,1995-02-21,2004.0, 2 월,서구 서대구로5길 27 (내당동 352-3),562-5850,8,1.0,사용,등록,대구광역시 서구 서대구로5길 27,35.860070062,128.553290851
725,30618,예,아니오,효성빌라,,개별난방,아니오,예,,,,,서구 서대구로5길 25 (내당동 352-12),,8,1.0,사용,등록,대구광역시 서구 서대구로5길 25,35.860109515,128.553577931
726,30619,예,아니오,내당광장,,개별난방,아니오,예,,,,,서구 서대구로5길 27-1 (내당동 352-13),,8,1.0,사용,등록,대구광역시 서구 서대구로5길 27-1,35.859915845,128.553323567
727,30620,예,아니오,내당궁전,,개별난방,아니오,예,,,,,서구 서대구로5길 25-1 (내당동 352-14),,8,1.0,사용,등록,대구광역시 서구 서대구로5길 25-1,35.859948449,128.553605764
728,30621,아니오,아니오,대진아파트,내당대진,개별난방,아니오,예,서부안전팀,1996-09-20,2005.0, 9 월,서구 당산로 206 (내당동 458-46),558-4270,40,1.0,사용,등록,대구광역시 서구 당산로 206,35.854996023,128.548413285
729,30622,아니오,아니오,대평아파트,내당대평,개별난방,아니오,예,서부안전팀,1998-08-07,2004.0, 8 월,서구 서대구로7길 10 (내당동 254-4),565-3562,65,3.0,사용,등록,대구광역시 서구 서대구로7길 10,35.861184542,128.555267364
730,30623,아니오,아니오,제림(보라)아파트,내당보라,개별난방,아니오,예,서부안전팀,1998-09-18,2004.0, 9 월,서구 달구벌대로377안길 10 (내당동 906-2),,58,1.0,사용,등록,대구광역시 서구 달구벌대로377안길 10,35.863406645,128.567962466
731,30624,아니오,아니오,명성타운,내당명성빌라,개별난방,아니오,예,서부안전팀,1998-10-01,2004.0,10 월,서구 달구벌대로377길 17-14 (내당동 911-7),,8,1.0,사용,등록,대구광역시 서구 달구벌대로377길 17-14,35.864113931,128.568543813
732,30625,아니오,아니오,내당트라움하우스,내당트라움하우스,개별난방,아니오,아니오,서부안전팀,2000-10-31,,10 월,서구 서대구로8길 34 (내당동 211-3),,17,1.0,사용,등록,대구광역시 서구 서대구로8길 34,35.861649523,128.560515773
733,30626,아니오,아니오,드림하이츠,내당드림하이츠A동,개별난방,아니오,예,서부안전팀,2000-12-28,2006.0,12 월,서구 달구벌대로357길 13 (내당동 225-26),,12,1.0,사용,등록,대구광역시 서구 달구벌대로357길 13,,
734,30627,아니오,아니오,드림하이츠,내당드림하이츠(가동),개별난방,아니오,예,서부안전팀,2001-03-30,2004.0, 3 월,서구 서대구로6길 16 (내당동 225-10),,12,1.0,사용,등록,대구광역시 서구 서대구로6길 16,35.884377525,128.558867657
735,30628,예,아니오,태양골든타운,,개별난방,아니오,예,,,,,서구 평리로 320 (내당동 240-5),,18,1.0,사용,등록,대구광역시 서구 평리로 320,35.863877225,128.558394398
736,30629,예,아니오,신성메트로빌,,개별난방,아니오,예,,,,,서구 서대구로10길 65 (내당동 22-12),,18,1.0,사용,등록,대구광역시 서구 서대구로10길 65,35.864970272,128.563155147
737,30630,예,아니오,신성메트로빌,,개별난방,아니오,예,,,,,서구 서대구로10길 63 (내당동 22-11),,18,1.0,사용,등록,대구광역시 서구 서대구로10길 63,35.864898192,128.562899068
738,30631,예,아니오,선빌골든타운,,개별난방,아니오,예,,,,,서구 달서로9길 36 (내당동 6-33),,19,1.0,사용,등록,대구광역시 서구 달서로9길 36,35.865372974,128.56702335
739,30632,예,아니오,대림아트빌,,개별난방,아니오,예,,,,,서구 서대구로2길 29 (내당동 217-18),,14,1.0,사용,등록,대구광역시 서구 서대구로2길 29,35.859874296,128.560176479
740,30633,예,아니오,네오젠,,개별난방,아니오,예,,,,,서구 평리로 376 (내당동 20-9),,19,1.0,사용,등록,대구광역시 서구 평리로 376,35.865552379,128.564157449
741,30634,예,아니오,내당서인,,개별난방,아니오,예,,,,,서구 평리로62길 34 (내당동 229-6),,22,1.0,사용,등록,대구광역시 서구 평리로62길 34,,
742,30635,예,아니오,전원드림시티,,개별난방,아니오,예,,,,,서구 통학로2길 18 (내당동 61-3),,18,1.0,사용,등록,대구광역시 서구 통학로2길 18,35.861393294,128.566337417
743,30636,예,아니오,부성꿈그린,,개별난방,아니오,예,,,,,서구 큰장로19길 12 (내당동 1015-50),,16,1.0,사용,등록,대구광역시 서구 큰장로19길 12,35.868069297,128.576365093
744,30901,아니오,아니오,중리진달래2차아파트,중리진달래2차,개별난방,아니오,예,서부안전팀,1987-01-09,2004.0, 1 월,서구 국채보상로38길 22 (중리동 42-1),555-7161,240,6.0,사용,등록,대구광역시 서구 국채보상로38길 22,35.867703773,128.552178975
745,30902,아니오,아니오,중리군인아파트,중리광명,개별난방,아니오,예,서부안전팀,1987-12-30,2004.0,12 월,서구 국채보상로36길 50 (중리동 84-2),552-5451,80,2.0,사용,등록,대구광역시 서구 국채보상로36길 50,35.864947346,128.55124165
746,30904,아니오,아니오,꽃동네아파트,중리꽃동네,개별난방,아니오,예,서부안전팀,1987-12-30,2004.0,12 월,서구 평리로 221 (중리동 121-1),558-9406,230,4.0,사용,등록,대구광역시 서구 평리로 221,35.86291144,128.547884713
747,30905,예,아니오,중리일신아파트,,개별난방,아니오,예,,,,,서구 당산로47길 69 (중리동 720-1),,387,10.0,사용,등록,대구광역시 서구 당산로47길 69,35.856727834,128.542769426
748,30906,아니오,아니오,중리시영1차아파트,중리시영1지구,개별난방,아니오,예,서부안전팀,1988-06-04,2005.0, 6 월,서구 당산로 324 (중리동 94),557-0414,340,9.0,사용,등록,대구광역시 서구 당산로 324,35.864236176,128.547288973
749,30907,아니오,아니오,중리시영2차아파트,중리시영2지구,개별난방,아니오,예,서부안전팀,1988-06-18,2005.0, 6 월,서구 국채보상로38길 32 (중리동 72),565-9423,180,6.0,사용,등록,대구광역시 서구 국채보상로38길 32,35.867264833,128.551593779
750,30908,아니오,아니오,중리진달래1차아파트,중리진달래1차,개별난방,아니오,예,서부안전팀,1988-07-25,2005.0, 7 월,서구 국채보상로36길 42 (중리동 82-2),555-0127,140,2.0,사용,등록,대구광역시 서구 국채보상로36길 42,35.865684993,128.550654094
751,30909,아니오,아니오,신세계아파트,중리신세계1차(1-3동),개별난방,아니오,예,서부안전팀,1989-03-24,2005.0, 3 월,서구 국채보상로36길 63 (중리동 108-2),,109,3.0,사용,등록,대구광역시 서구 국채보상로36길 63,35.863595704,128.552243596
752,30910,아니오,아니오,에덴둥지아파트,중리에덴,개별난방,아니오,예,서부안전팀,1989-10-13,2005.0,10 월,서구 국채보상로34길 47 (중리동 84-1),,50,2.0,사용,등록,대구광역시 서구 국채보상로34길 47,35.865130122,128.550587423
753,30911,아니오,아니오,신세계아파트,"중리신세계5,6동",개별난방,아니오,예,서부안전팀,1989-10-26,2005.0,10 월,서구 국채보상로36길 57 (중리동 108-1),,60,2.0,사용,등록,대구광역시 서구 국채보상로36길 57,35.864441362,128.552052229
754,30912,아니오,아니오,중리양지아파트,중리양지,개별난방,아니오,예,서부안전팀,1989-10-26,2005.0,10 월,서구 서대구로15길 31 (중리동 112-2),565-3703,48,1.0,사용,등록,대구광역시 서구 서대구로15길 31,35.863468616,128.552922453
755,30913,아니오,아니오,중리호정빌라,중리호정빌라,개별난방,아니오,아니오,서부안전팀,1995-03-23,, 3 월,서구 국채보상로38길 58 (중리동 111-2),,16,1.0,사용,등록,대구광역시 서구 국채보상로38길 58,35.864564138,128.552969113
756,30914,아니오,아니오,대진빌라,중리대진빌라,개별난방,아니오,아니오,서부안전팀,1996-01-23,, 1 월,서구 서대구로17길 29 (중리동 110-1),,16,2.0,사용,등록,대구광역시 서구 서대구로17길 29,35.864813587,128.552516254
757,30915,아니오,아니오,동원빌라,동원오성빌라,개별난방,아니오,아니오,서부안전팀,1996-02-27,2005.0, 2 월,서구 평리로 233 (중리동 118-1),,18,3.0,사용,등록,대구광역시 서구 평리로 233,35.862819969,128.549050438
758,30916,아니오,아니오,중리광명아파트,중리광명2,개별난방,아니오,예,서부안전팀,1996-10-18,2005.0,10 월,서구 평리로 215 (중리동 130),552-5451,120,4.0,사용,등록,대구광역시 서구 평리로 215,35.861644671,128.54670172
759,30917,아니오,아니오,동원빌리지,중리동원빌라2차,개별난방,아니오,아니오,서부안전팀,1997-01-16,2006.0, 1 월,서구 평리로 235-8 (중리동 120-4),,20,3.0,사용,등록,대구광역시 서구 평리로 235-8,35.863107828,128.548976056
760,30918,아니오,예,,중리태양빌라9차나동,개별난방,아니오,아니오,서부안전팀,1997-02-17,, 2 월,서구 평리로 229 (중리동 119-2),,11,1.0,사용,,대구광역시 서구 평리로 229,35.862379594,128.548436335
761,30919,아니오,아니오,다산하트빌,중리다산하트빌,개별난방,아니오,예,서부안전팀,1997-04-07,2006.0, 4 월,서구 평리로 255 (중리동 115-5),267-4140,80,1.0,사용,등록,대구광역시 서구 평리로 255,35.863058325,128.551253342
762,30920,예,아니오,퀸스빌아파트,,개별난방,아니오,예,,,,,서구 평리로 172 (중리동 705-2),,18,1.0,사용,등록,대구광역시 서구 평리로 172,35.85945985,128.542977284
763,40601,아니오,아니오,삼하아파트,두류삼하,개별난방,아니오,예,서부안전팀,1989-01-30,2005.0, 1 월,달서구 달구벌대로340길 30 (두류동 629-6),651-9153,140,3.0,사용,등록,대구광역시 달서구 달구벌대로340길 30,35.853815687,128.552039344
764,40603,아니오,아니오,우방주택,두류우방연립,개별난방,아니오,아니오,서부안전팀,1989-05-26,, 5 월,달서구 달구벌대로 1726-7 (두류동 488-2),,,,사용,등록,대구광역시 달서구 달구벌대로 1726-7,35.856218944,128.554705332
765,40604,아니오,아니오,성안오피스텔,두류성안광장오피스텔,중앙난방(가스),아니오,예,서부안전팀,1992-11-03,2004.0,11 월,달서구 달구벌대로 1834 (두류동 87-36),624-7900,,,사용,등록,대구광역시 달서구 달구벌대로 1834,35.859890324,128.56535016
766,40605,아니오,아니오,내당보성아파트,두류보성(내당),기타,아니오,예,서부안전팀,1986-12-24,2004.0,12 월,달서구 야외음악당로47길 76 (두류동 2369),621-2201,188,2.0,사용,등록,대구광역시 달서구 야외음악당로47길 76,35.857599235,128.560596044
767,40607,아니오,아니오,대림대흥대주아파트,두류대주(B-C동),개별난방,아니오,예,서부안전팀,1989-09-06,2005.0, 9 월,달서구 야외음악당로39서길 45 (두류동 627-1),623-7244,90,2.0,사용,등록,대구광역시 달서구 야외음악당로39서길 45,35.853197677,128.552072814
768,40608,아니오,아니오,신내당시장아파트,두류신내당상가,개별난방,아니오,예,서부안전팀,1989-09-07,2005.0, 9 월,달서구 야외음악당로39길 62 (두류동 486-1),626-1937,,,사용,등록,대구광역시 달서구 야외음악당로39길 62,35.854620125,128.553860453
769,40609,아니오,아니오,대림대흥대주아파트,두류대림(A동),개별난방,아니오,예,서부안전팀,1989-09-06,2005.0, 9 월,달서구 야외음악당로39서길 45 (두류동 628-1),623-7244,40,1.0,사용,등록,대구광역시 달서구 야외음악당로39서길 45,35.853197677,128.552072814
770,40610,아니오,아니오,두류보성맨션,두류보성타운,개별난방,아니오,예,서부안전팀,1999-10-12,2005.0,10 월,달서구 두류6길 9 (두류동 833-5),628-4179,122,2.0,사용,등록,대구광역시 달서구 두류6길 9,35.857370411,128.566379328
771,40611,아니오,아니오,삼정그린빌,두류삼정그린빌,지역난방,아니오,예,서부안전팀,2002-04-25,2005.0, 4 월,달서구 야외음악당로39길 54 (두류동 486-2),656-3366,"1,208",10.0,사용,등록,대구광역시 달서구 야외음악당로39길 54,35.854176539,128.5546407
772,40612,아니오,아니오,동산아파트,두류동동산아파트,개별난방,아니오,예,서부안전팀,2003-11-11,2006.0,11 월,달서구 야외음악당로 153 (두류동 640-1),,45,2.0,사용,등록,대구광역시 달서구 야외음악당로 153,35.850870738,128.553039146
773,40613,예,아니오,아트빌,,개별난방,아니오,예,,,,,달서구 당산로36길 73 (두류동 639-5),,,,사용,등록,대구광역시 달서구 당산로36길 73,35.850873083,128.552624733
774,40614,아니오,아니오,진성두류타운,두류송백타운(진성두류타운),개별난방,아니오,예,서부안전팀,2004-04-21,, 4 월,달서구 두류길 8 (두류동 1210-15),628-1482,70,1.0,사용,등록,대구광역시 달서구 두류길 8,35.860140178,128.573806877
775,40615,아니오,아니오,선빌파크타운,태양아파트(선빌파크타운),개별난방,아니오,예,서부안전팀,2004-06-04,, 6 월,달서구 두류공원로50길 23 (두류동 141-2),,,,사용,등록,대구광역시 달서구 두류공원로50길 23,35.856673796,128.559968547
776,40616,예,아니오,서남맨션,,개별난방,아니오,예,,,,,달서구 성당로 231 (두류동 779-3),,,,사용,등록,대구광역시 달서구 성당로 231,35.852997973,128.573542847
777,40617,아니오,아니오,벽산타워,벽산아파트,개별난방,아니오,예,서부안전팀,2005-06-27,, 6 월,달서구 달구벌대로 1748 (두류동 470-1),621-3606,91,1.0,사용,등록,대구광역시 달서구 달구벌대로 1748,35.8571267,128.556357776
778,40803,예,아니오,성당82.3달서시영,,개별난방,아니오,예,,,,,달서구 당산로 82 (성당동 840),,,10.0,사용,미등록,대구광역시 달서구 당산로 82,35.844887192,128.545207355
779,40804,아니오,아니오,황실아파트,성당현대황실,개별난방,아니오,예,서부안전팀,1988-03-31,2005.0, 3 월,달서구 장기로22길 23 (성당동 682-1),651-5674,108,4.0,사용,등록,대구광역시 달서구 장기로22길 23,35.84420625,128.548514629
780,40805,아니오,아니오,성남아파트,성당성남,개별난방,아니오,예,서부안전팀,1988-05-30,2005.0, 5 월,달서구 장기로 116 (성당동 726-1),672208,146,4.0,사용,등록,대구광역시 달서구 장기로 116,35.843619716,128.547395016
781,40806,아니오,아니오,남도아파트,성당남도,개별난방,아니오,예,서부안전팀,1988-09-13,2005.0, 9 월,달서구 장기로22길 9 (성당동 726-3),,,,사용,등록,대구광역시 달서구 장기로22길 9,35.843977433,128.548479834
782,40807,아니오,아니오,남부세신아파트,성당남부세신,개별난방,아니오,예,서부안전팀,1990-02-22,2006.0, 2 월,달서구 야외음악당로7길 14 (성당동 425-2),626-8558,50,2.0,사용,등록,대구광역시 달서구 야외음악당로7길 14,35.840324375,128.551804724
783,40808,아니오,아니오,성당한마음아파트,성당근로청소년(한마음),개별난방,아니오,예,중부안전팀,1990-11-12,,11 월,달서구 성당로 187 (성당동 72-10),550-6555,100,2.0,사용,미등록,대구광역시 달서구 성당로 187,35.850632224,128.570353511
784,40809,아니오,아니오,성지아파트,성당성지,개별난방,아니오,예,중부안전팀,1991-01-17,2006.0, 1 월,달서구 성당로35길 35 (성당동 86-2),652-8247,,,사용,등록,대구광역시 달서구 성당로35길 35,35.850451752,128.569399716
785,40810,아니오,아니오,삼호맨션,성당삼호,개별난방,아니오,예,서부안전팀,1994-01-06,2006.0, 1 월,달서구 대명천로 67 (성당동 828),,,,사용,등록,대구광역시 달서구 대명천로 67,35.838501841,128.551576106
786,40811,아니오,아니오,대경아파트,성당대경,개별난방,아니오,예,중부안전팀,1993-11-10,2005.0,11 월,달서구 성당로33길 40 (성당동 86-6),651-4497,36,2.0,사용,등록,대구광역시 달서구 성당로33길 40,35.85053105,128.568750195
787,40812,아니오,아니오,라일락아파트,성당우방라일락,개별난방,아니오,예,서부안전팀,1987-07-24,2004.0, 7 월,달서구 장기로26길 30 (성당동 725),622-0590,175,3.0,사용,등록,대구광역시 달서구 장기로26길 30,35.844312143,128.547527633
788,40813,아니오,아니오,성당에덴타운,성당에덴타운,개별난방,아니오,예,중부안전팀,1995-06-08,2004.0, 6 월,달서구 성당로33길 16 (성당동 87-1),653-9226,,,사용,등록,대구광역시 달서구 성당로33길 16,35.849473623,128.56948712
789,40814,아니오,아니오,성당제림하이츠아파트,성당제림하이츠,개별난방,아니오,예,서부안전팀,1996-02-15,2005.0, 2 월,달서구 당산로30길 12 (성당동 695-44),625-8646,,,사용,등록,대구광역시 달서구 당산로30길 12,35.848998214,128.547547806
790,40815,아니오,아니오,한국폴리텍대학대구캠퍼스교직원아파트,성당대구기능대사택(한국폴리텍 교직원아파트),개별난방,아니오,예,중부안전팀,1997-04-15,, 4 월,달서구 성당로35길 40 (성당동 70),627-5208,49,3.0,사용,미등록,대구광역시 달서구 성당로35길 40,35.851012694,128.569597814
791,40816,아니오,아니오,성인아파트,성당동성인아파트,개별난방,아니오,예,서부안전팀,2003-11-03,2006.0,11 월,달서구 대명천로 16 (성당동 208-2),651-1943,46,1.0,사용,등록,대구광역시 달서구 대명천로 16,35.839524218,128.557412648
792,40817,아니오,아니오,성당테마타운,성당테마아파트,개별난방,아니오,예,서부안전팀,2003-06-30,2006.0, 6 월,달서구 야외음악당로 45 (성당동 498-8),,18,1.0,사용,등록,대구광역시 달서구 야외음악당로 45,35.841207392,128.552690286
793,40818,예,아니오,미래파크뷰,,개별난방,아니오,예,,,,,달서구 장기로10길 27 (성당동 525-1),,18,1.0,사용,등록,대구광역시 달서구 장기로10길 27,35.844482873,128.555228524
794,41201,아니오,아니오,한신아파트,본리한신공영,개별난방,아니오,예,서부안전팀,1985-10-04,2004.0,10 월,달서구 와룡로14길 53 (본리동 341-3),526-9876,240,5.0,사용,등록,대구광역시 달서구 와룡로14길 53,35.837781908,128.540527356
795,41202,아니오,아니오,성당보성맨션,본리보성,개별난방,아니오,예,서부안전팀,1985-03-23,2004.0, 3 월,달서구 당산로 17 (본리동 1222),526-2837,210,3.0,사용,미등록,대구광역시 달서구 당산로 17,35.839035896,128.544586567
796,41203,아니오,아니오,성당우방아파트,본리우방,개별난방,아니오,예,서부안전팀,1985-03-11,2004.0, 3 월,달서구 구마로 171 (본리동 210-1),624-0211,130,3.0,사용,등록,대구광역시 달서구 구마로 171,35.837601767,128.546877609
797,41205,아니오,아니오,아카시아아파트,본리아카시아,개별난방,아니오,예,서부안전팀,1987-04-15,2004.0, 4 월,달서구 대명천로 153 (본리동 306-1),527-4913,330,5.0,사용,등록,대구광역시 달서구 대명천로 153,35.839168938,128.542165498
798,41208,아니오,아니오,본리아파트,본리아파트,개별난방,아니오,예,서부안전팀,1988-09-16,2005.0, 9 월,달서구 구마로11길 21 (본리동 665),,,,사용,등록,대구광역시 달서구 구마로11길 21,35.838489109,128.533401352
799,41209,아니오,아니오,태양아파트,본리태양,개별난방,아니오,아니오,서부안전팀,1988-10-17,2005.0,10 월,달서구 구마로11길 17 (본리동 665-1),,31,1.0,사용,등록,대구광역시 달서구 구마로11길 17,35.838315012,128.533509548
800,41210,아니오,아니오,구마아파트,본리구마,개별난방,아니오,아니오,서부안전팀,1989-02-27,, 2 월,달서구 대명천로51길 60 (본리동 646-1),,24,1.0,사용,등록,대구광역시 달서구 대명천로51길 60,35.839150816,128.533036421
801,41211,아니오,아니오,현대백조타운,본리백조,기타,아니오,예,서부안전팀,1989-03-13,2005.0, 3 월,달서구 용산로 40 (본리동 433),521-6253,670,14.0,사용,등록,대구광역시 달서구 용산로 40,35.841520187,128.532217021
802,41213,아니오,아니오,대일아파트,본리대일,개별난방,아니오,예,서부안전팀,1991-02-11,2006.0, 2 월,달서구 와룡로14길 20 (본리동 353-7),567-3537,,,사용,등록,대구광역시 달서구 와룡로14길 20,35.838125122,128.538577245
803,41214,아니오,아니오,대아아파트,본리대아,개별난방,아니오,예,서부안전팀,1992-02-25,2004.0, 2 월,달서구 구마로9길 38 (본리동 644-1),,44,2.0,사용,등록,대구광역시 달서구 구마로9길 38,35.839241421,128.53248187
804,41215,아니오,아니오,둥지빌라,본리둥지빌라,개별난방,아니오,아니오,서부안전팀,1992-09-21,, 9 월,달서구 와룡로14길 27-12 (본리동 355-2),,16,2.0,사용,등록,대구광역시 달서구 와룡로14길 27-12,,
805,41216,아니오,아니오,백조빌라,본리백조빌라,개별난방,아니오,아니오,서부안전팀,1994-04-26,, 4 월,달서구 구마로9길 42 (본리동 644),,16,2.0,사용,등록,대구광역시 달서구 구마로9길 42,35.839455642,128.532431865
806,41217,아니오,아니오,영원빌라,본리영원빌라,개별난방,아니오,아니오,서부안전팀,1996-02-10,, 2 월,달서구 대명천로51길 15 (본리동 444-1),,,,사용,등록,대구광역시 달서구 대명천로51길 15,35.841170656,128.533543375
807,41218,아니오,아니오,가람빌라,본리삼복(가람)빌라,개별난방,아니오,예,서부안전팀,1997-12-17,2006.0,12 월,달서구 구마로11길 47 (본리동 430-3),,8,1.0,사용,등록,대구광역시 달서구 구마로11길 47,35.839645547,128.533790812
808,41219,아니오,아니오,영생아파트,본리영생,개별난방,아니오,예,서부안전팀,1998-04-29,2004.0, 4 월,달서구 대명천로51길 70 (본리동 647-1),,,,사용,등록,대구광역시 달서구 대명천로51길 70,35.83869546,128.533027658
809,41220,아니오,아니오,우성아파트,본리우성아파트,개별난방,아니오,예,서부안전팀,1998-09-24,2004.0, 9 월,달서구 와룡로 108 (본리동 62-2),,,,사용,등록,대구광역시 달서구 와룡로 108,35.842324912,128.537582951
810,41221,아니오,아니오,세신하이빌,본리세신,개별난방,아니오,예,서부안전팀,2000-06-12,2006.0, 6 월,달서구 구마로11길 31 (본리동 649-4),,,,사용,등록,대구광역시 달서구 구마로11길 31,35.838942618,128.533789421
811,41222,예,아니오,본리신성오피스,,개별난방,아니오,예,,,,,달서구 대명천로45길 23 (본리동 389-3),,,,사용,미등록,대구광역시 달서구 대명천로45길 23,,
812,41223,아니오,아니오,본리월성아파트,본리월성,개별난방,아니오,아니오,서부안전팀,2000-12-26,,12 월,달서구 대명천로47길 42 (본리동 416),,,,사용,등록,대구광역시 달서구 대명천로47길 42,,
813,41224,아니오,아니오,태양골든타운,본리태양골든타운,개별난방,아니오,예,서부안전팀,2001-01-08,2004.0, 1 월,달서구 대명천로47길 38 (본리동 417-1),,,,사용,등록,대구광역시 달서구 대명천로47길 38,,
814,41225,아니오,아니오,센트로빌라,본리동로얄센트로,개별난방,아니오,예,서부안전팀,2001-11-26,2004.0,11 월,달서구 구마로21길 53 (본리동 369-2),,20,1.0,사용,등록,대구광역시 달서구 구마로21길 53,35.839965004,128.539129554
815,41226,예,아니오,그린아트빌,,개별난방,아니오,예,,,,,달서구 대명천로47길 14 (본리동 425-2),,,,사용,등록,대구광역시 달서구 대명천로47길 14,35.841207607,128.534442319
816,41227,예,아니오,트윈아크로파트,,개별난방,아니오,예,,,,,달서구 대명천로45길 42 (본리동 411),,18,1.0,사용,등록,대구광역시 달서구 대명천로45길 42,,
817,41228,예,아니오,본리상아센스빌,,개별난방,아니오,예,,,,,달서구 대명천로47길 11 (본리동 424-2),,,,사용,등록,대구광역시 달서구 대명천로47길 11,35.841344339,128.534892231
818,41229,아니오,아니오,본리드림뷰,본리한창아파트(드림뷰),개별난방,아니오,예,서부안전팀,2004-06-02,, 6 월,달서구 대명천로47길 22 (본리동 426-1),,,,사용,등록,대구광역시 달서구 대명천로47길 22,35.84090491,128.534424277
819,41290,아니오,아니오,대영아파트,본리대영나동,개별난방,아니오,예,서부안전팀,1990-06-14,2006.0, 6 월,달서구 와룡로14길 70 (본리동 351-2),,41,1.0,사용,등록,대구광역시 달서구 와룡로14길 70,35.838062129,128.540665189
820,41306,아니오,아니오,용산우방타운,용산우방,개별난방,아니오,예,서부안전팀,1997-06-03,2006.0, 6 월,달서구 용산로 174 (용산동 807),563-7716,334,4.0,사용,등록,대구광역시 달서구 용산로 174,35.853731693,128.531389366
821,41307,아니오,아니오,우방죽전타운,죽전우방,지역난방,아니오,예,서부안전팀,1997-08-02,2006.0, 8 월,달서구 용산로 160 (용산동 221),552-7388,792,8.0,사용,등록,대구광역시 달서구 용산로 160,35.849883897,128.531293317
822,41308,아니오,아니오,성서2차보성타운,성서보성2차,지역난방,아니오,예,서부안전팀,1997-10-09,2006.0,10 월,달서구 선원로 241 (용산동 501-2),582-5443,"1,012",7.0,사용,등록,대구광역시 달서구 선원로 241,35.859146748,128.520400794
823,41309,아니오,아니오,성서8주공아파트,성서주공8단지,지역난방,아니오,예,서부안전팀,1997-10-07,2006.0,10 월,달서구 성지로 42 (용산동 412-5),586-1309,693,9.0,사용,등록,대구광역시 달서구 성지로 42,35.852841657,128.520950202
824,41310,아니오,아니오,성서7주공아파트,성서주공7단지,지역난방,아니오,예,서부안전팀,1997-11-01,2006.0,11 월,달서구 성지로 12 (용산동 412-1),586-1308,794,11.0,사용,등록,대구광역시 달서구 성지로 12,35.852891983,128.51590146
825,41312,아니오,아니오,성서5주공아파트,성서주공5단지,지역난방,아니오,예,서부안전팀,1997-12-11,2006.0,12 월,달서구 선원남로 181 (용산동 419-5),586-1306,891,11.0,사용,등록,대구광역시 달서구 선원남로 181,35.85734535,128.520585939
826,41314,아니오,아니오,성서청구타운,성서청구2차,지역난방,아니오,예,서부안전팀,1997-12-11,2006.0,12 월,달서구 성지로 75 (용산동 416-5),586-7918,940,5.0,사용,등록,대구광역시 달서구 성지로 75,35.855471819,128.518822418
827,41316,아니오,아니오,성서2차영남우방타운,성서영남우방2차,지역난방,아니오,예,서부안전팀,1997-12-17,2006.0,12 월,달서구 이곡공원로 83 (용산동 416-1),586-6020,794,6.0,사용,등록,대구광역시 달서구 이곡공원로 83,35.856795303,128.516212263
828,41317,아니오,아니오,용산자용원,자용원,개별난방,아니오,예,서부안전팀,1998-03-13,2004.0, 3 월,달서구 달구벌대로301길 186 (용산동 855-1),564-1043,31,1.0,사용,미등록,대구광역시 달서구 달구벌대로301길 186,35.858223914,128.531608814
829,41319,아니오,아니오,용산1차서한화성타운아파트,용산1차서한화성,지역난방,아니오,예,서부안전팀,1998-10-22,2004.0,10 월,달서구 장산로 10 (용산동 955),521-9980,478,6.0,사용,등록,대구광역시 달서구 장산로 10,35.85434541,128.529244313
830,41320,아니오,아니오,용산영남타운,용산영남,지역난방,아니오,예,서부안전팀,1998-11-13,2004.0,11 월,달서구 용산로 266 (용산동 914),521-6697,352,3.0,사용,등록,대구광역시 달서구 용산로 266,35.860577203,128.532393258
831,41321,아니오,아니오,용산미진태왕아파트,용산미진,지역난방,아니오,예,서부안전팀,1998-11-12,2004.0,11 월,달서구 용산서로 21 (용산동 936),521-7078,544,6.0,사용,등록,대구광역시 달서구 용산서로 21,35.856194805,128.52762043
832,41322,아니오,아니오,용산동서우방타운아파트,용산동서우방,지역난방,아니오,예,서부안전팀,1998-11-18,2004.0,11 월,달서구 장산로 20 (용산동 956),521-0042,496,6.0,사용,등록,대구광역시 달서구 장산로 20,35.854374802,128.527653861
833,41323,아니오,아니오,용산2차서한화성아파트,용산2차서한화성,지역난방,아니오,예,서부안전팀,1999-02-22,2005.0, 2 월,달서구 용산큰못길 30 (용산동 919),521-9646,492,6.0,사용,등록,대구광역시 달서구 용산큰못길 30,35.860039444,128.52798403
834,41324,아니오,아니오,용산세광태왕2차아파트,용산태왕세광,지역난방,아니오,예,서부안전팀,1999-10-06,2005.0,10 월,달서구 용산서로 9 (용산동 935),283-2922,564,6.0,사용,등록,대구광역시 달서구 용산서로 9,35.856192299,128.529298655
835,41325,아니오,아니오,용산현대우방아파트,용산현대우방,지역난방,아니오,예,서부안전팀,1999-07-15,2005.0, 7 월,달서구 용산로 253 (용산동 918),,496,4.0,사용,등록,대구광역시 달서구 용산로 253,35.86002242,128.530009192
836,41326,아니오,아니오,용산2차우방타운,용산2차우방타운,지역난방,아니오,예,서부안전팀,1999-10-14,2005.0,10 월,달서구 용산서로 38 (용산동 928),522-3698,379,3.0,사용,등록,대구광역시 달서구 용산서로 38,35.857881672,128.526165041
837,41327,아니오,아니오,용산청구타운,용산청구,지역난방,아니오,예,서부안전팀,1999-08-11,2005.0, 8 월,달서구 용산서로 22 (용산동 929),521-3861,282,4.0,사용,등록,대구광역시 달서구 용산서로 22,35.858446166,128.527730755
838,41328,예,아니오,용산파크타운,,지역난방,아니오,예,,,,,달서구 용산로 259 (용산동 911),525-0141,802,10.0,사용,등록,대구광역시 달서구 용산로 259,35.860614272,128.528379941
839,41330,아니오,아니오,용산블루빌타운,용산청구블루빌,지역난방,아니오,예,서부안전팀,2000-05-23,2006.0, 5 월,달서구 용산로 254 (용산동 917),525-2494,584,6.0,사용,등록,대구광역시 달서구 용산로 254,35.859076059,128.532203576
840,41331,아니오,아니오,용산보성타운,용산보성타운,지역난방,아니오,예,서부안전팀,1999-11-19,2005.0,11 월,달서구 용산서로 37 (용산동 937),553-7164,345,4.0,사용,등록,대구광역시 달서구 용산서로 37,35.857320195,128.526757829
841,41332,예,아니오,죽전동우상가,,개별난방,아니오,예,,,,,달서구 죽전1길 98 (죽전동 219-1),,,,사용,등록,대구광역시 달서구 죽전1길 98,,
842,41333,예,아니오,유성아트빌,,개별난방,아니오,예,,,,,달서구 달구벌대로301길 10 (용산동 215-29),,,,사용,등록,대구광역시 달서구 달구벌대로301길 10,35.850242492,128.532339797
843,41334,예,아니오,용산모닝빌,,개별난방,아니오,예,,,,,달서구 달구벌대로301길 14-7 (용산동 211-1),,19,1.0,사용,등록,대구광역시 달서구 달구벌대로301길 14-7,35.850681641,128.532398128
844,41335,아니오,아니오,용산롯데캐슬그랜드,용산롯데캐슬아파트,지역난방,아니오,예,서부안전팀,2004-04-22,, 4 월,달서구 장산남로 33 (용산동 230-10),556-3888,"1,619",10.0,사용,등록,대구광역시 달서구 장산남로 33,35.850020129,128.526391908
845,41336,예,아니오,DRC오즈아파트,,개별난방,아니오,예,,,,,달서구 달구벌대로307길 11 (죽전동 270-24),,19,1.0,사용,등록,대구광역시 달서구 달구벌대로307길 11,35.850633743,128.534174406
846,41390,아니오,아니오,성서6주공아파트,성서주공6단지,지역난방,아니오,예,서부안전팀,1997-12-10,2006.0,12 월,달서구 성지로 35 (용산동 414-4),581-7631,"1,034",11.0,사용,등록,대구광역시 달서구 성지로 35,35.853992793,128.518958836
847,41391,예,아니오,성서6주공아파트,,지역난방,아니오,예,,,,,달서구 성지로 35 (용산동 414-4),581-0142,570,7.0,사용,등록,대구광역시 달서구 성지로 35,35.853992793,128.518958836
848,41392,아니오,아니오,성서보람타운,성서보람타운,지역난방,아니오,예,서부안전팀,1997-02-18,2006.0, 2 월,달서구 새동네로 34 (용산동 410-2),585-8842,918,8.0,사용,등록,대구광역시 달서구 새동네로 34,35.852222588,128.519764949
849,41393,아니오,아니오,한마음아파트,성서한마음타운,지역난방,아니오,예,서부안전팀,1998-06-15,2004.0, 6 월,달서구 선원남로 151 (용산동 419-1),586-1724,996,6.0,사용,등록,대구광역시 달서구 선원남로 151,35.857406976,128.516190238
850,41394,아니오,아니오,평화타운,용산협화동화평광,개별난방,아니오,예,서부안전팀,1994-10-26,2006.0,10 월,달서구 성서동로 350 (용산동 905),584-0718,579,6.0,사용,등록,대구광역시 달서구 성서동로 350,35.85113354,128.516437691
851,41401,아니오,아니오,성서우방타운,이곡성서우방,개별난방,아니오,예,서부안전팀,1994-07-22,2006.0, 7 월,달서구 계대동문로 123 (이곡동 1192),582-7947,765,6.0,사용,등록,대구광역시 달서구 계대동문로 123,35.855796747,128.505381497
852,41402,아니오,아니오,성서청남타운,이곡청남,개별난방,아니오,예,서부안전팀,1994-08-18,2006.0, 8 월,달서구 성서서로 330 (이곡동 1194),581-2635,616,6.0,사용,등록,대구광역시 달서구 성서서로 330,35.855214999,128.500559956
853,41403,아니오,아니오,성서와룡타운,이곡와룡,개별난방,아니오,예,서부안전팀,1994-06-03,2006.0, 6 월,달서구 이곡동로 32 (이곡동 1256),582-8815,630,6.0,사용,등록,대구광역시 달서구 이곡동로 32,35.853775776,128.511353407
854,41411,아니오,아니오,성서4주공아파트,성서주공4단지,지역난방,아니오,예,서부안전팀,1996-11-13,2005.0,11 월,달서구 성서동로 355-27 (이곡동 1258-3),584-5493,570,6.0,사용,등록,대구광역시 달서구 성서동로 355-27,35.852381621,128.511898597
855,41412,아니오,아니오,성서3차보성타운,보성빌라(성서3차보성타운),지역난방,아니오,예,서부안전팀,1997-05-12,2006.0, 5 월,달서구 이곡서로 35 (이곡동 1212),585-5522,40,3.0,사용,등록,대구광역시 달서구 이곡서로 35,35.853962415,128.503277867
856,41413,아니오,아니오,성서2차서한타운,성서2차서한타운,지역난방,아니오,예,서부안전팀,1997-08-21,2006.0, 8 월,달서구 선원로 122 (이곡동 1308-1),585-9980,714,6.0,사용,등록,대구광역시 달서구 선원로 122,35.857609351,128.505029726
857,41414,아니오,아니오,성서영남우방타운,성서영남우방1차,지역난방,아니오,예,서부안전팀,1997-11-04,2006.0,11 월,달서구 성지로 11 (용산동 414-1),582-7390,836,4.0,사용,등록,대구광역시 달서구 성지로 11,35.854110154,128.516138968
858,41417,아니오,아니오,성서2차화성타운,성서2차화성타운,지역난방,아니오,예,서부안전팀,1997-11-25,2006.0,11 월,달서구 성서동로 355-20 (이곡동 1300-1),581-4940,365,4.0,사용,등록,대구광역시 달서구 성서동로 355-20,35.853152702,128.51365292
859,41419,아니오,아니오,성서동서화성타운,성서2차동서화성타운,지역난방,아니오,예,서부안전팀,1997-11-28,2006.0,11 월,달서구 이곡공원로 33 (이곡동 1304-1),586-6574,"1,256",8.0,사용,등록,대구광역시 달서구 이곡공원로 33,35.855716249,128.510634828
860,41421,아니오,아니오,성서푸른마을,성서푸른마을,지역난방,아니오,예,서부안전팀,1997-11-24,2006.0,11 월,달서구 선원로 137 (이곡동 1330),585-4771,672,6.0,사용,등록,대구광역시 달서구 선원로 137,35.859604911,128.510666417
861,41422,아니오,아니오,성서무지개타운,성서무지개,지역난방,아니오,예,서부안전팀,1997-12-04,2006.0,12 월,달서구 선원로 171 (이곡동 1332),586-3646,574,4.0,사용,등록,대구광역시 달서구 선원로 171,35.860940856,128.512122456
862,41423,아니오,아니오,성서3차동서타운,성서동서3차,지역난방,아니오,예,서부안전팀,1998-01-16,2004.0, 1 월,달서구 이곡공원로 49 (이곡동 1304-5),586-7471,294,2.0,사용,등록,대구광역시 달서구 이곡공원로 49,35.856127586,128.514122742
863,41424,아니오,아니오,한빛마을,이곡한빛마을,지역난방,아니오,예,서부안전팀,1998-03-19,, 3 월,달서구 선원남로 99 (이곡동 1306-4),586-1536,"1,461",17.0,사용,등록,대구광역시 달서구 선원남로 99,35.85750288,128.511719408
864,41425,아니오,아니오,이곡굿텔,굿텔,개별난방,아니오,예,서부안전팀,2002-11-02,2005.0,11 월,달서구 이곡서로5길 34 (이곡동 575-1),,46,1.0,사용,등록,대구광역시 달서구 이곡서로5길 34,35.852720613,128.504124057
865,41426,예,아니오,초원그랜드빌,,개별난방,아니오,예,,,,,달서구 선원로23북길 51-15 (이곡동 278-1),,,,사용,등록,대구광역시 달서구 선원로23북길 51-15,35.860676221,128.502066416
866,41490,아니오,아니오,성서동서서한아파트,이곡동서서한,개별난방,아니오,예,서부안전팀,1994-10-05,2006.0,10 월,달서구 선원로 100 (이곡동 1189-2),581-4885,974,7.0,사용,등록,대구광역시 달서구 선원로 100,35.858702194,128.503947741
867,41491,아니오,아니오,성서보성화성타운,이곡보성화성,개별난방,아니오,예,서부안전팀,1994-10-06,2006.0,10 월,달서구 계대동문로 99 (이곡동 1191),,"1,240",9.0,사용,등록,대구광역시 달서구 계대동문로 99,35.855661685,128.504116977
868,41492,아니오,아니오,성서대백창신한라맨션,이곡한라창신대백,개별난방,아니오,예,서부안전팀,1994-08-23,2006.0, 8 월,달서구 성서서로 316 (이곡동 1194-2),581-7867,876,6.0,사용,등록,대구광역시 달서구 성서서로 316,35.852688569,128.501209475
869,41493,아니오,아니오,한샘아파트,성서한샘타운,지역난방,아니오,예,서부안전팀,1997-11-10,2006.0,11 월,달서구 선원남로 77 (이곡동 1306-1),585-3955,"1,026",6.0,사용,등록,대구광역시 달서구 선원남로 77,35.857593505,128.50823528
870,41502,아니오,아니오,성창아파트,감삼성창,개별난방,아니오,예,서부안전팀,1989-05-25,2005.0, 5 월,달서구 당산로41서길 13 (감삼동 50-4),,48,2.0,사용,등록,대구광역시 달서구 당산로41서길 13,35.854260019,128.543764519
871,41503,아니오,아니오,죽전아파트,감삼죽전,개별난방,아니오,예,서부안전팀,1989-11-27,2005.0,11 월,달서구 달구벌대로329안길 47 (감삼동 65-6),,,,사용,등록,대구광역시 달서구 달구벌대로329안길 47,35.853061483,128.543360971
872,41504,아니오,아니오,일광아파트,감삼일광,개별난방,아니오,예,서부안전팀,1990-07-03,2006.0, 7 월,달서구 죽전길 72 (감삼동 39-4),566-7683,,,사용,등록,대구광역시 달서구 죽전길 72,35.854948392,128.540518696
873,41505,아니오,아니오,유성연립,감삼유성연립,개별난방,아니오,아니오,서부안전팀,1990-07-24,, 7 월,달서구 당산로45길 91 (감삼동 35-2),,24,2.0,사용,등록,대구광역시 달서구 당산로45길 91,35.855458013,128.54254653
874,41506,아니오,아니오,삼성아파트,감삼삼성,개별난방,아니오,예,서부안전팀,1990-07-03,2006.0, 7 월,달서구 죽전길 78 (감삼동 39-1),566-7683,,,사용,등록,대구광역시 달서구 죽전길 78,35.85517159,128.540518562
875,41507,아니오,아니오,감삼우일아파트,감삼우일,개별난방,아니오,예,서부안전팀,1990-07-24,2006.0, 7 월,달서구 달구벌대로329길 39 (감삼동 55-1),563-6488,45,3.0,사용,등록,대구광역시 달서구 달구벌대로329길 39,35.855233883,128.545270958
876,41508,아니오,아니오,감삼보성청실아파트,감삼보성청실,개별난방,아니오,예,서부안전팀,1986-09-16,2004.0, 9 월,달서구 달구벌대로323길 39 (감삼동 40-1),554-2207,135,3.0,사용,등록,대구광역시 달서구 달구벌대로323길 39,35.854077621,128.541530641
877,41509,아니오,아니오,대운아파트,감삼대운,개별난방,아니오,예,서부안전팀,1991-07-31,2006.0, 7 월,달서구 당산로41서길 3 (감삼동 49-4),,77,2.0,사용,등록,대구광역시 달서구 당산로41서길 3,35.854021383,128.543769596
878,41510,아니오,아니오,일신아파트,"감삼일신11,15동",개별난방,아니오,예,서부안전팀,1990-10-16,2006.0,10 월,달서구 당산로45길 61 (감삼동 33-1),,48,1.0,사용,등록,대구광역시 달서구 당산로45길 61,35.855688621,128.54395754
879,41511,아니오,아니오,감삼청구타운,감삼청구,기타,아니오,예,서부안전팀,1994-11-18,2006.0,11 월,달서구 달구벌대로304길 51 (감삼동 553),556-6466,153,2.0,사용,등록,대구광역시 달서구 달구벌대로304길 51,,
880,41512,아니오,아니오,감삼우방맨션,감삼우방,개별난방,아니오,예,서부안전팀,1997-10-31,2006.0,10 월,달서구 당산로 187 (감삼동 105-2),564-5200,120,1.0,사용,등록,대구광역시 달서구 당산로 187,35.853467408,128.548172657
881,41513,아니오,아니오,대운연립주택,감삼대운연립,개별난방,아니오,예,서부안전팀,1999-07-19,2005.0, 7 월,달서구 당산로41길 77 (감삼동 66-4),,24,2.0,사용,등록,대구광역시 달서구 당산로41길 77,35.853523582,128.543735748
882,41514,예,아니오,감삼아랑원룸,,개별난방,아니오,예,,,,,달서구 감삼남1길 5 (감삼동 168-13),,,,사용,등록,대구광역시 달서구 감삼남1길 5,35.847944286,128.539108275
883,41515,아니오,예,,코리아팔레스,개별난방,아니오,예,서부안전팀,2001-12-07,2004.0,12 월,달서구 감삼북길 91-9 (감삼동 129-1),,32,4.0,사용,,대구광역시 달서구 감삼북길 91-9,35.85158596,128.543950253
884,41516,아니오,아니오,우방드림시티,우방드림시티,지역난방,아니오,예,서부안전팀,2002-12-10,2005.0,12 월,달서구 장기로 242 (감삼동 521),522-0501,"2,160",17.0,사용,등록,대구광역시 달서구 장기로 242,35.844407399,128.533421303
885,41517,아니오,아니오,감삼가든아파트,SK빌리지아파트(가든아파트),개별난방,아니오,예,서부안전팀,2002-11-21,2005.0,11 월,달서구 감삼길 107 (감삼동 131-2),521-3101,85,3.0,사용,등록,대구광역시 달서구 감삼길 107,35.849923452,128.543948936
886,41518,예,아니오,감삼용궁아파트,,개별난방,아니오,예,,,,,달서구 감삼2길 7-7 (감삼동 147-12),,18,1.0,사용,등록,대구광역시 달서구 감삼2길 7-7,35.849975027,128.540592903
887,41519,예,아니오,감삼그랜드뷰APT,,개별난방,아니오,예,,,,,달서구 감삼길 19 (감삼동 146-36),,18,1.0,사용,등록,대구광역시 달서구 감삼길 19,35.850137805,128.538979263
888,41520,예,아니오,감삼명가타운,,개별난방,아니오,예,,,,,달서구 당산로21길 46 (감삼동 201-2),,,,사용,등록,대구광역시 달서구 당산로21길 46,35.847329021,128.542531727
889,41521,아니오,아니오,감삼아파트,감삼맨션,개별난방,아니오,예,서부안전팀,2004-11-26,,11 월,달서구 달구벌대로332길 78 (감삼동 118-2),,47,2.0,사용,등록,대구광역시 달서구 달구벌대로332길 78,35.850839818,128.546306051
890,41601,아니오,아니오,죽전대림아파트,죽전대림,개별난방,아니오,예,서부안전팀,2000-09-04,2006.0, 9 월,달서구 죽전1길 19 (죽전동 279-5),,,,사용,등록,대구광역시 달서구 죽전1길 19,35.851797274,128.539927692
891,41602,아니오,아니오,동화로즈빌,죽전동화로즈빌,개별난방,아니오,예,서부안전팀,2001-03-30,2004.0, 3 월,달서구 죽전1길 82 (죽전동 251),525-0693,348,3.0,사용,등록,대구광역시 달서구 죽전1길 82,35.853412112,128.539065307
892,41603,예,아니오,하나로프린스빌,,개별난방,아니오,예,,,,,달서구 달구벌대로305길 10 (죽전동 270-31),,,,사용,등록,대구광역시 달서구 달구벌대로305길 10,35.850376845,128.533991057
893,41604,아니오,아니오,대구죽전그린빌아파트,죽전주공아파트,지역난방,아니오,예,서부안전팀,2003-04-22,2006.0, 4 월,달서구 와룡로53길 40 (죽전동 368),521-1743,494,9.0,사용,등록,대구광역시 달서구 와룡로53길 40,35.857004448,128.536084609
894,41605,아니오,아니오,군인아파트,죽전아파트,개별난방,아니오,예,서부안전팀,2005-09-22,, 9 월,달서구 와룡로51길 41 (죽전동 399),,30,1.0,사용,미등록,대구광역시 달서구 와룡로51길 41,35.855257013,128.5349653
895,41606,예,아니오,죽전신용명가타운,,개별난방,아니오,예,,,,,달서구 와룡로43길 36-6 (죽전동 260-38),,17,1.0,사용,미등록,대구광역시 달서구 와룡로43길 36-6,35.852232926,128.535276409
896,41801,아니오,아니오,금강아파트,장기금강,개별난방,아니오,예,서부안전팀,1993-09-01,2005.0, 9 월,달서구 장기로 227 (장기동 539-2),,,,사용,등록,대구광역시 달서구 장기로 227,,
897,41802,아니오,아니오,장기궁전,장기궁전,개별난방,아니오,예,서부안전팀,1993-09-01,2005.0, 9 월,달서구 용산로14길 75 (장기동 540-2),,29,1.0,사용,미등록,대구광역시 달서구 용산로14길 75,,
898,41803,아니오,아니오,장기초록나라,장기초록나라,지역난방,아니오,예,서부안전팀,2000-06-08,2006.0, 6 월,달서구 한들로 55 (장기동 813-1),053-522-4070,976,12.0,사용,등록,대구광역시 달서구 한들로 55,35.846405876,128.528155477
899,41804,아니오,아니오,장기파랑새마을,장기파랑새마을,지역난방,아니오,예,서부안전팀,2000-06-22,2006.0, 6 월,달서구 한들로 70 (장기동 814-1),054-525-0730,"1,216",13.0,사용,등록,대구광역시 달서구 한들로 70,35.843864824,128.528113264
900,41805,아니오,아니오,장기누림타운,장기누림타운,지역난방,아니오,예,서부안전팀,2002-08-05,2005.0, 8 월,달서구 한들로 31 (장기동 812),573-0812,356,4.0,사용,등록,대구광역시 달서구 한들로 31,35.847076478,128.528798853
901,41806,예,아니오,태영타운,,개별난방,아니오,예,,,,,달서구 용산로14길 53 (장기동 554-6),,,,사용,등록,대구광역시 달서구 용산로14길 53,35.843135185,128.533840694
902,41807,아니오,아니오,영남네오빌파크,장기영남네오빌파크,지역난방,아니오,예,서부안전팀,2004-04-03,, 4 월,달서구 한들로 36 (장기동 809),526-9920,836,7.0,사용,등록,대구광역시 달서구 한들로 36,35.846994201,128.527226898
903,41808,아니오,아니오,장기주공아파트,장기임대아파트,지역난방,아니오,예,서부안전팀,2005-01-31,, 1 월,달서구 용산로 88 (장기동 515),561-1214,705,5.0,사용,등록,대구광역시 달서구 용산로 88,35.84521306,128.531112489
904,41809,아니오,아니오,영남네오빌비스타,장기영남네오빌비스타,개별난방,아니오,예,서부안전팀,2004-12-29,,12 월,달서구 대명천로 250 (장기동 551),526-9920,272,2.0,사용,등록,대구광역시 달서구 대명천로 250,35.842283791,128.532632843
905,42001,아니오,아니오,성서주공1단지아파트,성서주공1단지,지역난방,아니오,예,서부안전팀,1995-04-18,2004.0, 4 월,달서구 신당로 56 (신당동 1844),581-7150,"1,877",13.0,사용,등록,대구광역시 달서구 신당로 56,35.852462097,128.495741587
906,42002,예,아니오,성서주공2단지아파트,,지역난방,아니오,예,,,,,달서구 신당로 55 (신당동 1846),583-5175,"1,412",10.0,사용,등록,대구광역시 달서구 신당로 55,35.854169171,128.498696107
907,42003,예,아니오,성서주공3단지아파트,,지역난방,아니오,예,,,,,달서구 신당로 55 (신당동 1846),582-4088,835,5.0,사용,등록,대구광역시 달서구 신당로 55,35.854169171,128.498696107
908,42004,아니오,아니오,신당한화꿈에그린아파트,성서한화꿈에그린아파트,개별난방,아니오,예,서부안전팀,2005-08-02,, 8 월,달서구 달서대로 719 (신당동 682-30),592-8525,833,10.0,사용,등록,대구광역시 달서구 달서대로 719,35.863455147,128.49097389
909,42201,아니오,아니오,성서삼성명가타운,파호삼성명가타운,지역난방,아니오,예,서부안전팀,2000-01-07,2006.0, 1 월,달서구 호산로 125 (파호동 89),585-0385,"1,999",21.0,사용,등록,대구광역시 달서구 호산로 125,35.851228644,128.476462717
910,42301,아니오,아니오,삼성한국형아파트,성서삼성한국형,지역난방,아니오,예,서부안전팀,1999-10-08,2005.0,10 월,달서구 호산로 126 (호산동 350),588-5185,"1,709",18.0,사용,등록,대구광역시 달서구 호산로 126,35.850356233,128.479355615
911,43101,아니오,아니오,대곡역청구아파트,대곡청구,개별난방,아니오,예,서부안전팀,1992-08-12,2004.0, 8 월,달서구 상화로8길 26 (대곡동 77),636-4603,407,3.0,사용,등록,대구광역시 달서구 상화로8길 26,35.808750913,128.516424763
912,43102,예,아니오,금강1차아파트,,지역난방,아니오,예,,,,,달서구 비슬로540길 38 (대곡동 4-1),631-6407,310,3.0,사용,등록,대구광역시 달서구 비슬로540길 38,35.807201749,128.511045528
913,43103,아니오,아니오,대곡우방타운,대곡우방,지역난방,아니오,예,서부안전팀,1994-04-11,2006.0, 4 월,달서구 비슬로538길 22 (대곡동 2-1),641-1467,432,4.0,사용,등록,대구광역시 달서구 비슬로538길 22,35.806499718,128.509506609
914,43104,아니오,아니오,대곡역동화타운,대곡동화,개별난방,아니오,예,서부안전팀,1995-01-16,2004.0, 1 월,달서구 상화로 24 (대곡동 66),642-4791,268,2.0,사용,등록,대구광역시 달서구 상화로 24,35.809584327,128.516766331
915,43105,아니오,아니오,대영빌라,대곡대영빌라,개별난방,아니오,예,서부안전팀,1996-12-18,2005.0,12 월,달서구 명천로 5-1 (대곡동 48),636-7530,8,1.0,사용,등록,대구광역시 달서구 명천로 5-1,35.808912043,128.513002586
916,43106,아니오,아니오,수목원삼성래미안,대곡삼성래미안1차,개별난방,아니오,예,서부안전팀,2000-10-17,2006.0,10 월,달서구 상화로8길 23 (대곡동 1012),641-3318,767,8.0,사용,등록,대구광역시 달서구 상화로8길 23,35.806435299,128.518456822
917,43107,아니오,아니오,삼성래미안2차아파트,대곡삼성래미안2차,개별난방,아니오,예,서부안전팀,2001-07-10,2004.0, 7 월,달서구 상화로 86 (대곡동 1028),644-3335,317,4.0,사용,등록,대구광역시 달서구 상화로 86,35.807182004,128.522613648
918,43108,예,아니오,장원트윈빌한솔동,,개별난방,아니오,예,,,,,달서구 화암로 372 (대곡동 1023-3),,18,1.0,사용,등록,대구광역시 달서구 화암로 372,35.806601772,128.521010026
919,43109,아니오,아니오,대곡이오스,대곡이오스아파트,개별난방,아니오,예,서부안전팀,2003-04-03,2006.0, 4 월,달서구 비슬로550길 38 (대곡동 58),643-0019,201,3.0,사용,등록,대구광역시 달서구 비슬로550길 38,35.808731669,128.515288319
920,43110,아니오,아니오,대곡청구제네스,대곡청구제네스,개별난방,아니오,예,서부안전팀,2004-04-19,, 4 월,달서구 상화로 90 (대곡동 1031),642-6371,275,2.0,사용,등록,대구광역시 달서구 상화로 90,35.80746216,128.524678743
921,43111,아니오,아니오,대곡한라하우젠트,한라가우디움아파트,개별난방,아니오,예,서부안전팀,2004-12-15,,12 월,달서구 비슬로 2724 (대곡동 46),,298,2.0,사용,등록,대구광역시 달서구 비슬로 2724,35.809366646,128.51312942
922,43301,아니오,아니오,성창리젠시,리젠시아파트,개별난방,아니오,예,서부안전팀,2004-01-08,, 1 월,달서구 진천로18길 59 (대천동 570-12),,,,사용,등록,대구광역시 달서구 진천로18길 59,35.818001453,128.525794146
923,43401,아니오,아니오,청구그린맨션1차아파트,송현청구그린1차,지역난방,아니오,예,서부안전팀,1985-07-01,2004.0, 7 월,달서구 구마로40길 21 (송현동 50),624-0738,648,8.0,사용,등록,대구광역시 달서구 구마로40길 21,35.836789924,128.549382097
924,43402,아니오,아니오,동서송현해맞이아파트,송현동서해맞이,개별난방,아니오,예,서부안전팀,1987-06-12,2004.0, 6 월,달서구 월배로 420 (송현동 209),625-1711,250,5.0,사용,등록,대구광역시 달서구 월배로 420,35.830918532,128.55280731
925,43403,아니오,아니오,장관빌라,송현장관빌라,개별난방,아니오,예,서부안전팀,1988-02-06,2005.0, 2 월,달서구 중흥로 68 (송현동 1991),622-3009,172,7.0,사용,등록,대구광역시 달서구 중흥로 68,35.828280445,128.557506193
926,43404,예,아니오,송현달서(75),,개별난방,아니오,예,,,,,달서구 구마로52안길 57 (송현동 110),652-5802,,,사용,미등록,대구광역시 달서구 구마로52안길 57,35.834159929,128.550489891
927,43405,아니오,아니오,월성아파트,송현월성,개별난방,아니오,예,서부안전팀,1988-12-28,2005.0,12 월,달서구 송현로16길 43 (송현동 1911),623-1719,366,7.0,사용,등록,대구광역시 달서구 송현로16길 43,35.825365701,128.544740794
928,43406,아니오,아니오,창원아파트,송현창원,개별난방,아니오,예,서부안전팀,1989-05-23,2005.0, 5 월,달서구 월배로93길 53 (송현동 120-2),,45,1.0,사용,등록,대구광역시 달서구 월배로93길 53,35.834812473,128.552185713
929,43407,아니오,아니오,송림아파트,송현송림,개별난방,아니오,예,서부안전팀,1989-05-23,2005.0, 5 월,달서구 학산로50길 18-6 (송현동 156-3),,,,사용,등록,대구광역시 달서구 학산로50길 18-6,35.83329248,128.552211851
930,43408,아니오,아니오,광명아파트,송현서부광명,개별난방,아니오,예,서부안전팀,1989-06-28,2005.0, 6 월,달서구 구마로52길 59 (송현동 137-1),,50,2.0,사용,등록,대구광역시 달서구 구마로52길 59,35.834593146,128.554816635
931,43409,아니오,아니오,삼광아파트,송현삼광,개별난방,아니오,예,서부안전팀,1990-09-28,2006.0, 9 월,달서구 학산로47길 14 (송현동 124),,,,사용,등록,대구광역시 달서구 학산로47길 14,35.834543493,128.551734366
932,43410,아니오,아니오,금성아파트,송현금성,개별난방,아니오,예,서부안전팀,1990-08-28,2006.0, 8 월,달서구 학산로 220 (송현동 161),,,,사용,등록,대구광역시 달서구 학산로 220,35.833620665,128.550425917
933,43411,아니오,아니오,송남시장송남연립주택,송현송남시장연립,개별난방,아니오,예,서부안전팀,1992-09-08,2004.0, 9 월,달서구 앞산순환로55길 68 (송현동 1995-3),,,,사용,등록,대구광역시 달서구 앞산순환로55길 68,35.828992637,128.555427123
934,43412,아니오,아니오,송현우방맨션,송현우방,개별난방,아니오,예,서부안전팀,1992-11-10,2004.0,11 월,달서구 송현로 103 (송현동 1029-1),631-9855,177,2.0,사용,등록,대구광역시 달서구 송현로 103,35.826446241,128.543651694
935,43413,아니오,아니오,송현아파트,송현아파트,개별난방,아니오,예,서부안전팀,1993-09-16,2005.0, 9 월,달서구 송현로 161 (송현동 592),,80,3.0,사용,등록,대구광역시 달서구 송현로 161,35.831357034,128.544149935
936,43414,예,아니오,중앙명문빌라,,개별난방,아니오,예,,,,,달서구 송현동1길 61 (송현동 1926-26),,8,1.0,사용,등록,대구광역시 달서구 송현동1길 61,35.828278976,128.547749396
937,43415,아니오,아니오,영광빌라,송현명문빌라,개별난방,아니오,아니오,서부안전팀,1994-04-06,, 4 월,달서구 월배로65안길 77 (송현동 1926-27),,8,1.0,사용,등록,대구광역시 달서구 월배로65안길 77,35.828206756,128.548060995
938,43416,아니오,아니오,송현제림아파트,송현제림,개별난방,아니오,예,서부안전팀,1997-04-24,2006.0, 4 월,달서구 구마로52안길 57 (송현동 110),621-5905,222,1.0,사용,등록,대구광역시 달서구 구마로52안길 57,35.834159929,128.550489891
939,43417,아니오,아니오,우방송현하이츠,송현우방하이츠,개별난방,아니오,예,서부안전팀,1999-12-15,2005.0,12 월,달서구 학산남로 90 (송현동 906),644-3116,834,10.0,사용,등록,대구광역시 달서구 학산남로 90,35.825481453,128.543427046
940,43418,아니오,아니오,영신아파트,송현영신,개별난방,아니오,예,서부안전팀,1999-12-29,2005.0,12 월,달서구 월배로88길 28 (송현동 2002-6),,,,사용,등록,대구광역시 달서구 월배로88길 28,35.83130981,128.55400701
941,43419,아니오,아니오,송현파크맨션,송현파크맨션,개별난방,아니오,예,서부안전팀,2000-04-04,2006.0, 4 월,달서구 월배로73길 9 (송현동 1920-7),,,,사용,등록,대구광역시 달서구 월배로73길 9,35.827527822,128.547891784
942,43420,예,아니오,송현성한연립,,개별난방,아니오,예,,,,,달서구 중흥로 40 (송현동 2005-4),,,,사용,등록,대구광역시 달서구 중흥로 40,35.830339459,128.556284203
943,43421,예,아니오,코리아아파트,,개별난방,아니오,예,,,,,달서구 송현로 72 (송현동 1914-14),,,,사용,등록,대구광역시 달서구 송현로 72,35.824139468,128.5450091
944,43422,아니오,아니오,앞산청구제네스,앞산청구제네스,개별난방,아니오,예,서부안전팀,2002-10-18,2005.0,10 월,달서구 월배로 340 (송현동 1943),651-8771,414,5.0,사용,등록,대구광역시 달서구 월배로 340,35.8256435,128.547550693
945,43423,예,아니오,성한아파트,,개별난방,아니오,예,,,,,달서구 송현로25길 74 (송현동 593-1),,19,4.0,사용,등록,대구광역시 달서구 송현로25길 74,35.832040604,128.543967372
946,43424,예,아니오,클래식타운,,개별난방,아니오,예,,,,,달서구 월배로69길 19 (송현동 1918),,,,사용,등록,대구광역시 달서구 월배로69길 19,35.826838873,128.546644284
947,43425,예,아니오,송현리치타운,,개별난방,아니오,예,,,,,달서구 송현로10길 9 (송현동 1945-16),,,,사용,등록,대구광역시 달서구 송현로10길 9,35.823055167,128.547445119
948,43426,예,아니오,송현광림타운,,개별난방,아니오,예,,,,,달서구 월배로85길 34 (송현동 162-2),,,,사용,등록,대구광역시 달서구 월배로85길 34,35.833317,128.551113609
949,43427,아니오,아니오,화정리치타운,화정아파트(리치),개별난방,아니오,예,서부안전팀,2003-05-19,2006.0, 5 월,달서구 송현로 103-8 (송현동 981-1),,36,1.0,사용,등록,대구광역시 달서구 송현로 103-8,35.826563209,128.542869984
950,43428,아니오,아니오,명가아파트,송현동명가예찬아파트,개별난방,아니오,예,서부안전팀,2003-11-17,2006.0,11 월,달서구 월배로 403 (송현동 187-5),,30,1.0,사용,등록,대구광역시 달서구 월배로 403,35.830487159,128.55086096
951,43501,아니오,아니오,그린맨션2차아파트,본동청구그린2차,지역난방,아니오,예,서부안전팀,1986-07-14,2004.0, 7 월,달서구 구마로36길 20 (본동 247),626-4589,672,8.0,사용,등록,대구광역시 달서구 구마로36길 20,35.836632051,128.544926652
952,43502,아니오,아니오,그린맨션3차아파트,본동청구그린3차,지역난방,아니오,예,서부안전팀,1988-12-07,2005.0,12 월,달서구 구마로36길 33 (본동 276),653-4282,822,10.0,사용,등록,대구광역시 달서구 구마로36길 33,35.836182407,128.54730879
953,43503,아니오,아니오,새동산아파트,본리새동산,개별난방,아니오,예,서부안전팀,1990-08-30,2006.0, 8 월,달서구 구마로12길 19 (본동 740-1),,70,3.0,사용,등록,대구광역시 달서구 구마로12길 19,35.836201929,128.534177334
954,43504,아니오,아니오,유림아파트,본동유림,개별난방,아니오,아니오,서부안전팀,1990-10-30,,10 월,달서구 와룡로10길 48 (본동 781),,,,사용,등록,대구광역시 달서구 와룡로10길 48,35.836425775,128.539748641
955,43505,아니오,아니오,청원아파트,본동청원,개별난방,아니오,예,서부안전팀,1990-10-16,2006.0,10 월,달서구 구마로 140 (본동 821-4),,20,1.0,사용,등록,대구광역시 달서구 구마로 140,35.836889631,128.542717378
956,43507,아니오,아니오,본동주공임대아파트,본동주공(영구임대),중앙난방(기름),아니오,예,서부안전팀,1992-11-06,2004.0,11 월,달서구 송현로 113 (송현동 977-2),641-7551,"1,234",8.0,사용,등록,대구광역시 달서구 송현로 113,35.827702674,128.543564267
957,43508,아니오,아니오,한우아파트,본동한우,개별난방,아니오,예,서부안전팀,1993-06-17,2005.0, 6 월,달서구 와룡로9길 59 (본동 712),526-8309,176,2.0,사용,등록,대구광역시 달서구 와룡로9길 59,35.836482874,128.532987497
958,43509,아니오,아니오,본동효성원룸빌라,본동효성빌라,개별난방,아니오,아니오,서부안전팀,1995-05-31,2004.0, 5 월,달서구 학산로7안길 59-12 (본동 599-10),,,,사용,등록,대구광역시 달서구 학산로7안길 59-12,35.835737787,128.529167872
959,43510,아니오,아니오,한솔테크노빌라,본동한솔테크노빌,개별난방,아니오,예,서부안전팀,1996-12-20,2005.0,12 월,달서구 구마로14남길 40 (본동 718-1),,,,사용,등록,대구광역시 달서구 구마로14남길 40,35.835645737,128.533077392
960,43511,아니오,아니오,대동아파트,본동대동,개별난방,아니오,예,서부안전팀,1999-05-26,2005.0, 5 월,달서구 구마로14길 81 (본동 943-2),,,,사용,등록,대구광역시 달서구 구마로14길 81,35.833906271,128.536034297
961,43512,아니오,아니오,본동신영아파트,본동신영,개별난방,아니오,아니오,서부안전팀,2000-12-22,,12 월,달서구 구마로12길 43 (본동 905),,,,사용,등록,대구광역시 달서구 구마로12길 43,35.835167559,128.534014915
962,43513,예,아니오,창현아이빌,,개별난방,아니오,예,,,,,달서구 구마로14남길 7 (본동 902),,16,1.0,사용,등록,대구광역시 달서구 구마로14남길 7,35.835400274,128.534731894
963,43514,예,아니오,장목아트빌,,개별난방,아니오,예,,,,,달서구 학산로19길 74 (본동 890),,,,사용,등록,대구광역시 달서구 학산로19길 74,,
964,43515,예,아니오,명성로즈빌,,개별난방,아니오,예,,,,,달서구 와룡로10길 43 (본동 779),,,,사용,등록,대구광역시 달서구 와룡로10길 43,35.836724629,128.539521031
965,43516,아니오,아니오,화정리치빌,화정리치빌,개별난방,아니오,예,서부안전팀,2002-07-22,2005.0, 7 월,달서구 와룡로9길 96 (본동 682-2),,,,사용,등록,대구광역시 달서구 와룡로9길 96,35.836707728,128.531384152
966,43517,예,아니오,앤타레스빌,,개별난방,아니오,예,,,,,달서구 와룡로9길 74 (본동 688-3),,,,사용,등록,대구광역시 달서구 와룡로9길 74,35.836768204,128.532622002
967,43518,예,아니오,정오드림타운,,개별난방,아니오,예,,,,,달서구 학산로25길 27 (본동 799),,20,1.0,사용,등록,대구광역시 달서구 학산로25길 27,35.835043178,128.54045236
968,43519,아니오,아니오,본동디오빌,본동진호디오빌,개별난방,아니오,예,서부안전팀,2002-12-02,2005.0,12 월,달서구 학산로19길 72 (본동 891-1),,16,1.0,사용,등록,대구광역시 달서구 학산로19길 72,,
969,43520,예,아니오,목화미르하이츠,,개별난방,아니오,예,,,,,달서구 와룡로5길 38 (본동 904-1),,18,1.0,사용,등록,대구광역시 달서구 와룡로5길 38,35.835207526,128.534657803
970,43590,아니오,아니오,송이아파트,본동송이가동,개별난방,아니오,예,서부안전팀,1991-02-18,2006.0, 2 월,달서구 와룡로10길 11 (본동 768-1),,20,1.0,사용,등록,대구광역시 달서구 와룡로10길 11,,
971,43591,아니오,아니오,송이아파트,본동송이나동,개별난방,아니오,예,서부안전팀,1990-09-28,2006.0, 9 월,달서구 와룡로10길 101 (본동 828),,50,1.0,사용,등록,대구광역시 달서구 와룡로10길 101,35.836654088,128.5424928
972,43592,아니오,아니오,대영아파트,본동대영가동,개별난방,아니오,예,서부안전팀,1990-09-18,2006.0, 9 월,달서구 와룡로10길 14 (본동 755),,50,1.0,사용,등록,대구광역시 달서구 와룡로10길 14,35.836477045,128.538220211
973,43601,아니오,아니오,동백맨션,진천동백,개별난방,아니오,예,서부안전팀,1990-09-13,2006.0, 9 월,달서구 월배로32안길 35 (진천동 131),634-3212,318,3.0,사용,등록,대구광역시 달서구 월배로32안길 35,35.814489429,128.53084208
974,43602,아니오,아니오,귀빈아파트,진천태왕귀빈1차,개별난방,아니오,예,서부안전팀,1990-12-04,2006.0,12 월,달서구 월배로32안길 61 (진천동 205-1),631-6517,413,3.0,사용,등록,대구광역시 달서구 월배로32안길 61,35.813273861,128.53041534
975,43603,아니오,아니오,달맞이맨션,진천달맞이,개별난방,아니오,예,서부안전팀,1992-10-01,2004.0,10 월,달서구 월배로 30 (진천동 782),634-1813,103,1.0,사용,등록,대구광역시 달서구 월배로 30,35.811971558,128.5184189
976,43604,아니오,아니오,현대아파트,진천현대,개별난방,아니오,예,서부안전팀,1993-07-15,2005.0, 7 월,달서구 상화북로5길 39 (진천동 262-2),636-8243,,,사용,등록,대구광역시 달서구 상화북로5길 39,35.812357668,128.527542347
977,43605,아니오,아니오,진천우방맨션,진천우방,개별난방,아니오,예,서부안전팀,1993-12-03,2005.0,12 월,달서구 진천로4길 39 (진천동 263),636-7961,210,2.0,사용,등록,대구광역시 달서구 진천로4길 39,35.811328448,128.527386693
978,43606,아니오,아니오,월배2차귀빈타운,진천태왕귀빈(2차),개별난방,아니오,예,서부안전팀,1994-11-29,2006.0,11 월,달서구 월배로32안길 66 (진천동 210-5),641-7337,461,3.0,사용,등록,대구광역시 달서구 월배로32안길 66,35.812818167,128.52879427
979,43607,아니오,아니오,대도빌리지,진천대도빌라,개별난방,아니오,예,서부안전팀,1994-12-23,2006.0,12 월,달서구 월배로34길 72 (진천동 139-7),636-9883,40,5.0,사용,등록,대구광역시 달서구 월배로34길 72,35.813651606,128.53140834
980,43608,아니오,아니오,진천청구타운,진천청구타운,개별난방,아니오,예,서부안전팀,1995-06-07,2004.0, 6 월,달서구 진천로 41 (진천동 490),642-6142,464,4.0,사용,등록,대구광역시 달서구 진천로 41,35.812458014,128.524416307
981,43609,아니오,아니오,제림하나로아파트,진천하나로맨션,개별난방,아니오,예,서부안전팀,1995-08-22,2004.0, 8 월,달서구 상화로21길 55 (진천동 478-1),638-2631,254,1.0,사용,등록,대구광역시 달서구 상화로21길 55,35.810538458,128.523774927
982,43610,아니오,아니오,진천역현대2차아파트,진천현대2차,개별난방,아니오,예,서부안전팀,1995-10-20,2004.0,10 월,달서구 월배로14길 43 (진천동 628-2),641-7518,204,1.0,사용,등록,대구광역시 달서구 월배로14길 43,35.811772169,128.522315925
983,43611,아니오,아니오,세광그린타운,진천세광그린타운,개별난방,아니오,예,서부안전팀,1996-05-08,2005.0, 5 월,달서구 진천로7길 47 (진천동 472),642-8997,249,2.0,사용,등록,대구광역시 달서구 진천로7길 47,35.810573777,128.522758116
984,43612,아니오,아니오,진천대동맨션,진천대동맨션,개별난방,아니오,예,서부안전팀,1997-05-30,2006.0, 5 월,달서구 상화로7길 31 (진천동 710),641-9437,,,사용,등록,대구광역시 달서구 상화로7길 31,35.809738622,128.520330741
985,43613,아니오,아니오,성광타운,진천성광타운,개별난방,아니오,아니오,서부안전팀,1997-11-14,2006.0,11 월,달서구 진천로 29-1 (진천동 482-6),,29,3.0,사용,등록,대구광역시 달서구 진천로 29-1,35.811478385,128.525131342
986,43614,예,아니오,진천아파트,,개별난방,아니오,예,,,,,달서구 월배로 80 (진천동 508),,,,사용,미등록,대구광역시 달서구 월배로 80,35.813651417,128.523923634
987,43615,아니오,아니오,옥산빌라,진천옥산빌라,개별난방,아니오,예,서부안전팀,2000-03-28,, 3 월,달서구 월배로24길 58-6 (진천동 255-52),,8,1.0,사용,등록,대구광역시 달서구 월배로24길 58-6,35.812409537,128.528469173
988,43616,아니오,아니오,상록아파트,진천상록,개별난방,아니오,예,서부안전팀,1998-02-25,2004.0, 2 월,달서구 진천로 25-8 (진천동 482-5),,40,1.0,사용,등록,대구광역시 달서구 진천로 25-8,35.811334115,128.525004488
989,43617,아니오,예,,진천궁전빌라4차,개별난방,아니오,예,서부안전팀,1999-03-29,2005.0, 3 월,달서구 월배로24길 107 (진천동 187-1),,41,5.0,사용,,대구광역시 달서구 월배로24길 107,35.812249862,128.531417763
990,43618,아니오,아니오,월송아파트,진천월송,개별난방,아니오,예,서부안전팀,1998-05-19,, 5 월,달서구 상화로21길 56 (진천동 482-4),,100,3.0,사용,등록,대구광역시 달서구 상화로21길 56,35.810959255,128.524746214
991,43619,아니오,아니오,유성타운,진천유성빌라,개별난방,아니오,예,서부안전팀,1999-08-19,2005.0, 8 월,달서구 진천로3길 57 (진천동 385-3),,8,1.0,사용,등록,대구광역시 달서구 진천로3길 57,35.810000919,128.522935223
992,43620,아니오,아니오,진천장미맨션,진천장미맨션(화신),개별난방,아니오,아니오,서부안전팀,2000-09-18,2006.0, 9 월,달서구 월배로32안길 40 (진천동 130-11),,20,1.0,사용,등록,대구광역시 달서구 월배로32안길 40,35.814371209,128.529974431
993,43621,예,아니오,삼영로얄팔레스,,개별난방,아니오,예,,,,,달서구 진천로18길 66 (진천동 560-12),,61,3.0,사용,등록,대구광역시 달서구 진천로18길 66,35.817518384,128.526287521
994,43622,예,아니오,진천테마스카이빌,,개별난방,아니오,예,,,,,달서구 월배로22길 35 (진천동 250-7),,,,사용,등록,대구광역시 달서구 월배로22길 35,35.812830266,128.526367259
995,43623,예,아니오,진천골든타운,,개별난방,아니오,예,,,,,달서구 월배로23길 12 (진천동 92-4),,17,1.0,사용,등록,대구광역시 달서구 월배로23길 12,35.815275123,128.526579458
996,43625,예,아니오,대금풀하우스2차,,개별난방,아니오,예,,,,,달서구 월배로28길 12-5 (진천동 223-25),,19,1.0,사용,등록,대구광역시 달서구 월배로28길 12-5,35.814937863,128.529827183
997,43626,예,아니오,정덕한우리타운,,개별난방,아니오,예,,,,,달서구 월배로28안길 54 (진천동 239-23),633-0463,24,1.0,사용,등록,대구광역시 달서구 월배로28안길 54,35.813247964,128.527879019
998,43627,예,아니오,부국아파트,,개별난방,아니오,예,,,,,달서구 월배로28안길 17-18 (진천동 214-2),,18,1.0,사용,등록,대구광역시 달서구 월배로28안길 17-18,35.814088043,128.529795976
999,43628,예,아니오,그린파크,,개별난방,아니오,예,,,,,달서구 월배로22길 24 (진천동 512-1),,,,사용,등록,대구광역시 달서구 월배로22길 24,35.813536829,128.525869315
1000,43629,아니오,아니오,해동타운,진천해동타운,개별난방,아니오,예,서부안전팀,2003-06-19,2006.0, 6 월,달서구 진천로 49 (진천동 505-5),,28,1.0,사용,등록,대구광역시 달서구 진천로 49,35.813127303,128.524287147
1001,43630,아니오,아니오,하나로명사마을,진천하나로프린스빌,개별난방,아니오,예,서부안전팀,2003-04-26,2006.0, 4 월,달서구 진천로3길 99 (진천동 705),638-2631,45,1.0,사용,등록,대구광역시 달서구 진천로3길 99,35.809817844,128.520889313
1002,43631,아니오,아니오,대마엘리시움,진천대마아파트,개별난방,아니오,예,서부안전팀,2003-03-11,2006.0, 3 월,달서구 월배로28안길 20 (진천동 238-16),,35,1.0,사용,등록,대구광역시 달서구 월배로28안길 20,35.814614485,128.528575189
1003,43632,예,아니오,뷰티하이츠,,개별난방,아니오,예,,,,,달서구 월배로22길 14 (진천동 525-5),,,,사용,등록,대구광역시 달서구 월배로22길 14,35.814019717,128.526085997
1004,43633,아니오,아니오,진천월성위너파크,진천동월성아파트,개별난방,아니오,예,서부안전팀,2003-10-13,2006.0,10 월,달서구 진천로16길 85 (진천동 78-1),,78,1.0,사용,등록,대구광역시 달서구 진천로16길 85,35.817156635,128.527520503
1005,43634,아니오,아니오,대금로얄아파트,대금로얄아파트,개별난방,아니오,예,서부안전팀,2003-09-08,2006.0, 9 월,달서구 월배로 132 (진천동 230-7),,,,사용,등록,대구광역시 달서구 월배로 132,35.814995763,128.528672337
1006,43635,아니오,아니오,진천코오롱하늘채,진천코오롱하늘채아파트,개별난방,아니오,예,서부안전팀,2004-04-08,, 4 월,달서구 상화로 65 (진천동 716-6),632-3777,226,2.0,사용,등록,대구광역시 달서구 상화로 65,35.808834351,128.521024112
1007,43636,아니오,아니오,진천역대우이안아파트,진천동대우이안아파트,개별난방,아니오,예,서부안전팀,2005-12-02,,12 월,달서구 진천로18길 10 (진천동 561-5),631-6242,294,6.0,사용,등록,대구광역시 달서구 진천로18길 10,35.816103362,128.523767416
1008,43701,아니오,아니오,상인청구아파트,상인청구,개별난방,아니오,예,서부안전팀,1993-04-28,2005.0, 4 월,달서구 상인로 105 (상인동 1520),631-4903,412,5.0,사용,등록,대구광역시 달서구 상인로 105,35.815862046,128.544721577
1009,43702,아니오,아니오,상인우방타운,상인우방,개별난방,아니오,예,서부안전팀,1993-05-26,2005.0, 5 월,달서구 상인서로 65 (상인동 1516),637-0233,317,3.0,사용,등록,대구광역시 달서구 상인서로 65,35.815766336,128.542421648
1010,43703,아니오,아니오,상인동서아파트,상인동서,개별난방,아니오,예,서부안전팀,1993-05-19,2005.0, 5 월,달서구 상인서로 39 (상인동 1524),635-5024,415,4.0,사용,등록,대구광역시 달서구 상인서로 39,35.813199766,128.544584054
1011,43705,아니오,아니오,상인보성아파트,상인보성,개별난방,아니오,예,서부안전팀,1993-05-14,2005.0, 5 월,달서구 상인서로 75 (상인동 1515),634-7009,277,3.0,사용,등록,대구광역시 달서구 상인서로 75,35.816497036,128.541420309
1012,43709,아니오,아니오,상인제림아파트,상인제림,개별난방,아니오,예,서부안전팀,1993-07-20,2005.0, 7 월,달서구 상화북로 196 (상인동 1551),636-8669,435,3.0,사용,등록,대구광역시 달서구 상화북로 196,35.812769328,128.547965672
1013,43710,아니오,아니오,상인평광맨션,상인평광,개별난방,아니오,예,서부안전팀,1993-07-05,2005.0, 7 월,달서구 상인서로 3 (상인동 1557),634-5378,380,3.0,사용,등록,대구광역시 달서구 상인서로 3,35.811166037,128.546632671
1014,43711,예,아니오,상인서한타운,,개별난방,아니오,예,,,,,달서구 상인서로 51 (상인동 1523),636-9081,175,2.0,사용,등록,대구광역시 달서구 상인서로 51,35.814644931,128.543024773
1015,43715,아니오,아니오,태일빌라,상인태일빌라,개별난방,아니오,아니오,서부안전팀,1993-09-20,, 9 월,달서구 월곡로26안길 17-3 (상인동 1216-2),,20,2.0,사용,등록,대구광역시 달서구 월곡로26안길 17-3,35.809046746,128.550386652
1016,43716,아니오,아니오,장미아파트,상인장미3단지,개별난방,아니오,예,서부안전팀,1993-09-20,2005.0, 9 월,달서구 상화로 370 (상인동 1591),636-7516,540,3.0,사용,등록,대구광역시 달서구 상화로 370,35.807616505,128.55183911
1017,43717,아니오,아니오,장미아파트,상인장미4단지,개별난방,아니오,예,서부안전팀,1993-09-20,2005.0, 9 월,달서구 상화로 380 (상인동 1592),637-5845,760,4.0,사용,등록,대구광역시 달서구 상화로 380,35.807465762,128.555072119
1018,43718,아니오,아니오,은행아파트,상인은행5단지,개별난방,아니오,예,서부안전팀,1993-10-05,2005.0,10 월,달서구 월곡로 112 (상인동 1587),637-7993,430,3.0,사용,등록,대구광역시 달서구 월곡로 112,35.807746201,128.549914092
1019,43719,아니오,아니오,백조3차아파트,상인세경백조3차,개별난방,아니오,예,서부안전팀,1993-09-13,, 9 월,달서구 상화북로 160 (상인동 1475-1),634-1269,,,사용,등록,대구광역시 달서구 상화북로 160,35.810775312,128.540438552
1020,43720,예,아니오,상인성지한서타운,,개별난방,아니오,예,,,,,달서구 상화북로 195 (상인동 1522),636-2092,428,4.0,사용,등록,대구광역시 달서구 상화북로 195,35.813943307,128.546569245
1021,43721,아니오,아니오,상인비둘기1단지아파트,상인비둘기1단지,개별난방,아니오,예,서부안전팀,1994-06-17,2006.0, 6 월,달서구 상화로 371 (상인동 1563),637-1590,"2,092",8.0,사용,등록,대구광역시 달서구 상화로 371,35.809464024,128.553829347
1022,43722,아니오,아니오,상인비둘기2단지아파트,상인비둘기2단지,개별난방,아니오,예,서부안전팀,1993-11-12,2005.0,11 월,달서구 상화로 373 (상인동 1564),637-1591,732,3.0,사용,등록,대구광역시 달서구 상화로 373,35.808691422,128.555025185
1023,43723,예,아니오,상인성지한서타운,,개별난방,아니오,예,,,,,달서구 상화북로 195 (상인동 1522),638-3171,214,2.0,사용,등록,대구광역시 달서구 상화북로 195,35.813943307,128.546569245
1024,43724,아니오,아니오,보성은하아파트,상인보성은하,지역난방,아니오,예,서부안전팀,1994-03-11,2006.0, 3 월,달서구 월곡로 320 (상인동 42),634-9421,"1,521",9.0,사용,등록,대구광역시 달서구 월곡로 320,35.821632375,128.536298128
1025,43726,아니오,아니오,고려낙원아파트,상인고려낙원,개별난방,아니오,예,서부안전팀,1988-12-20,2005.0,12 월,달서구 월곡로45길 49 (상인동 1473),633-5855,430,8.0,사용,등록,대구광역시 달서구 월곡로45길 49,35.813105528,128.539370295
1026,43727,예,아니오,상인백조2차,,개별난방,아니오,예,,,,,달서구 상화북로 162 (상인동 1600),633-7014,580,12.0,사용,미등록,대구광역시 달서구 상화북로 162,35.810597543,128.541756141
1027,43728,아니오,아니오,한양은하아파트,상인은하,지역난방,아니오,예,서부안전팀,1989-02-27,2005.0, 2 월,달서구 상화북로 137 (상인동 1474),631-1926,520,13.0,사용,등록,대구광역시 달서구 상화북로 137,35.811213083,128.5409043
1028,43729,아니오,아니오,산호아파트,상인산호,개별난방,아니오,예,서부안전팀,1989-02-17,2005.0, 2 월,달서구 상화북로 159 (상인동 1474-1),633-4134,320,7.0,사용,등록,대구광역시 달서구 상화북로 159,35.811669522,128.542721459
1029,43730,아니오,아니오,우방청자아파트,상인우방청자,개별난방,아니오,예,서부안전팀,1989-04-12,2005.0, 4 월,달서구 상화북로 117 (상인동 1473-1),632-0672,440,9.0,사용,등록,대구광역시 달서구 상화북로 117,35.811321477,128.539747702
1030,43734,아니오,아니오,송현주공3단지아파트,송현주공3단지,기타,아니오,예,서부안전팀,1986-10-06,,10 월,달서구 월배로 280 (상인동 797),632-7938,"1,080",10.0,사용,등록,대구광역시 달서구 월배로 280,,
1031,43735,아니오,아니오,상인동화아이위시,상인보라(동화아이워시),개별난방,아니오,예,서부안전팀,1994-06-03,2006.0, 6 월,달서구 월곡로 171 (상인동 1106-1),637-3532,380,3.0,사용,등록,대구광역시 달서구 월곡로 171,35.811254893,128.545206212
1032,43736,아니오,아니오,상인삼미아파트,상인삼미,개별난방,아니오,예,서부안전팀,1994-06-22,2006.0, 6 월,달서구 월배로34길 27 (상인동 351-2),634-2234,,,사용,등록,대구광역시 달서구 월배로34길 27,35.815334384,128.532907428
1033,43737,아니오,아니오,아산빌라,상인아산빌라,개별난방,아니오,예,서부안전팀,1994-12-16,2006.0,12 월,달서구 월곡로51길 23-17 (상인동 223-6),,8,1.0,사용,등록,대구광역시 달서구 월곡로51길 23-17,35.816370683,128.538629174
1034,43738,아니오,아니오,대야연립주택,상인대야빌라,개별난방,아니오,예,서부안전팀,1995-04-21,2004.0, 4 월,달서구 상화로59길 40 (상인동 1161),,,,사용,등록,대구광역시 달서구 상화로59길 40,35.809955003,128.545866341
1035,43739,아니오,아니오,상인김효남다세대,상인김효남다세대주택,개별난방,아니오,아니오,서부안전팀,1995-10-07,2004.0,10 월,달서구 상인로9안길 56 (상인동 1206-2),,,,사용,미등록,대구광역시 달서구 상인로9안길 56,35.809254244,128.549448348
1036,43740,아니오,아니오,상인보라2차아파트,상인대야2차빌라,개별난방,아니오,예,서부안전팀,1996-06-26,2005.0, 6 월,달서구 상화로59길 33 (상인동 1149),633-1304,56,2.0,사용,등록,대구광역시 달서구 상화로59길 33,35.809783561,128.545585262
1037,43741,아니오,아니오,상인중석타운,상인중석타운,개별난방,아니오,예,서부안전팀,1997-07-31,2006.0, 7 월,달서구 월곡로 291 (상인동 72-1),637-6935,166,1.0,사용,등록,대구광역시 달서구 월곡로 291,35.81938564,128.536406964
1038,43742,아니오,아니오,궁전빌라,상인궁전빌라,개별난방,아니오,예,서부안전팀,1997-12-13,2006.0,12 월,달서구 월배로28길 67 (상인동 338-17),,8,1.0,사용,등록,대구광역시 달서구 월배로28길 67,35.814042703,128.532283912
1039,43743,아니오,아니오,월촌화성타운,상인월촌화성,지역난방,아니오,예,서부안전팀,2000-08-10,2006.0, 8 월,달서구 송현로7길 41 (상인동 821),644-3741,452,4.0,사용,등록,대구광역시 달서구 송현로7길 41,35.818800486,128.54738974
1040,43744,아니오,아니오,상인화성하이츠,상인하이츠,지역난방,아니오,예,서부안전팀,1999-12-03,2005.0,12 월,달서구 월배로 245 (상인동 750),636-3638,222,3.0,사용,등록,대구광역시 달서구 월배로 245,35.820719792,128.539437396
1041,43745,아니오,아니오,상인아트빌,상인아트빌,개별난방,아니오,예,서부안전팀,2001-02-19,2004.0, 2 월,달서구 월곡로27길 27 (상인동 1145-5),053-644-6201,82,1.0,사용,등록,대구광역시 달서구 월곡로27길 27,35.809016614,128.545663839
1042,43746,예,아니오,성진상인아파트,,개별난방,아니오,예,,,,,달서구 상화로 277 (상인동 1332-319),,19,5.0,사용,등록,대구광역시 달서구 상화로 277,35.808708101,128.544083741
1043,43748,예,아니오,상인파크빌,,개별난방,아니오,예,,,,,달서구 송현로7길 51-6 (상인동 894),,,,사용,미등록,대구광역시 달서구 송현로7길 51-6,35.818086898,128.546730353
1044,43753,예,아니오,상인부민아파트,,개별난방,아니오,예,,,,,달서구 월배로32길 15 (상인동 327-14),,18,1.0,사용,등록,대구광역시 달서구 월배로32길 15,35.81585709,128.531519505
1045,43754,예,아니오,상인신성아파트,,개별난방,아니오,예,,,,,달서구 월배로32길 19 (상인동 327-11),,18,1.0,사용,등록,대구광역시 달서구 월배로32길 19,35.815712886,128.53167781
1046,43755,예,아니오,원영아트빌,,개별난방,아니오,예,,,,,달서구 상인로26길 29 (상인동 890),,,,사용,등록,대구광역시 달서구 상인로26길 29,35.817775574,128.546311753
1047,43756,예,아니오,다우드림캐슬,,개별난방,아니오,예,,,,,달서구 월배로34길 28-14 (상인동 326-1),,,,사용,등록,대구광역시 달서구 월배로34길 28-14,35.816073839,128.531460113
1048,43757,아니오,아니오,세정드림타운,상인동세정아파트,개별난방,아니오,예,서부안전팀,2003-12-22,2006.0,12 월,달서구 월배로32길 26 (상인동 330),,66,1.0,사용,등록,대구광역시 달서구 월배로32길 26,35.815236348,128.531560846
1049,43790,아니오,아니오,동화태왕한양상인타운,상인타운(동화태왕한양),개별난방,아니오,예,서부안전팀,1993-08-25,2005.0, 8 월,달서구 상인서로 94 (상인동 1501),637-3009,702,7.0,사용,등록,대구광역시 달서구 상인서로 94,35.819165609,128.541783594
1050,43791,아니오,아니오,상인동방현대아파트,상인현대동방(고려),개별난방,아니오,예,서부안전팀,1993-05-27,2005.0, 5 월,달서구 상인서로 85 (상인동 1514),634-9146,440,4.0,사용,등록,대구광역시 달서구 상인서로 85,35.816724072,128.540730345
1051,43792,예,아니오,상인영남화성타운,,개별난방,아니오,예,,,,,달서구 상인서로 76 (상인동 1517),637-0971,758,6.0,사용,등록,대구광역시 달서구 상인서로 76,35.816803243,128.543147217
1052,43801,아니오,아니오,별메마을,대곡주공6단지(별메마을),지역난방,아니오,예,서부안전팀,1996-08-01,2005.0, 8 월,달서구 도원로 46 (도원동 1442),637-4958,"1,594",18.0,사용,등록,대구광역시 달서구 도원로 46,35.805685435,128.53452492
1053,43802,아니오,아니오,산새마을,대곡주공7단지(산새마을),지역난방,아니오,예,서부안전팀,1996-08-01,2005.0, 8 월,달서구 도원남로 40 (도원동 1457),637-4959,"1,302",15.0,사용,등록,대구광역시 달서구 도원남로 40,35.803777136,128.533391375
1054,43803,아니오,아니오,한실들마을,대곡주공5단지(한실들마을),지역난방,아니오,예,서부안전팀,1996-11-04,2005.0,11 월,달서구 한실로 49 (도원동 1429),637-4957,534,5.0,사용,등록,대구광역시 달서구 한실로 49,35.808613388,128.533596234
1055,43804,아니오,아니오,가람마을,대곡주공1단지(가람마을),지역난방,아니오,예,서부안전팀,1996-12-30,2005.0,12 월,달서구 한실로 135 (도원동 1439),641-4074,"1,446",16.0,사용,등록,대구광역시 달서구 한실로 135,35.80772344,128.540679855
1056,43805,아니오,아니오,나래마을,대곡나래아파트(나래마을),지역난방,아니오,예,서부안전팀,1997-03-19,2006.0, 3 월,달서구 한실로 29 (도원동 1428),636-8171,"1,060",15.0,사용,등록,대구광역시 달서구 한실로 29,35.808299729,128.529685139
1057,43806,아니오,아니오,아람마을,대곡주공9단지(아람마을),지역난방,아니오,예,서부안전팀,1997-03-28,2006.0, 3 월,달서구 한실로 30 (도원동 1440),636-6604,"1,348",15.0,사용,등록,대구광역시 달서구 한실로 30,35.806330749,128.529874783
1058,43807,아니오,아니오,대곡사계절타운,대곡사계절타운,지역난방,아니오,예,서부안전팀,1997-09-09,2006.0, 9 월,달서구 한실로 117 (도원동 1438),632-2346,"1,200",14.0,사용,등록,대구광역시 달서구 한실로 117,35.808768328,128.539463686
1059,43808,아니오,아니오,대곡강산타운,대곡강산타운,지역난방,아니오,예,서부안전팀,1997-11-27,2006.0,11 월,달서구 도원로 45 (도원동 1443),641-6462,"1,480",14.0,사용,등록,대구광역시 달서구 도원로 45,35.806436295,128.53619041
1060,43809,아니오,아니오,미리샘마을,도원미리샘마을(대곡TK),지역난방,아니오,예,서부안전팀,1998-03-10,2004.0, 3 월,달서구 한실로 134 (도원동 1444),641-4073,"1,120",14.0,사용,등록,대구광역시 달서구 한실로 134,35.806036714,128.540895944
1061,43810,아니오,아니오,롯데캐슬레이크,도원동롯데아파트,개별난방,아니오,예,서부안전팀,2005-01-21,, 1 월,달서구 상화로58길 86 (도원동 677-1),631-0841,910,8.0,사용,등록,대구광역시 달서구 상화로58길 86,35.805980855,128.549367412
1062,43901,아니오,아니오,대곡역화성타운,유천화성타운,개별난방,아니오,예,서부안전팀,1996-03-15,2005.0, 3 월,달서구 비슬로 2731 (유천동 396),641-5654,245,3.0,사용,등록,대구광역시 달서구 비슬로 2731,35.810752667,128.513372081
1063,43902,아니오,아니오,유천동포스코더샵아파트,포스코더샵아파트,개별난방,아니오,예,서부안전팀,2006-07-18,, 7 월,달서구 달서대로 67 (유천동 488),641-8100,764,6.0,사용,등록,대구광역시 달서구 달서대로 67,35.812892569,128.508912848
1064,44001,예,아니오,월성주공1단지아파트,,중앙난방(기름),아니오,예,,,,,달서구 월곡로94길 30 (월성동 84),631-1879,"1,234",24.0,사용,등록,대구광역시 달서구 월곡로94길 30,35.831106388,128.527626653
1065,44002,예,아니오,월성주공아파트2단지,,지역난방,아니오,예,,,,,달서구 월성로 77 (월성동 86),632-6173,"2,364",11.0,사용,등록,대구광역시 달서구 월성로 77,35.831029567,128.528824274
1066,44003,아니오,아니오,월성주공3단지아파트,월성주공3단지,지역난방,아니오,예,서부안전팀,1991-12-05,2006.0,12 월,달서구 학산로7길 39 (월성동 273),633-8858,"1,482",8.0,사용,등록,대구광역시 달서구 학산로7길 39,35.831587556,128.529870265
1067,44004,아니오,아니오,월성센트로파크,월성주공4단지(센트로파크),개별난방,아니오,예,서부안전팀,1992-03-09,2004.0, 3 월,달서구 구마로14남길 55 (월성동 270),634-4607,"1,840",17.0,사용,등록,대구광역시 달서구 구마로14남길 55,35.832192892,128.531698183
1068,44005,아니오,아니오,월성주공5단지아파트,본동월성주공5단지,중앙난방(기름),아니오,예,서부안전팀,1992-12-08,2004.0,12 월,달서구 구마로12길 89 (본동 616),636-0986,"1,740",10.0,사용,등록,대구광역시 달서구 구마로12길 89,35.832432878,128.534309962
1069,44006,아니오,아니오,월성청구아파트,월성청구,지역난방,아니오,예,서부안전팀,1991-10-28,2006.0,10 월,달서구 학산로2길 24 (월성동 500),635-3786,434,3.0,사용,등록,대구광역시 달서구 학산로2길 24,35.82533361,128.531543374
1070,44007,아니오,아니오,월성서한이다음,월성서한,지역난방,아니오,예,서부안전팀,1992-01-30,2004.0, 1 월,달서구 학산로 15 (월성동 89),634-6811,639,5.0,사용,등록,대구광역시 달서구 학산로 15,35.826928182,128.530259788
1071,44008,아니오,아니오,월성우방타운,월성우방,지역난방,아니오,예,서부안전팀,1991-11-05,2006.0,11 월,달서구 학산로2길 11 (월성동 500-9),635-0224,166,3.0,사용,등록,대구광역시 달서구 학산로2길 11,35.826550019,128.531950927
1072,44009,아니오,아니오,월성동서타운,월성동서,지역난방,아니오,예,서부안전팀,1991-11-22,2006.0,11 월,달서구 학산로7길 5 (월성동 277-3),634-6360,300,4.0,사용,등록,대구광역시 달서구 학산로7길 5,35.828596664,128.532178416
1073,44010,아니오,아니오,월성영남맨션,월성영남,지역난방,아니오,예,서부안전팀,1991-12-05,2006.0,12 월,달서구 학산로2길 39 (월성동 500-6),634-0130,375,3.0,사용,등록,대구광역시 달서구 학산로2길 39,35.824551363,128.534197614
1074,44011,아니오,아니오,월성화성타운,월성화성,지역난방,아니오,예,서부안전팀,1991-12-05,2006.0,12 월,달서구 학산로2길 27 (월성동 500-7),635-7248,385,4.0,사용,등록,대구광역시 달서구 학산로2길 27,35.825790837,128.532643872
1075,44012,아니오,아니오,월성보성아파트1단지,월성보성1차,지역난방,아니오,예,서부안전팀,1991-12-19,2006.0,12 월,달서구 학산로 30 (월성동 364),634-3384,"1,185",10.0,사용,등록,대구광역시 달서구 학산로 30,35.826219493,128.53401749
1076,44013,아니오,아니오,월성보성아파트2단지,월성보성2차,지역난방,아니오,예,서부안전팀,1991-11-20,2006.0,11 월,달서구 학산로7길 27 (월성동 277),635-0708,551,6.0,사용,등록,대구광역시 달서구 학산로7길 27,35.830092662,128.530606407
1077,44014,아니오,아니오,월성동삼성래미안아파트,래미안아파트,지역난방,아니오,예,서부안전팀,2006-01-18,, 1 월,달서구 상원로 143 (월성동 1300),631-6742,760,7.0,사용,등록,대구광역시 달서구 상원로 143,35.82035187,128.529296091
1078,50101,아니오,아니오,보성상아맨션,이천보성상아,중앙난방(가스),아니오,예,중부안전팀,1987-10-29,2004.0,10 월,남구 명덕로 236 (이천동 650),473-9023,510,5.0,사용,등록,대구광역시 남구 명덕로 236,35.855467069,128.595297099
1079,50102,아니오,아니오,강변타운,이천강변타운(2001),개별난방,아니오,예,중부안전팀,1994-09-09,2006.0, 9 월,남구 명덕로68길 19 (이천동 214-456),475-5069,480,3.0,사용,등록,대구광역시 남구 명덕로68길 19,35.853461084,128.606864971
1080,50103,아니오,아니오,대구이천주공1아파트,이천주공,개별난방,아니오,예,중부안전팀,1999-05-20,2005.0, 5 월,남구 명덕로68길 77 (이천동 121-70),476-8111,576,6.0,사용,등록,대구광역시 남구 명덕로68길 77,35.852321336,128.606236404
1081,50104,아니오,아니오,이천아파트,이천아파트,기타,아니오,예,중부안전팀,1999-12-13,2005.0,12 월,남구 대봉로30길 12 (이천동 270-21),474-2156,53,2.0,사용,등록,대구광역시 남구 대봉로30길 12,35.85062073,128.603858227
1082,50105,아니오,아니오,금용프라임빌,이천넥스빌(금융프라임빌),개별난방,아니오,예,중부안전팀,2008-06-12,, 6 월,남구 명덕로64길 20 (이천동 196-1),,18,1.0,사용,등록,대구광역시 남구 명덕로64길 20,35.85385369,128.604883266
1083,50106,아니오,아니오,이천뜨란채2단지,이천주공2-3,개별난방,아니오,예,중부안전팀,2002-11-18,2005.0,11 월,남구 희망로 57 (이천동 551-1),474-2010,320,4.0,사용,등록,대구광역시 남구 희망로 57,35.848513432,128.605081771
1084,50107,아니오,아니오,대성유니드아파트,이천동대성유니드,개별난방,아니오,예,중부안전팀,2006-04-24,, 4 월,남구 희망로5길 12 (이천동 361-16),474-9541,635,6.0,사용,등록,대구광역시 남구 희망로5길 12,35.848000365,128.601675634
1085,50108,아니오,아니오,이천뜨란채3단지,이천뜨란채3단지,개별난방,아니오,예,중부안전팀,2006-05-12,, 5 월,남구 대봉로26길 38 (이천동 243-1),474-6611,238,3.0,사용,등록,대구광역시 남구 대봉로26길 38,35.848931946,128.605506516
1086,50201,아니오,아니오,미리내아파트,봉덕미리내,개별난방,아니오,예,중부안전팀,1985-09-25,2004.0, 9 월,남구 효성로 13 (봉덕동 산 89-3),471-1900,408,6.0,사용,등록,대구광역시 남구 효성로 13,35.833571985,128.600011202
1087,50202,아니오,아니오,한우그랜드맨션,봉덕한우그랜드,개별난방,아니오,예,중부안전팀,1985-08-01,2004.0, 8 월,남구 중앙대로22길 70 (봉덕동 718-1),472-7947,68,2.0,사용,등록,대구광역시 남구 중앙대로22길 70,35.842688167,128.594013078
1088,50203,아니오,아니오,일신맨션,봉덕일신,개별난방,아니오,예,중부안전팀,1985-12-02,2004.0,12 월,남구 이천로 52 (봉덕동 604-4),,21,1.0,사용,등록,대구광역시 남구 이천로 52,35.845637564,128.59854789
1089,50204,아니오,아니오,봉덕빌라,봉덕신원빌라,개별난방,아니오,예,중부안전팀,1987-06-07,2004.0, 6 월,남구 중앙대로22길 106 (봉덕동 702-2),,,,사용,등록,대구광역시 남구 중앙대로22길 106,35.842411176,128.596382252
1090,50205,아니오,아니오,대성맨션,봉덕대성,개별난방,아니오,예,중부안전팀,1987-12-10,2004.0,12 월,남구 봉덕로6길 16 (봉덕동 985-17),471-6111,40,2.0,사용,등록,대구광역시 남구 봉덕로6길 16,35.844347353,128.592370503
1091,50206,아니오,아니오,효성타운,봉덕효성타운1단지,개별난방,아니오,예,중부안전팀,1988-03-14,2005.0, 3 월,남구 효성중앙길 37 (봉덕동 1071),474-8002~3,706,9.0,사용,등록,대구광역시 남구 효성중앙길 37,35.837696715,128.601651005
1092,50207,아니오,아니오,효성타운,봉덕효성타운2단지,개별난방,아니오,예,중부안전팀,1989-05-09,2005.0, 5 월,남구 효성중앙길 38 (봉덕동 1141),474-8002~3,456,7.0,사용,등록,대구광역시 남구 효성중앙길 38,35.835619249,128.60182069
1093,50208,아니오,아니오,해피그린타운아파트,봉덕청구사원(해피그린타운),개별난방,아니오,예,중부안전팀,1989-06-26,2005.0, 6 월,남구 효성중앙길 2 (봉덕동 1327-120),555-1009,,,사용,등록,대구광역시 남구 효성중앙길 2,35.835282411,128.600629739
1094,50209,아니오,아니오,보성대덕아파트,봉덕보성대덕1차,중앙난방(가스),아니오,예,중부안전팀,1990-08-30,2006.0, 8 월,남구 앞산순환로 657 (봉덕동 1329-2),471-1174,528,6.0,사용,등록,대구광역시 남구 앞산순환로 657,35.833127506,128.596742155
1095,50210,아니오,아니오,보성아파트,봉덕앞산보성,개별난방,아니오,예,중부안전팀,1990-05-22,2006.0, 5 월,남구 삼정2길 99 (봉덕동 1329),473-2203,360,8.0,사용,등록,대구광역시 남구 삼정2길 99,35.835166806,128.595666277
1096,50211,아니오,아니오,보성대덕2차아파트,봉덕대덕2차,개별난방,아니오,예,중부안전팀,1991-10-28,2006.0,10 월,남구 앞산순환로 655 (봉덕동 1329-1),472-3153,550,6.0,사용,등록,대구광역시 남구 앞산순환로 655,35.8333387,128.595298456
1097,50212,아니오,예,,봉덕삼양빌라,개별난방,아니오,예,중부안전팀,1991-12-12,2006.0,12 월,남구 봉덕초등길 27 (봉덕동 1361-144),,72,11.0,사용,,대구광역시 남구 봉덕초등길 27,35.838682852,128.597178274
1098,50213,아니오,아니오,호미빌라,봉덕호미빌라,개별난방,아니오,아니오,중부안전팀,1994-01-31,, 1 월,남구 효성중앙길 18-11 (봉덕동 1162-2),,,,사용,등록,대구광역시 남구 효성중앙길 18-11,35.835149298,128.601249452
1099,50214,아니오,아니오,봉덕효성빌라,봉덕효성빌라,개별난방,아니오,아니오,중부안전팀,1994-06-29,, 6 월,남구 효성중앙길 18-12 (봉덕동 1280-2),,,,사용,등록,대구광역시 남구 효성중앙길 18-12,35.835120475,128.600925853
1100,50215,아니오,아니오,효성하이츠,봉덕효성하이츠,개별난방,아니오,예,중부안전팀,1994-07-23,2006.0, 7 월,남구 앞산순환로 721 (봉덕동 1135-1),,,,사용,등록,대구광역시 남구 앞산순환로 721,35.834677232,128.603029113
1101,50216,아니오,아니오,반도아파트,봉덕반도아파트,개별난방,아니오,예,중부안전팀,1994-09-30,2006.0, 9 월,남구 효동길 54 (봉덕동 1292-213),,133,3.0,사용,등록,대구광역시 남구 효동길 54,35.838072215,128.599380262
1102,50217,아니오,아니오,태성맨션,봉덕태성맨션,개별난방,아니오,예,중부안전팀,1995-10-18,2004.0,10 월,남구 효서2길 7 (봉덕동 1361-1),473-9913,198,2.0,사용,등록,대구광역시 남구 효서2길 7,35.838408942,128.596479218
1103,50218,아니오,아니오,봉덕시티빌라,봉덕시티빌라,개별난방,아니오,아니오,중부안전팀,1996-02-23,, 2 월,남구 봉덕로10길 60 (봉덕동 712-8),,,,사용,등록,대구광역시 남구 봉덕로10길 60,35.842164758,128.595435346
1104,50219,아니오,아니오,봉덕주상복합상가,봉덕주상복합상가,개별난방,아니오,예,중부안전팀,1996-11-30,2005.0,11 월,남구 봉덕남로 10 (봉덕동 544-2),,,,사용,등록,대구광역시 남구 봉덕남로 10,35.844472082,128.594203676
1105,50220,아니오,아니오,봉덕그린하우스,봉덕그린하우스,개별난방,아니오,아니오,중부안전팀,1998-07-29,, 7 월,남구 대덕로31길 15 (봉덕동 562-2),,,,사용,등록,대구광역시 남구 대덕로31길 15,35.841720504,128.599800146
1106,50221,아니오,아니오,삼정아파트,삼정아파트,개별난방,아니오,예,중부안전팀,1998-10-21,2004.0,10 월,남구 효동길 90 (봉덕동 1283-77),,,,사용,등록,대구광역시 남구 효동길 90,35.836282806,128.600861986
1107,50222,아니오,아니오,아진아파트,봉덕아진맨션,개별난방,아니오,예,중부안전팀,2000-12-12,2006.0,12 월,남구 이천로6길 57 (봉덕동 999-1),,,,사용,등록,대구광역시 남구 이천로6길 57,35.843103078,128.601559394
1108,50223,아니오,아니오,한전사택,한전봉덕사택,개별난방,아니오,아니오,중부안전팀,2001-06-04,2004.0, 6 월,남구 이천로1길 61 (봉덕동 713-3),,,,사용,등록,대구광역시 남구 이천로1길 61,35.842006407,128.594789902
1109,50224,예,아니오,하나로프린스빌,,개별난방,아니오,예,,,,,남구 봉덕로6길 10-16 (봉덕동 984-4),,,,사용,등록,대구광역시 남구 봉덕로6길 10-16,35.844788664,128.592055908
1110,50225,예,아니오,봉덕동그랜드타운,,개별난방,아니오,예,,,,,남구 봉덕초등길 3 (봉덕동 1319-27),,18,1.0,사용,등록,대구광역시 남구 봉덕초등길 3,35.838324428,128.59840912
1111,50227,예,아니오,봉덕리치빌,,개별난방,아니오,예,,,,,남구 삼정4길 93-5 (봉덕동 1336-11),,,,사용,등록,대구광역시 남구 삼정4길 93-5,35.83589774,128.594818957
1112,50228,아니오,아니오,스카이파크,봉덕스카이파크아파트,개별난방,아니오,예,중부안전팀,2004-09-06,, 9 월,남구 대덕로 146 (봉덕동 620-10),,,,사용,등록,대구광역시 남구 대덕로 146,35.840622483,128.598715487
1113,50229,아니오,아니오,한도아파트,한도봉덕맨션,개별난방,아니오,예,중부안전팀,2005-05-04,, 5 월,남구 대봉로 42 (봉덕동 942-3),,32,1.0,사용,등록,대구광역시 남구 대봉로 42,35.842524243,128.604377916
1114,50301,아니오,아니오,삼아맨션,대명삼아,개별난방,아니오,아니오,중부안전팀,1985-10-25,,10 월,남구 대명로 51 (대명동 1593-14),622-4909,48,2.0,사용,등록,대구광역시 남구 대명로 51,35.839160655,128.563068821
1115,50303,아니오,아니오,개나리맨션,대명개나리,개별난방,아니오,예,중부안전팀,1985-09-25,2004.0, 9 월,남구 대명로 117 (대명동 1635),656-0056,428,3.0,사용,등록,대구광역시 남구 대명로 117,35.840452711,128.569760837
1116,50304,아니오,아니오,파크맨션,대명파크맨션,개별난방,아니오,예,중부안전팀,1985-12-19,2004.0,12 월,남구 대명복개로 230 (대명동 1633),627-1445,553,4.0,사용,등록,대구광역시 남구 대명복개로 230,35.8415393,128.571166416
1117,50305,아니오,아니오,용마맨션,대명용마,개별난방,아니오,예,중부안전팀,1985-06-10,2004.0, 6 월,남구 대명로 145 (대명동 1638-5),623-8749,162,2.0,사용,등록,대구광역시 남구 대명로 145,35.839462617,128.573699798
1118,50306,아니오,아니오,동신맨션,대명동신점보,개별난방,아니오,예,중부안전팀,1985-05-18,2004.0, 5 월,남구 대명로 177 (대명동 780-3),621-5024,,,사용,등록,대구광역시 남구 대명로 177,35.839425754,128.577175795
1119,50307,예,아니오,새한아파트,,개별난방,아니오,예,,,,,남구 대명로49길 38 (대명동 1701-2),622-9202,70,3.0,사용,등록,대구광역시 남구 대명로49길 38,35.843262615,128.583004778
1120,50308,아니오,아니오,새한빌라,대명새한빌라,개별난방,아니오,예,중부안전팀,1987-10-05,2004.0,10 월,남구 현충동길 112 (대명동 1707-1),,18,3.0,사용,등록,대구광역시 남구 현충동길 112,35.846485347,128.581169845
1121,50309,아니오,아니오,정우맨션,정우맨션,개별난방,아니오,예,중부안전팀,1985-09-25,2004.0, 9 월,남구 현충로25길 71 (대명동 629-1),629-9683,441,7.0,사용,등록,대구광역시 남구 현충로25길 71,35.843926142,128.576517275
1122,50310,아니오,아니오,앞산빌라,대명앞산빌라,개별난방,아니오,예,중부안전팀,1986-10-14,2004.0,10 월,남구 큰골3길 48 (대명동 352-1),655-0125,45,2.0,사용,등록,대구광역시 남구 큰골3길 48,35.838907954,128.581146834
1123,50311,아니오,아니오,세신아파트,대명세신아파트,개별난방,아니오,예,중부안전팀,1987-05-12,2004.0, 5 월,남구 대명복개로 192 (대명동 1631-1),621-1212,70,2.0,사용,등록,대구광역시 남구 대명복개로 192,35.84165881,128.569568906
1124,50312,예,아니오,우방코스모스아파트,,개별난방,아니오,예,,,,,남구 대명로 42 (대명동 1111),623-4917,128,2.0,사용,등록,대구광역시 남구 대명로 42,35.838010818,128.562078803
1125,50313,아니오,아니오,아진맨션,대명아진상가,개별난방,아니오,예,중부안전팀,1988-02-13,2005.0, 2 월,남구 대명복개로4길 127 (대명동 1610-3),,48,2.0,사용,등록,대구광역시 남구 대명복개로4길 127,35.84024954,128.567199928
1126,50314,아니오,아니오,성명상가아파트,대명성명상가,개별난방,아니오,예,중부안전팀,1988-07-22,2005.0, 7 월,남구 성당로28길 17 (대명동 3043-1),,,,사용,등록,대구광역시 남구 성당로28길 17,35.847096952,128.569020216
1127,50315,아니오,아니오,세종맨션,대명세종,개별난방,아니오,예,중부안전팀,1988-08-23,2005.0, 8 월,남구 두류공원로 72 (대명동 1223-5),628-8255,74,2.0,사용,등록,대구광역시 남구 두류공원로 72,35.843669436,128.570517511
1128,50316,아니오,아니오,백작맨션,대명청구백작,개별난방,아니오,예,중부안전팀,1988-11-03,2005.0,11 월,남구 중앙대로31길 28 (대명동 181-1),624-9958,104,1.0,사용,등록,대구광역시 남구 중앙대로31길 28,35.84749028,128.589441604
1129,50317,아니오,아니오,삼두아파트,대명삼두,개별난방,아니오,예,중부안전팀,1989-01-24,2005.0, 1 월,남구 대명서로 17 (대명동 1721-29),626-7668,158,4.0,사용,등록,대구광역시 남구 대명서로 17,35.828747684,128.56140179
1130,50318,아니오,아니오,금오맨션,대명금오,개별난방,아니오,예,중부안전팀,1989-03-02,2005.0, 3 월,남구 두류공원로17길 39 (대명동 3051-16),,53,2.0,사용,등록,대구광역시 남구 두류공원로17길 39,35.844415786,128.56799276
1131,50319,아니오,아니오,로얄하이츠,대명로얄하이츠,개별난방,아니오,아니오,중부안전팀,1989-05-19,, 5 월,남구 현충로29길 29 (대명동 1719),622-5847,,,사용,등록,대구광역시 남구 현충로29길 29,35.845661433,128.578721104
1132,50320,아니오,아니오,삼정비취아파트,대명삼정비취,개별난방,아니오,예,중부안전팀,1990-10-31,2006.0,10 월,남구 두류공원로 88 (대명동 3044-8),628-1485,76,2.0,사용,등록,대구광역시 남구 두류공원로 88,35.844631286,128.56979551
1133,50321,아니오,아니오,경북아파트,대명경북,개별난방,아니오,예,중부안전팀,1991-05-21,2006.0, 5 월,남구 대경길 258 (대명동 3008),622-5581,60,3.0,사용,등록,대구광역시 남구 대경길 258,35.848058684,128.577134734
1134,50322,아니오,아니오,대명아파트,대명삼강,개별난방,아니오,예,중부안전팀,1991-04-26,2006.0, 4 월,남구 대경길 222 (대명동 3007-34),621-9896,40,2.0,사용,등록,대구광역시 남구 대경길 222,35.84668537,128.577169478
1135,50323,아니오,아니오,동아통일아파트,대명동아,개별난방,아니오,예,중부안전팀,1991-10-15,2006.0,10 월,남구 현충로31길 48 (대명동 3008-4),,,,사용,등록,대구광역시 남구 현충로31길 48,35.847071295,128.577307505
1136,50324,아니오,아니오,동아대덕아파트,대명동아대덕,개별난방,아니오,예,중부안전팀,1992-11-06,2004.0,11 월,남구 현충서길 29 (대명동 1220-24),628-1759,,,사용,등록,대구광역시 남구 현충서길 29,35.845363627,128.577906411
1137,50325,아니오,아니오,광명맨션,대명광명,개별난방,아니오,아니오,중부안전팀,1993-03-03,, 3 월,남구 명덕로34길 30 (대명동 1821-3),628-0036,32,2.0,사용,등록,대구광역시 남구 명덕로34길 30,35.855088431,128.587131016
1138,50326,아니오,아니오,일성빌라,대명일성빌라,개별난방,아니오,예,중부안전팀,1995-04-18,2004.0, 4 월,남구 안지랑로20길 60-5 (대명동 896),,9,1.0,사용,등록,대구광역시 남구 안지랑로20길 60-5,35.837753861,128.574749986
1139,50327,아니오,아니오,계명맨션,대명계명맨션,개별난방,아니오,예,중부안전팀,1995-10-30,2004.0,10 월,남구 명덕로20길 12 (대명동 2519-5),651-2614,,,사용,등록,대구광역시 남구 명덕로20길 12,35.857086956,128.579503313
1140,50328,아니오,아니오,경일아파트,대명경일빌라트,개별난방,아니오,아니오,중부안전팀,1995-12-06,,12 월,남구 중앙대로47길 39 (대명동 1797-69),,,,사용,등록,대구광역시 남구 중앙대로47길 39,35.854037697,128.588194951
1141,50329,아니오,아니오,원지빌라,대명원지빌라3차,개별난방,아니오,예,중부안전팀,1997-02-18,2006.0, 2 월,남구 두류공원로12길 25-8 (대명동 642-7),,24,2.0,사용,등록,대구광역시 남구 두류공원로12길 25-8,35.843507315,128.573054932
1142,50330,아니오,아니오,경일맨션,대명경일맨션,개별난방,아니오,예,중부안전팀,1996-09-16,2005.0, 9 월,남구 현충로 190 (대명동 1733-3),627-3604,,,사용,등록,대구광역시 남구 현충로 190,35.849651997,128.58124379
1143,50331,아니오,아니오,대명청구빌라,대명청구빌라,개별난방,아니오,예,중부안전팀,1996-11-16,2005.0,11 월,남구 안지랑로18길 2 (대명동 928-1),,18,2.0,사용,등록,대구광역시 남구 안지랑로18길 2,35.837531522,128.572529188
1144,50332,아니오,아니오,그린빌라,대명앞산그린빌라,개별난방,아니오,예,중부안전팀,1997-01-13,2006.0, 1 월,남구 큰골7길 40 (대명동 473-2),,14,4.0,사용,등록,대구광역시 남구 큰골7길 40,35.834050787,128.582789819
1145,50333,아니오,아니오,대명세광그린타운,대명세광그린맨션,개별난방,아니오,예,중부안전팀,1997-10-27,2006.0,10 월,남구 현충로26길 67 (대명동 329-13),651-0294,114,1.0,사용,등록,대구광역시 남구 현충로26길 67,35.844279149,128.58367903
1146,50334,아니오,아니오,대명유성맨션,대명유성맨션,개별난방,아니오,예,중부안전팀,1997-12-27,2006.0,12 월,남구 현충로25길 55 (대명동 619-1),,,,사용,등록,대구광역시 남구 현충로25길 55,35.844280952,128.576639747
1147,50335,아니오,아니오,세신아파트,대명세신,개별난방,아니오,예,중부안전팀,1998-06-30,2004.0, 6 월,남구 자유1길 86 (대명동 461-1),,26,1.0,사용,등록,대구광역시 남구 자유1길 86,35.837315912,128.58307181
1148,50336,아니오,아니오,노블타운,노블타운,개별난방,아니오,예,중부안전팀,1998-07-30,2004.0, 7 월,남구 두류공원로12길 65 (대명동 629-70),,,,사용,등록,대구광역시 남구 두류공원로12길 65,35.843506187,128.575002606
1149,50337,아니오,아니오,우방코스모스아파트,우방코스모스,개별난방,아니오,예,중부안전팀,1998-10-17,2004.0,10 월,남구 대명로 37 (대명동 1593-5),622-3649,49,2.0,사용,등록,대구광역시 남구 대명로 37,35.838878155,128.56157692
1150,50338,아니오,아니오,보성청록타운,대명보성청록타운,개별난방,아니오,예,중부안전팀,1998-11-24,2004.0,11 월,남구 큰골길 200 (대명동 2680-17),625-2264,347,3.0,사용,등록,대구광역시 남구 큰골길 200,35.834737928,128.585548852
1151,50339,아니오,아니오,우방뉴코스모스아파트,대명뉴코스모스,개별난방,아니오,예,중부안전팀,1998-12-24,2004.0,12 월,남구 대명로10길 6 (대명동 1210-8),621-1361,60,2.0,사용,등록,대구광역시 남구 대명로10길 6,35.837676729,128.562938719
1152,50340,예,아니오,영대맨션,,개별난방,아니오,예,,,,,남구 대명로53길 33 (대명동 302-1),,19,1.0,사용,등록,대구광역시 남구 대명로53길 33,35.844576908,128.585526432
1153,50341,아니오,아니오,영선상가아파트,대명영선상가아파트,개별난방,아니오,예,중부안전팀,2002-01-04,2005.0, 1 월,남구 중앙대로46길 43 (대명동 2014-59),,62,4.0,사용,등록,대구광역시 남구 중앙대로46길 43,35.852317847,128.593495489
1154,50342,아니오,아니오,천호아파트,대명천호아파트,개별난방,아니오,예,중부안전팀,2002-04-10,2005.0, 4 월,남구 명덕시장길 96 (대명동 63-1),,14,1.0,사용,등록,대구광역시 남구 명덕시장길 96,35.845157085,128.588334012
1155,50343,아니오,아니오,삼성공원아파트,삼성공원아파트,개별난방,아니오,예,중부안전팀,2002-07-08,2005.0, 7 월,남구 앞산순환로 337 (대명동 1551-34),,37,1.0,사용,등록,대구광역시 남구 앞산순환로 337,35.830202601,128.56372044
1156,50344,예,아니오,한일빌라아파트,,개별난방,아니오,예,,,,,남구 봉덕로1길 145 (대명동 1985-1),,,,사용,등록,대구광역시 남구 봉덕로1길 145,35.850988466,128.592595254
1157,50345,아니오,아니오,조은하이빌,대명동조은하이빌,개별난방,아니오,예,중부안전팀,2003-04-21,2006.0, 4 월,남구 관문시장1길 18 (대명동 1132-3),,32,1.0,사용,등록,대구광역시 남구 관문시장1길 18,35.836821716,128.558638843
1158,50346,예,아니오,효동아파트,,개별난방,아니오,예,,,,,남구 중앙대로46길 29 (대명동 2014-437),,,,사용,등록,대구광역시 남구 중앙대로46길 29,35.852150253,128.592876511
1159,50347,예,아니오,대명하이츠,,개별난방,아니오,예,,,,,남구 양지남길 57 (대명동 3000-12),,,,사용,등록,대구광역시 남구 양지남길 57,35.850663387,128.576702874
1160,50348,아니오,아니오,가든맨션,대명가든맨션,개별난방,아니오,예,중부안전팀,2003-02-21,2006.0, 2 월,남구 중앙대로31길 79 (대명동 산 58-2),622-0040,110,3.0,사용,등록,대구광역시 남구 중앙대로31길 79,35.848620904,128.586727154
1161,50349,아니오,아니오,현대까멜리아,현대까멜리아아파트,개별난방,아니오,예,중부안전팀,2003-11-12,2006.0,11 월,남구 성당로 240 (대명동 2297-2),622-5541,36,1.0,사용,등록,대구광역시 남구 성당로 240,35.85412728,128.574260911
1162,50350,아니오,아니오,대명아크로파트,아크로파트아파트,개별난방,아니오,예,중부안전팀,2003-09-30,2006.0, 9 월,남구 현충로 133 (대명동 1714-5),,33,1.0,사용,등록,대구광역시 남구 현충로 133,35.844789923,128.579704094
1163,50351,예,아니오,성한아파트,,개별난방,아니오,예,,,,,남구 골안길 173 (대명동 1551-8),,25,2.0,사용,등록,대구광역시 남구 골안길 173,35.830835612,128.56350857
1164,50352,아니오,아니오,대명스카이파크,대명스카이파크,개별난방,아니오,예,중부안전팀,2004-10-22,,10 월,남구 두류공원로 119 (대명동 3047-7),653-7828,70,1.0,사용,등록,대구광역시 남구 두류공원로 119,35.846487083,128.566977054
1165,50353,아니오,아니오,흥아아파트,대명흥아아파트,개별난방,아니오,예,중부안전팀,2004-06-15,, 6 월,남구 성당로 64 (대명동 3055-81),,,,사용,등록,대구광역시 남구 성당로 64,35.842849329,128.561921124
1166,50354,예,아니오,대명챠밍오퓨런스,,개별난방,아니오,예,,,,,남구 대명로 290 (대명동 145-4),,,,사용,등록,대구광역시 남구 대명로 290,35.843812372,128.587981596
1167,50355,아니오,아니오,이파크,대명E-PARK주상복합아파트,개별난방,아니오,예,중부안전팀,2005-06-10,, 6 월,남구 성당로 142 (대명동 3042-32),651-0037,52,1.0,사용,등록,대구광역시 남구 성당로 142,35.847492671,128.568283854
1168,50356,예,아니오,금강리치타운,,개별난방,아니오,예,,,,,남구 도촌길 138 (대명동 1607-11),,17,1.0,사용,등록,대구광역시 남구 도촌길 138,35.840745207,128.565164322
1169,60101,아니오,아니오,가든하이츠1차아파트,청구가든하이츠1차,개별난방,아니오,예,경산안전팀,1985-11-11,2004.0,11 월,수성구 범어로 45 (범어동 300),743-1676,220,4.0,사용,등록,대구광역시 수성구 범어로 45,35.854014538,128.635092166
1170,60102,아니오,아니오,경남타운,범어경남타운,개별난방,아니오,예,경산안전팀,1985-09-23,2004.0, 9 월,수성구 범어로 27 (범어동 320),755-0548,312,6.0,사용,등록,대구광역시 수성구 범어로 27,35.852283891,128.635644543
1171,60103,아니오,아니오,목화아파트,범어목화,개별난방,아니오,예,경산안전팀,1986-12-30,2004.0,12 월,수성구 동대구로74안길 6 (범어동 50-2),743-8536,110,4.0,사용,등록,대구광역시 수성구 동대구로74안길 6,,
1172,60105,아니오,아니오,범어한진연립,범어한진연립,개별난방,아니오,아니오,경산안전팀,1988-12-20,,12 월,수성구 국채보상로180길 40 (범어동 50-1),,13,2.0,사용,미등록,대구광역시 수성구 국채보상로180길 40,,
1173,60106,아니오,아니오,범어청구빌라맨션,범어청구빌라,개별난방,아니오,예,중부안전팀,1987-04-30,2004.0, 4 월,수성구 상록로11길 5 (범어동 476),755-1784,100,1.0,사용,등록,대구광역시 수성구 상록로11길 5,35.864678413,128.623573634
1174,60107,아니오,아니오,을지맨션,범어서한을지,개별난방,아니오,예,경산안전팀,1987-08-04,2004.0, 8 월,수성구 달구벌대로496길 88 (범어동 314-2),756-2977,213,3.0,사용,등록,대구광역시 수성구 달구벌대로496길 88,35.851288321,128.634737271
1175,60109,아니오,아니오,우방크로바아파트,범어우방크로바,개별난방,아니오,예,중부안전팀,1987-10-26,2004.0,10 월,수성구 청솔로 126 (범어동 800-11),754-6705,119,3.0,사용,등록,대구광역시 수성구 청솔로 126,35.857696296,128.621829078
1176,60110,아니오,아니오,목련아파트,범어목련,개별난방,아니오,예,경산안전팀,1987-10-31,2004.0,10 월,수성구 청호로 340 (범어동 341),214-7485,250,5.0,사용,등록,대구광역시 수성구 청호로 340,35.847219316,128.639614231
1177,60111,아니오,아니오,우방3차범어타운,범어우방3차,개별난방,아니오,예,경산안전팀,1987-12-26,2004.0,12 월,수성구 달구벌대로492길 12 (범어동 238-46),755-6550,145,3.0,사용,등록,대구광역시 수성구 달구벌대로492길 12,35.857802973,128.630719091
1178,60112,예,아니오,우방범어타운,,개별난방,아니오,예,,,,,수성구 동대구로48길 33 (범어동 650),754-4259,235,5.0,사용,등록,대구광역시 수성구 동대구로48길 33,,
1179,60113,아니오,아니오,우방범어1차,범어우방1차,개별난방,아니오,예,경산안전팀,1988-02-26,2005.0, 2 월,수성구 동대구로 230 (범어동 620),754-4206,275,4.0,사용,등록,대구광역시 수성구 동대구로 230,35.851353052,128.625761748
1180,60114,아니오,아니오,범어현대빌라,범어현대평광빌라,개별난방,아니오,예,경산안전팀,1988-04-13,2005.0, 4 월,수성구 청호로 401 (범어동 2261),,42,2.0,사용,미등록,대구광역시 수성구 청호로 401,35.852985829,128.638154677
1181,60115,아니오,아니오,궁전맨션,범어우방궁전,개별난방,아니오,예,경산안전팀,1988-05-24,2005.0, 5 월,수성구 동대구로 274 (범어동 371),753-8439,538,5.0,사용,등록,대구광역시 수성구 동대구로 274,35.853875,128.626187299
1182,60118,아니오,아니오,장원아파트,범어우방장원,개별난방,아니오,예,경산안전팀,1988-10-27,2005.0,10 월,수성구 청호로 370 (범어동 330),753-1959,455,4.0,사용,등록,대구광역시 수성구 청호로 370,35.851550375,128.639445222
1183,60119,아니오,아니오,범어삼오,범어삼오,개별난방,아니오,예,경산안전팀,1989-03-06,2005.0, 3 월,수성구 청호로 433 (범어동 2250),744-9378,145,2.0,사용,미등록,대구광역시 수성구 청호로 433,35.855593772,128.640045496
1184,60120,아니오,아니오,범어보성아파트,범어보성,개별난방,아니오,예,경산안전팀,1988-12-22,2005.0,12 월,수성구 달구벌대로488길 42 (범어동 375-3),752-1214,90,2.0,사용,등록,대구광역시 수성구 달구벌대로488길 42,35.855201936,128.629009898
1185,60121,아니오,아니오,동서명문,범어동서명문빌라,개별난방,아니오,예,경산안전팀,1988-12-09,2005.0,12 월,수성구 범어로 46 (범어동 303),753-2850,75,6.0,사용,등록,대구광역시 수성구 범어로 46,35.852701215,128.636326457
1186,60122,아니오,아니오,3차가든하이츠,범어가든하이츠3차,개별난방,아니오,예,경산안전팀,1990-04-13,2006.0, 4 월,수성구 청호로 365 (범어동 333),751-8083,282,6.0,사용,등록,대구광역시 수성구 청호로 365,35.850051654,128.637394483
1187,60124,아니오,아니오,아진아파트,범어아진,개별난방,아니오,예,경산안전팀,1990-11-16,2006.0,11 월,수성구 동대구로38길 80 (범어동 665-1),752-1121,100,3.0,사용,등록,대구광역시 수성구 동대구로38길 80,35.849807359,128.62779817
1188,60125,예,아니오,범어범일,,개별난방,아니오,예,,,,,수성구 청호로88안길 14 (범어동 64-118),,92,3.0,사용,미등록,대구광역시 수성구 청호로88안길 14,,
1189,60126,예,아니오,경북맨션,,개별난방,아니오,예,,,,,수성구 달구벌대로504길 39 (범어동 102),,40,1.0,사용,등록,대구광역시 수성구 달구벌대로504길 39,35.855224731,128.638595289
1190,60127,아니오,아니오,범양아파트,범어범양,개별난방,아니오,예,경산안전팀,1992-08-24,2004.0, 8 월,수성구 청호로92길 15 (범어동 63-115),,,,사용,등록,대구광역시 수성구 청호로92길 15,35.855998315,128.643338386
1191,60128,아니오,아니오,금봉빌라,범어금봉빌라,개별난방,아니오,예,경산안전팀,1992-07-20,2004.0, 7 월,수성구 청호로85길 24 (범어동 80-2),742-9966,,,사용,등록,대구광역시 수성구 청호로85길 24,35.855701347,128.639195651
1192,60129,아니오,아니오,두레맨션,범어두레(을지2차),개별난방,아니오,예,경산안전팀,1993-04-01,2005.0, 4 월,수성구 달구벌대로496길 72 (범어동 305-3),751-9336,156,2.0,사용,등록,대구광역시 수성구 달구벌대로496길 72,35.851944725,128.634696429
1193,60130,아니오,아니오,삼일아파트,범어삼일,개별난방,아니오,예,중부안전팀,1993-11-29,2005.0,11 월,수성구 동대구로73길 5 (범어동 31-1),754-3993,19,1.0,사용,등록,대구광역시 수성구 동대구로73길 5,35.863043056,128.62593246
1194,60131,예,아니오,범어73동구시영,,개별난방,아니오,예,,,,,수성구 국채보상로 846 (범어동 2017),,,,사용,미등록,대구광역시 수성구 국채보상로 846,35.867024094,128.622711334
1195,60132,아니오,아니오,우방청솔맨션,범어우방청솔,개별난방,아니오,예,경산안전팀,1994-06-29,2006.0, 6 월,수성구 청호로 422 (범어동 88),752-4967,194,1.0,사용,등록,대구광역시 수성구 청호로 422,35.854113599,128.640283542
1196,60133,아니오,아니오,범어청구공작맨션,범어청구공작,개별난방,아니오,예,중부안전팀,1994-11-21,2006.0,11 월,수성구 청솔로 132 (범어동 804-46),755-6755,,,사용,등록,대구광역시 수성구 청솔로 132,35.85819647,128.621650126
1197,60134,아니오,아니오,청구핀코아아파트,범어신호핑크주상혼합,개별난방,아니오,예,중부안전팀,1994-12-06,2006.0,12 월,수성구 상록로2길 55 (범어동 29-4),744-3245,28,1.0,사용,등록,대구광역시 수성구 상록로2길 55,35.861999718,128.625050572
1198,60136,아니오,아니오,힐튼빌라,범어힐튼빌라,개별난방,아니오,예,경산안전팀,1995-10-11,2004.0,10 월,수성구 청호로92길 35 (범어동 63-121),756-8865,,,사용,등록,대구광역시 수성구 청호로92길 35,35.856432916,128.64384234
1199,60137,아니오,아니오,고려빌라,범어원주택,개별난방,아니오,예,경산안전팀,1996-02-15,2005.0, 2 월,수성구 동대구로62길 24-3 (범어동 193-10),,8,1.0,사용,미등록,대구광역시 수성구 동대구로62길 24-3,,
1200,60138,아니오,아니오,청구성조타운,청구성조타운,개별난방,아니오,예,중부안전팀,1996-05-30,2005.0, 5 월,수성구 국채보상로 846 (범어동 2017),751-7664,445,3.0,사용,등록,대구광역시 수성구 국채보상로 846,35.867024094,128.622711334
1201,60139,아니오,아니오,명문빌라,범어봉진명문빌라,개별난방,아니오,예,경산안전팀,1996-07-06,2005.0, 7 월,수성구 동대구로74안길 14 (범어동 48-4),753-2850,8,1.0,사용,등록,대구광역시 수성구 동대구로74안길 14,,
1202,60140,아니오,아니오,우방하이니스,범어제일전원빌라(우방하이니스),개별난방,아니오,예,경산안전팀,1996-09-05,2005.0, 9 월,수성구 달구벌대로496길 46 (범어동 292-4),755-7726,,,사용,등록,대구광역시 수성구 달구벌대로496길 46,35.854620394,128.634104543
1203,60141,아니오,아니오,현대신한타운,현대신한빌라,개별난방,아니오,예,경산안전팀,1996-08-30,2005.0, 8 월,수성구 청호로85길 44-16 (범어동 66-1),,,,사용,등록,대구광역시 수성구 청호로85길 44-16,35.85643146,128.639792792
1204,60142,아니오,예,,범어문화빌라,개별난방,아니오,예,경산안전팀,1997-01-24,, 1 월,수성구 국채보상로180길 32-1 (범어동 49-36),,16,2.0,사용,,대구광역시 수성구 국채보상로180길 32-1,,
1205,60143,아니오,아니오,범어화성그린빌,범어화성그린빌,개별난방,아니오,예,경산안전팀,1999-04-22,2005.0, 4 월,수성구 동대구로50길 94 (범어동 643-4),752-7671,20,1.0,사용,등록,대구광역시 수성구 동대구로50길 94,35.850025638,128.628657141
1206,60144,아니오,아니오,청구하이츠,범어청구하이츠,개별난방,아니오,예,경산안전팀,2000-08-24,2006.0, 8 월,수성구 청호로84안길 2 (범어동 88-6),744-3767,240,4.0,사용,등록,대구광역시 수성구 청호로84안길 2,35.853912991,128.640794906
1207,60145,아니오,아니오,범어청구푸른마을,범어청구푸른마을,개별난방,아니오,예,경산안전팀,2000-12-19,2006.0,12 월,수성구 동대구로 240 (범어동 614-100),743-0122,378,5.0,사용,등록,대구광역시 수성구 동대구로 240,35.85168075,128.627602528
1208,60148,아니오,아니오,범어우방파크빌,범어우방파크빌,개별난방,아니오,예,경산안전팀,2001-12-11,2004.0,12 월,수성구 달구벌대로496길 36 (범어동 259-1),754-0410,,,사용,등록,대구광역시 수성구 달구벌대로496길 36,35.855236026,128.633678113
1209,60149,아니오,아니오,에덴아파트,에덴맨션,개별난방,아니오,예,중부안전팀,2002-05-21,2005.0, 5 월,수성구 상록로11길 35 (범어동 475-4),751-3221,48,2.0,사용,등록,대구광역시 수성구 상록로11길 35,35.864335884,128.62287122
1210,60150,아니오,아니오,태왕유성하이빌아파트,범어태왕유성하이빌,개별난방,아니오,예,경산안전팀,2003-04-08,2006.0, 4 월,수성구 동대구로 250 (범어동 614-3),746-6143,277,2.0,사용,등록,대구광역시 수성구 동대구로 250,35.852725126,128.625809124
1211,60151,아니오,아니오,범어우방그린빌,우방그린빌,개별난방,아니오,예,경산안전팀,2003-09-20,2006.0, 9 월,수성구 달구벌대로492길 20 (범어동 243),744-4455,46,1.0,사용,등록,대구광역시 수성구 달구벌대로492길 20,35.856821144,128.632503277
1212,60152,예,아니오,범어수성프라임,,개별난방,아니오,예,,,,,수성구 동대구로62길 49 (범어동 189-7),,17,1.0,사용,미등록,대구광역시 수성구 동대구로62길 49,,
1213,60153,예,아니오,범어오피스텔,,개별난방,아니오,예,,,,,수성구 상록로 8-13 (범어동 40-12),,,,사용,미등록,대구광역시 수성구 상록로 8-13,35.860198475,128.624799892
1214,60154,아니오,아니오,코오롱하늘채수,범어코오롱하늘채수,개별난방,아니오,예,중부안전팀,2005-06-10,, 6 월,수성구 범어천로 126 (범어동 792-19),743-9900,251,2.0,사용,등록,대구광역시 수성구 범어천로 126,35.857750397,128.623151803
1215,60155,아니오,아니오,우방앨리시온,범어우방엘리시온,개별난방,아니오,예,경산안전팀,2005-12-15,,12 월,수성구 청호로 391 (범어동 92-2),754-7858,19,3.0,사용,등록,대구광역시 수성구 청호로 391,35.851891701,128.638057056
1216,60156,아니오,아니오,범어화성파크드림,범어화성파크드림,개별난방,아니오,예,중부안전팀,2006-01-23,, 1 월,수성구 범어천로 180 (범어동 2148),744-2148,179,2.0,사용,등록,대구광역시 수성구 범어천로 180,35.863053785,128.621953424
1217,60157,아니오,아니오,범어태왕아너스,범어태왕리더스명품아파트,개별난방,아니오,예,중부안전팀,2006-05-30,, 5 월,수성구 상록로 41 (범어동 475-6),,299,4.0,사용,등록,대구광역시 수성구 상록로 41,35.862911979,128.62337621
1218,60158,아니오,아니오,유림노르웨이숲,유림노르웨이숲,개별난방,아니오,예,경산안전팀,2006-08-24,, 8 월,수성구 동대구로50길 37 (범어동 906-1),755-4245,576,9.0,사용,등록,대구광역시 수성구 동대구로50길 37,35.853093932,128.627247802
1219,60201,아니오,아니오,금탑아파트,만촌금탑,개별난방,아니오,예,경산안전팀,1986-10-20,2004.0,10 월,수성구 교학로 3 (만촌동 860),755-6549,152,1.0,사용,등록,대구광역시 수성구 교학로 3,35.854206924,128.653578594
1220,60202,아니오,아니오,한도아파트,만촌한도,개별난방,아니오,예,경산안전팀,1986-06-02,2004.0, 6 월,수성구 교학로11길 43 (만촌동 868),743-6112,120,2.0,사용,등록,대구광역시 수성구 교학로11길 43,35.850670952,128.655166451
1221,60204,아니오,아니오,초원아파트,만촌초원,개별난방,아니오,예,경산안전팀,1989-12-28,2005.0,12 월,수성구 달구벌대로530길 55 (만촌동 857-33),,20,1.0,사용,등록,대구광역시 수성구 달구벌대로530길 55,35.853820156,128.651649889
1222,60206,아니오,아니오,성좌아파트,만촌성좌,개별난방,아니오,예,경산안전팀,1990-02-07,2006.0, 2 월,수성구 달구벌대로530길 46 (만촌동 산 382-1),741-9707,30,1.0,사용,등록,대구광역시 수성구 달구벌대로530길 46,35.854017997,128.650851611
1223,60207,아니오,아니오,산장맨션,만촌산장,개별난방,아니오,예,경산안전팀,1990-09-21,2006.0, 9 월,수성구 교학로 111 (만촌동 1172-1),753-6577,216,3.0,사용,등록,대구광역시 수성구 교학로 111,35.846975183,128.649763105
1224,60208,아니오,아니오,청구매일맨션,만촌매일사원,개별난방,아니오,예,경산안전팀,1990-10-19,2006.0,10 월,수성구 달구벌대로530길 88 (만촌동 862-2),,40,2.0,사용,등록,대구광역시 수성구 달구벌대로530길 88,,
1225,60209,아니오,아니오,럭키골든맨션,만촌럭키골든,개별난방,아니오,예,경산안전팀,1986-07-08,2004.0, 7 월,수성구 효행로 24 (만촌동 245),942-2133,220,5.0,사용,등록,대구광역시 수성구 효행로 24,35.875800143,128.650236106
1226,60210,아니오,아니오,삼창빌라,만촌삼창빌라,개별난방,아니오,아니오,경산안전팀,1990-12-24,,12 월,수성구 달구벌대로530길 103 (만촌동 872-20),,12,2.0,사용,등록,대구광역시 수성구 달구벌대로530길 103,35.851513233,128.651407522
1227,60211,아니오,아니오,힐탑빌라,만촌힐탑빌라,개별난방,아니오,예,경산안전팀,1992-04-24,2004.0, 4 월,수성구 청호로92길 41 (만촌동 1025-98),742-3740,,,사용,등록,대구광역시 수성구 청호로92길 41,35.856495292,128.644349883
1228,60212,아니오,예,,만촌우신빌라,개별난방,아니오,예,경산안전팀,1992-06-15,2004.0, 6 월,수성구 교학로19길 52-4 (만촌동 842-1),756-3559,20,3.0,사용,,대구광역시 수성구 교학로19길 52-4,,
1229,60213,아니오,아니오,중앙빌라,만촌중앙빌라(1),개별난방,아니오,예,경산안전팀,1993-12-27,,12 월,수성구 달구벌대로536길 54 (만촌동 865-1),,16,2.0,사용,등록,대구광역시 수성구 달구벌대로536길 54,35.851971553,128.653188492
1230,60214,아니오,아니오,영광빌라,만촌영광빌라,개별난방,아니오,예,경산안전팀,1993-12-27,2005.0,12 월,수성구 달구벌대로536길 56 (만촌동 865-32),,16,2.0,사용,등록,대구광역시 수성구 달구벌대로536길 56,35.851934833,128.653335336
1231,60215,아니오,아니오,만촌백운옥빌라,만촌백운옥빌라,개별난방,아니오,예,경산안전팀,1996-02-10,2005.0, 2 월,수성구 교학로19길 40 (만촌동 845-1),753-2481,16,2.0,사용,미등록,대구광역시 수성구 교학로19길 40,,
1232,60216,예,아니오,만촌중앙빌라2차,,개별난방,아니오,예,,,,,수성구 만촌로3길 9 (만촌동 1032-50),,8,1.0,사용,미등록,대구광역시 수성구 만촌로3길 9,,
1233,60217,아니오,아니오,만촌동경빌라,만촌동경빌라,개별난방,아니오,예,경산안전팀,1996-07-19,2005.0, 7 월,수성구 만촌로3길 13 (만촌동 1032-4),,12,2.0,사용,미등록,대구광역시 수성구 만촌로3길 13,,
1234,60218,아니오,아니오,만촌2차우방타운,만촌2차우방타운,개별난방,아니오,예,경산안전팀,1996-10-29,2005.0,10 월,수성구 교학로11길 91 (만촌동 777),744-0580,390,6.0,사용,등록,대구광역시 수성구 교학로11길 91,35.850609977,128.658055693
1235,60219,아니오,아니오,만촌우방하이츠,만촌우방하이츠,개별난방,아니오,예,경산안전팀,1997-01-23,2006.0, 1 월,수성구 화랑로 26 (만촌동 413-6),744-8443,,,사용,등록,대구광역시 수성구 화랑로 26,35.868767816,128.632016638
1236,60220,아니오,아니오,만촌1차우방타운,만촌우방1차,중앙난방(가스),아니오,예,경산안전팀,1997-05-17,2006.0, 5 월,수성구 교학로11길 46 (만촌동 816),758-5898,"1,224",14.0,사용,등록,대구광역시 수성구 교학로11길 46,35.850278379,128.653817232
1237,60221,아니오,아니오,아진아파트,만촌아진,개별난방,아니오,예,경산안전팀,1997-09-08,2006.0, 9 월,수성구 청호로94길 10 (만촌동 1025-5),,,,사용,등록,대구광역시 수성구 청호로94길 10,35.857031176,128.644292573
1238,60222,예,아니오,청운청기와타운,,개별난방,아니오,예,,,,,수성구 화랑로34길 79 (만촌동 347-2),,17,2.0,사용,등록,대구광역시 수성구 화랑로34길 79,35.874654278,128.649083387
1239,60223,예,아니오,청기와빌라,,개별난방,아니오,예,,,,,수성구 화랑로34길 91-1 (만촌동 347-3),,15,2.0,사용,등록,대구광역시 수성구 화랑로34길 91-1,35.874680391,128.649416087
1240,60224,예,아니오,해동청기와타운,,개별난방,아니오,예,,,,,수성구 화랑로34길 79-2 (만촌동 348-5),,7,1.0,사용,등록,대구광역시 수성구 화랑로34길 79-2,35.874837049,128.649142423
1241,60225,예,아니오,중앙청기와타운,,개별난방,아니오,예,,,,,수성구 화랑로34길 91-5 (만촌동 348-8),,8,1.0,사용,등록,대구광역시 수성구 화랑로34길 91-5,35.874775914,128.64965352
1242,60226,아니오,아니오,만촌공군아파트,만촌공군아파트,개별난방,아니오,예,경산안전팀,2002-01-17,2005.0, 1 월,수성구 효행로 25 (만촌동 77-5),,96,3.0,사용,미등록,대구광역시 수성구 효행로 25,35.876209216,128.652380868
1243,60227,아니오,아니오,만촌보성타운아파트,만촌보성아파트,개별난방,아니오,예,경산안전팀,2002-03-05,2005.0, 3 월,수성구 공경로 70 (만촌동 605),759-1245,661,6.0,사용,등록,대구광역시 수성구 공경로 70,35.874434112,128.642825473
1244,60228,예,아니오,수성엘리트타운,,개별난방,아니오,예,,,,,수성구 만촌로 5 (만촌동 1037-14),,21,1.0,사용,등록,대구광역시 수성구 만촌로 5,35.859963168,128.645770507
1245,60230,아니오,아니오,무열마을,"전투원대기소(무열마을101-103동,참모관사1동)",개별난방,아니오,예,경산안전팀,2002-12-18,2005.0,12 월,수성구 무열로 56 (만촌동 599-1),750-6920,150,4.0,사용,미등록,대구광역시 수성구 무열로 56,,
1246,60231,아니오,아니오,담티힐즈,만촌동백진드라마빌(담티힐즈),개별난방,아니오,예,경산안전팀,2003-05-14,2006.0, 5 월,수성구 달구벌대로 2680 (만촌동 860-4),,34,1.0,사용,등록,대구광역시 수성구 달구벌대로 2680,35.854380053,128.654055181
1247,60232,예,아니오,한흥아트빌,,개별난방,아니오,예,,,,,수성구 동원로28길 42 (만촌동 1382),,19,1.0,사용,등록,대구광역시 수성구 동원로28길 42,35.87207679,128.638144832
1248,60233,아니오,아니오,동진아파트,동진아파트,개별난방,아니오,예,경산안전팀,2004-02-03,, 2 월,수성구 청호로96길 12 (만촌동 1050-2),,44,1.0,사용,등록,대구광역시 수성구 청호로96길 12,35.857693132,128.645924496
1249,60234,아니오,아니오,화성파크스위트,만촌화성파크스위트아파트,개별난방,아니오,예,경산안전팀,2004-12-22,,12 월,수성구 화랑로34길 141 (만촌동 272),945-0272,291,4.0,사용,등록,대구광역시 수성구 화랑로34길 141,35.874474276,128.653331662
1250,60235,아니오,아니오,만촌태왕리더스,만촌태왕리더스아파트,개별난방,아니오,예,경산안전팀,2004-12-13,,12 월,수성구 무열로 47 (만촌동 995-1),755-1168,433,7.0,사용,등록,대구광역시 수성구 무열로 47,35.862239452,128.647873732
1251,60236,아니오,아니오,만촌우방팔레스,만촌우방팔레스아파트,개별난방,아니오,예,경산안전팀,2005-08-22,, 8 월,수성구 청수로 551 (만촌동 775),751-0130,174,4.0,사용,등록,대구광역시 수성구 청수로 551,35.852274593,128.658890757
1252,60237,아니오,아니오,만촌한화꿈에그린아파트,한화꿈에그린아파트,개별난방,아니오,예,경산안전팀,2005-12-08,,12 월,수성구 교학로7길 77 (만촌동 811-49),751-8121,178,2.0,사용,등록,대구광역시 수성구 교학로7길 77,35.850694549,128.656618307
1253,60238,아니오,아니오,만촌화성파크드림1차,만촌화성파크드림1,개별난방,아니오,예,경산안전팀,2006-03-03,, 3 월,수성구 달구벌대로 2692 (만촌동 861-10),753-0791,60,1.0,사용,등록,대구광역시 수성구 달구벌대로 2692,35.853725199,128.655606882
1254,60239,아니오,아니오,만촌화성파크드림2차,만촌화성파크드림2,개별난방,아니오,예,경산안전팀,2006-08-03,, 8 월,수성구 달구벌대로 2690 (만촌동 861-8),295-0791,103,1.0,사용,등록,대구광역시 수성구 달구벌대로 2690,35.854088134,128.654778072
1255,60290,아니오,아니오,메트로팔레스1단지아파트,만촌메트로팔레스1단지,개별난방,아니오,예,경산안전팀,2002-11-28,2005.0,11 월,수성구 동원로 135 (만촌동 1356-3),752-6618,806,8.0,사용,등록,대구광역시 수성구 동원로 135,35.870763714,128.634670543
1256,60291,아니오,아니오,메트로팔레스2단지아파트,만촌메트로팔레스2단지,개별난방,아니오,예,경산안전팀,2002-11-28,2005.0,11 월,수성구 동원로 123 (만촌동 1356-7),751-5905,662,6.0,사용,등록,대구광역시 수성구 동원로 123,35.868717182,128.634730172
1257,60292,아니오,아니오,메트로팔레스3단지,만촌메트로팔레스3단지,개별난방,아니오,예,경산안전팀,2002-11-28,2005.0,11 월,수성구 동원로 110 (만촌동 1429),745-5642,878,9.0,사용,등록,대구광역시 수성구 동원로 110,35.868953741,128.638138204
1258,60293,아니오,아니오,메트로팔레스5단지아파트,만촌메트로팔레스5단지,개별난방,아니오,예,경산안전팀,2002-11-27,2005.0,11 월,수성구 동원로 100 (만촌동 1429-5),745-5637,689,7.0,사용,등록,대구광역시 수성구 동원로 100,35.868408484,128.638698612
1259,60301,아니오,아니오,골든맨션,수성골든B동,개별난방,아니오,예,중부안전팀,1986-04-30,2004.0, 4 월,수성구 달구벌대로 2301 (수성동4가 1085-55),755-9098,40,2.0,사용,등록,대구광역시 수성구 달구벌대로 2301,35.860186532,128.614776658
1260,60302,아니오,아니오,수성삼익아파트,수성삼익,개별난방,아니오,예,중부안전팀,1986-08-16,2004.0, 8 월,수성구 신천동로 278 (수성동1가 649-55),762-3410,100,1.0,사용,등록,대구광역시 수성구 신천동로 278,35.849674865,128.608695864
1261,60304,아니오,아니오,삼환아파트,수성삼환,개별난방,아니오,예,중부안전팀,1986-09-12,2004.0, 9 월,수성구 신천동로 288 (수성동1가 649-17),762-0325,150,1.0,사용,등록,대구광역시 수성구 신천동로 288,35.850258729,128.608967368
1262,60305,아니오,아니오,광명아파트,수성광명,개별난방,아니오,예,중부안전팀,1987-08-20,2004.0, 8 월,수성구 달구벌대로 2357 (수성동4가 996),754-0638,110,3.0,사용,등록,대구광역시 수성구 달구벌대로 2357,,
1263,60306,아니오,아니오,삼성아파트,수성삼성,개별난방,아니오,예,중부안전팀,1988-11-26,2005.0,11 월,수성구 청솔로 131 (수성동3가 23),751-9916,90,1.0,사용,등록,대구광역시 수성구 청솔로 131,,
1264,60307,아니오,아니오,신세계타운,수성우방신세계,중앙난방(가스),아니오,예,중부안전팀,1989-11-17,2005.0,11 월,수성구 신천동로 320 (수성동1가 613),766-7370,930,11.0,사용,등록,대구광역시 수성구 신천동로 320,35.853917466,128.609574315
1265,60308,아니오,아니오,새한아파트,수성새한,개별난방,아니오,예,중부안전팀,1991-01-15,2006.0, 1 월,수성구 신천동로 290 (수성동1가 649-23),764-5347,,,사용,등록,대구광역시 수성구 신천동로 290,35.850700124,128.609067208
1266,60309,아니오,아니오,조광아파트,수성조광아파트,개별난방,아니오,예,중부안전팀,1991-05-02,2006.0, 5 월,수성구 달구벌대로 2275-12 (수성동4가 1229-1),753-2285,41,1.0,사용,등록,대구광역시 수성구 달구벌대로 2275-12,35.86104757,128.611596238
1267,60310,아니오,아니오,우방오성타운,오성우방아파트,개별난방,아니오,예,중부안전팀,1993-10-06,2005.0,10 월,수성구 신천동로 380 (수성동1가 96-14),755-4761,496,6.0,사용,등록,대구광역시 수성구 신천동로 380,35.858824182,128.608731044
1268,60311,아니오,아니오,뉴골든맨션,수성뉴골든,개별난방,아니오,예,중부안전팀,1994-07-08,2006.0, 7 월,수성구 수성로57길 14 (수성동1가 288),765-1400,,,사용,등록,대구광역시 수성구 수성로57길 14,35.851862041,128.613025013
1269,60312,아니오,아니오,백장미맨션,수성백장미,개별난방,아니오,예,중부안전팀,1994-09-14,2006.0, 9 월,수성구 청솔로 123 (수성동3가 30),756-9350,20,1.0,사용,등록,대구광역시 수성구 청솔로 123,35.857655899,128.620855061
1270,60313,아니오,아니오,한전아파트,수성남대구전력사원2(한전사원나동),개별난방,아니오,예,중부안전팀,1995-01-20,2004.0, 1 월,수성구 달구벌대로471길 10 (수성동4가 974-4),,50,2.0,사용,등록,대구광역시 수성구 달구벌대로471길 10,35.860790556,128.621526361
1271,60314,아니오,아니오,강변빌라,수성강변빌라,개별난방,아니오,예,중부안전팀,1995-03-09,2004.0, 3 월,수성구 신천동로 432-1 (수성동4가 1195-7),,4,1.0,사용,등록,대구광역시 수성구 신천동로 432-1,35.862742562,128.611338251
1272,60315,아니오,아니오,수성한전독신자아파트,수성남대구전력사원1,기타,아니오,예,중부안전팀,1995-03-20,2004.0, 3 월,수성구 달구벌대로 2351 (수성동4가 1000-4),,10,1.0,사용,미등록,대구광역시 수성구 달구벌대로 2351,35.859935649,128.619883902
1273,60316,아니오,아니오,우방한가람타운,수성한가람우방,개별난방,아니오,예,중부안전팀,1995-12-14,2004.0,12 월,수성구 명덕로 368 (수성동1가 272-11),761-7698,,,사용,등록,대구광역시 수성구 명덕로 368,35.854360109,128.609690585
1274,60317,아니오,아니오,수성보성타운,수성보성,중앙난방(가스),아니오,예,중부안전팀,1996-04-19,2005.0, 4 월,수성구 수성로 412 (수성동4가 1090-6),744-6577,"1,032",9.0,사용,등록,대구광역시 수성구 수성로 412,35.863472417,128.61506268
1275,60318,아니오,아니오,우방사랑마을아파트,수성우방사랑마을,중앙난방(가스),아니오,예,중부안전팀,1996-10-04,2005.0,10 월,수성구 달구벌대로 2317 (수성동4가 1090-7),741-7737,342,3.0,사용,등록,대구광역시 수성구 달구벌대로 2317,35.860534791,128.61649164
1276,60321,아니오,아니오,삼우수성타운,수성삼우1차,개별난방,아니오,예,중부안전팀,1997-08-30,2006.0, 8 월,수성구 달구벌대로456길 19 (수성동1가 73),745-1003,293,3.0,사용,등록,대구광역시 수성구 달구벌대로456길 19,35.859149902,128.611864196
1277,60322,아니오,아니오,수정빌라,수성수정빌라,개별난방,아니오,예,중부안전팀,1997-09-10,2006.0, 9 월,수성구 달구벌대로469길 25 (수성동4가 1019-1),,15,2.0,사용,등록,대구광역시 수성구 달구벌대로469길 25,35.860839621,128.618857128
1278,60323,아니오,아니오,수성아파트,수성아파트,개별난방,아니오,예,중부안전팀,1998-08-27,2004.0, 8 월,수성구 신천동로 306 (수성동1가 641-19),767-1886,,,사용,등록,대구광역시 수성구 신천동로 306,35.852086317,128.609069024
1279,60324,아니오,아니오,수성한도맨션,수성한도맨션,개별난방,아니오,예,중부안전팀,1998-12-11,2004.0,12 월,수성구 달구벌대로 2367 (수성동4가 985-35),755-7449,28,1.0,사용,등록,대구광역시 수성구 달구벌대로 2367,35.859732875,128.621878491
1280,60325,예,아니오,코오롱빌라,,개별난방,아니오,예,,,,,수성구 달구벌대로469길 21 (수성동4가 1019-26),,16,2.0,사용,등록,대구광역시 수성구 달구벌대로469길 21,35.860549424,128.618840718
1281,60326,아니오,아니오,아름빌라,아름빌라,개별난방,아니오,예,중부안전팀,1999-02-09,2005.0, 2 월,수성구 달구벌대로469길 23 (수성동4가 1019-25),,16,2.0,사용,등록,대구광역시 수성구 달구벌대로469길 23,35.860684027,128.618879543
1282,60327,아니오,아니오,수성영남타운,수성영남,개별난방,아니오,예,중부안전팀,2000-01-14,2006.0, 1 월,수성구 달구벌대로456길 43 (수성동1가 105-5),745-0275,246,1.0,사용,등록,대구광역시 수성구 달구벌대로456길 43,35.857542571,128.611807657
1283,60328,아니오,아니오,수성하이츠,수성하이츠,중앙난방(가스),아니오,예,중부안전팀,1999-09-10,2005.0, 9 월,수성구 수성로 393 (수성동4가 1090-8),744-2080,260,4.0,사용,등록,대구광역시 수성구 수성로 393,35.860503537,128.613697201
1284,60329,아니오,아니오,수성현대아파트,수성1가현대,개별난방,아니오,예,중부안전팀,2000-04-08,2006.0, 4 월,수성구 신천동로 280 (수성동1가 649-76),,,,사용,등록,대구광역시 수성구 신천동로 280,35.849539452,128.609387458
1285,60330,아니오,아니오,수성우방팔레스아파트,수성우방팔레스아파트,개별난방,아니오,예,중부안전팀,2002-10-14,2005.0,10 월,수성구 수성로 400 (수성동4가 1090-1),741-1101,188,1.0,사용,등록,대구광역시 수성구 수성로 400,35.861077056,128.614681865
1286,60331,예,아니오,수성스위트빌,,개별난방,아니오,예,,,,,수성구 신천동로88길 26 (수성동4가 1190-9),,15,1.0,사용,등록,대구광역시 수성구 신천동로88길 26,35.86233107,128.612643236
1287,60332,예,아니오,동양아파트,,개별난방,아니오,예,,,,,수성구 명덕로75길 37 (수성동1가 252),,,,사용,등록,대구광역시 수성구 명덕로75길 37,35.856180731,128.61207076
1288,60333,아니오,아니오,한도노블리스,노블리스아파트,개별난방,아니오,예,중부안전팀,2003-03-05,2006.0, 3 월,수성구 들안로67길 10 (수성동4가 1022-22),755-3958,19,1.0,사용,등록,대구광역시 수성구 들안로67길 10,35.860603683,128.616959435
1289,60334,아니오,아니오,수성태왕하이츠리버뷰,태왕하이츠리버뷰아파트,개별난방,아니오,예,중부안전팀,2003-11-12,2006.0,11 월,수성구 달구벌대로454길 9 (수성동1가 93-1),759-0070,288,4.0,사용,등록,대구광역시 수성구 달구벌대로454길 9,35.859642695,128.609700302
1290,60335,예,아니오,수성삼성맨션,,개별난방,아니오,예,,,,,수성구 수성로69길 5 (수성동1가 219-2),756-9258,,,사용,등록,대구광역시 수성구 수성로69길 5,35.855179544,128.613149041
1291,60336,예,아니오,수성드림캐슬,,개별난방,아니오,예,,,,,수성구 수성동3가 124,,,,사용,미등록,대구광역시 수성구 수성동3가 124,,
1292,60337,아니오,아니오,수성대백인터빌,수성대백인터빌,개별난방,아니오,예,중부안전팀,2003-11-17,2006.0,11 월,수성구 수성로69길 14 (수성동1가 259-40),756-8420,235,1.0,사용,등록,대구광역시 수성구 수성로69길 14,35.855998409,128.613197809
1293,60338,예,아니오,수성아트리움,,개별난방,아니오,예,,,,,수성구 수성동3가 263-4,,,,사용,미등록,대구광역시 수성구 수성동3가 263-4,,
1294,60339,아니오,아니오,수성대림e-편한세상,수성e-편한세상아파트,개별난방,아니오,예,중부안전팀,2005-02-04,, 2 월,수성구 들안로73길 50-7 (수성동4가 1115-16),752-3200,664,8.0,사용,등록,대구광역시 수성구 들안로73길 50-7,35.86411917,128.61371672
1295,60340,아니오,아니오,수성그린타운,수성그린타운아파트,개별난방,아니오,예,중부안전팀,2005-05-26,, 5 월,수성구 달구벌대로458길 17 (수성동1가 112-7),759-9449,201,2.0,사용,등록,대구광역시 수성구 달구벌대로458길 17,35.859333001,128.61359284
1296,60341,아니오,아니오,수성서한이다음,수성서한이다음아파트,개별난방,아니오,예,중부안전팀,2005-04-25,, 4 월,수성구 수성로69길 15 (수성동1가 269-1),755-2466,119,1.0,사용,등록,대구광역시 수성구 수성로69길 15,35.855299201,128.612340438
1297,60342,아니오,아니오,태왕아너스클럽,태왕아너스아파트,개별난방,아니오,예,중부안전팀,2005-11-28,,11 월,수성구 달구벌대로 2260 (수성동1가 96-322),753-7114,98,1.0,사용,등록,대구광역시 수성구 달구벌대로 2260,35.860503368,128.609526075
1298,60343,아니오,아니오,동양엘레브아파트,동양한마음아파트(동양엘레브),개별난방,아니오,예,중부안전팀,2006-05-15,, 5 월,수성구 명덕로73길 40 (수성동1가 629-12),755-3051,209,2.0,사용,등록,대구광역시 수성구 명덕로73길 40,35.856439202,128.611482162
1299,60390,아니오,아니오,화성쌍용타운,"수성화성,쌍용타운",중앙난방(가스),아니오,예,중부안전팀,1996-11-12,2005.0,11 월,수성구 수성로 411 (수성동4가 1090-5),744-3675,677,5.0,사용,등록,대구광역시 수성구 수성로 411,35.861808104,128.613099706
1300,60402,아니오,아니오,황금우방1차,황금우방1(수성우방1),개별난방,아니오,예,경산안전팀,1985-09-20,2004.0, 9 월,수성구 청수로 274 (황금동 985),764-4136,490,10.0,사용,미등록,대구광역시 수성구 청수로 274,35.839768089,128.637550653
1301,60403,아니오,아니오,수성지구2차우방타운,황금수성우방2차,개별난방,아니오,예,경산안전팀,1986-07-25,2004.0, 7 월,수성구 청호로 330 (황금동 60),764-1431,535,10.0,사용,등록,대구광역시 수성구 청호로 330,35.84553757,128.64015395
1302,60404,아니오,아니오,청원맨션,황금현대청원,개별난방,아니오,예,경산안전팀,1989-12-04,2005.0,12 월,수성구 청수로35길 150 (황금동 162),766-4046,132,2.0,사용,등록,대구광역시 수성구 청수로35길 150,35.842419504,128.635259673
1303,60405,아니오,아니오,수성아파트,황금수성,개별난방,아니오,예,경산안전팀,1990-05-28,2006.0, 5 월,수성구 동대구로 204 (황금동 665),763-3433,38,2.0,사용,등록,대구광역시 수성구 동대구로 204,,
1304,60406,아니오,아니오,신천지타운,황금신천지,개별난방,아니오,예,경산안전팀,1990-12-20,2006.0,12 월,수성구 청호로46길 16 (황금동 282),762-5248,365,4.0,사용,등록,대구광역시 수성구 청호로46길 16,35.838177103,128.640785609
1305,60407,아니오,아니오,신포빌라,황금신포빌라,개별난방,아니오,예,경산안전팀,1991-06-26,2006.0, 6 월,수성구 청호로69길 61 (황금동 116),743-0041,,,사용,등록,대구광역시 수성구 청호로69길 61,35.84918941,128.635452145
1306,60408,아니오,아니오,신천지하이츠,황금신천지하이츠,개별난방,아니오,예,경산안전팀,1992-05-19,2004.0, 5 월,수성구 청호로 229 (황금동 254-1),761-1372,164,3.0,사용,등록,대구광역시 수성구 청호로 229,35.837756904,128.640229257
1307,60409,아니오,아니오,신포빌라,황금신포빌라2차,개별난방,아니오,예,경산안전팀,1991-12-11,2006.0,12 월,수성구 청호로69길 55 (황금동 118),756-8385,,,사용,등록,대구광역시 수성구 청호로69길 55,35.848877962,128.635501847
1308,60410,아니오,아니오,황금3주공아파트,황금주공3단지,중앙난방(가스),아니오,예,경산안전팀,1992-07-27,2004.0, 7 월,수성구 청수로45길 41 (황금동 965),764-6602,978,6.0,사용,등록,대구광역시 수성구 청수로45길 41,35.842900586,128.631169043
1309,60411,아니오,아니오,신포빌라,황금신포아트빌라3차,개별난방,아니오,예,경산안전팀,1993-03-31,2005.0, 3 월,수성구 청호로69길 77 (황금동 114-3),752-4944,,,사용,등록,대구광역시 수성구 청호로69길 77,35.849800991,128.635639846
1310,60412,아니오,아니오,가든하이츠2차아파트,황금가든하이츠2차,개별난방,아니오,예,경산안전팀,1986-01-31,2004.0, 1 월,수성구 청호로69길 30 (황금동 100),756-2926,106,2.0,사용,등록,대구광역시 수성구 청호로69길 30,35.849481173,128.636455937
1311,60413,아니오,아니오,황금청구빌라,황금청구빌라,개별난방,아니오,아니오,중부안전팀,1994-09-14,, 9 월,수성구 동대구로29길 51 (황금동 840),761-1272,,5.0,사용,등록,대구광역시 수성구 동대구로29길 51,35.8427598,128.623328268
1312,60414,아니오,아니오,황금대공원빌라,황금대공원빌라,개별난방,아니오,예,중부안전팀,1994-12-12,2006.0,12 월,수성구 청솔로4길 56-1 (황금동 692-1),,8,1.0,사용,미등록,대구광역시 수성구 청솔로4길 56-1,,
1313,60415,아니오,아니오,넥세스빌라,황금다전빌라(넥서스),개별난방,아니오,아니오,중부안전팀,1995-01-10,2004.0, 1 월,수성구 청솔로2길 53 (황금동 691-14),,18,1.0,사용,등록,대구광역시 수성구 청솔로2길 53,35.847108586,128.62334173
1314,60416,아니오,아니오,황금미진아파트,황금미진,개별난방,아니오,예,중부안전팀,1994-12-06,2006.0,12 월,수성구 청솔로12길 40 (황금동 705-1),768-3241,,,사용,등록,대구광역시 수성구 청솔로12길 40,35.850057894,128.622755654
1315,60417,아니오,아니오,황금봉황빌라,황금봉황빌라,개별난방,아니오,예,중부안전팀,1996-01-12,2005.0, 1 월,수성구 청솔로2길 7 (황금동 743-27),,6,1.0,사용,미등록,대구광역시 수성구 청솔로2길 7,35.84880074,128.621127541
1316,60418,아니오,아니오,황금유성프레스빌,황금유성프레스빌,개별난방,아니오,예,중부안전팀,1998-03-30,2004.0, 3 월,수성구 범어천로 27-21 (황금동 703-21),,,,사용,미등록,대구광역시 수성구 범어천로 27-21,35.849436123,128.621813002
1317,60419,예,아니오,골든하이츠,,개별난방,아니오,예,,,,,수성구 청솔로2길 41 (황금동 691-6),,18,1.0,사용,등록,대구광역시 수성구 청솔로2길 41,35.847229657,128.622696864
1318,60420,아니오,아니오,화성고려파크뷰,화성고려파크뷰,개별난방,아니오,예,경산안전팀,2002-12-06,2005.0,12 월,수성구 청수로40길 29 (황금동 505),765-0610,114,1.0,사용,등록,대구광역시 수성구 청수로40길 29,35.837782959,128.63087226
1319,60421,예,아니오,성창파크빌,,개별난방,아니오,예,,,,,수성구 청호로57길 89 (황금동 408-6),053-766-4197,16,1.0,사용,등록,대구광역시 수성구 청호로57길 89,35.842740349,128.634042438
1320,60422,아니오,아니오,태왕아너스아파트,태왕아너스아파트,개별난방,아니오,예,경산안전팀,2004-04-30,, 4 월,수성구 청호로 345 (황금동 99-1),741-1486,480,4.0,사용,미등록,대구광역시 수성구 청호로 345,35.847915236,128.638160095
1321,60423,예,아니오,다인주택사랑마을아파트,,개별난방,아니오,예,,,,,수성구 범어천로 23-14 (황금동 703-4),,16,1.0,사용,등록,대구광역시 수성구 범어천로 23-14,35.84926829,128.622343324
1322,60424,아니오,아니오,코아시스아파트,코아시스105아파트,개별난방,아니오,예,중부안전팀,2004-05-28,, 5 월,수성구 동대구로 149 (황금동 843-1),761-8893,,,사용,등록,대구광역시 수성구 동대구로 149,35.843746134,128.623885293
1323,60425,아니오,아니오,캐슬골드파크1단지,롯데캐슬골드파크1단지,개별난방,아니오,예,경산안전팀,2006-06-19,, 6 월,수성구 청수로 213 (황금동 365),766-1037,"1,059",16.0,사용,등록,대구광역시 수성구 청수로 213,35.839512626,128.629514523
1324,60426,아니오,아니오,캐슬골드파크2단지,롯데캐슬골드파크2단지,개별난방,아니오,예,경산안전팀,2006-06-19,, 6 월,수성구 청수로 235 (황금동 366),766-3026,242,5.0,사용,등록,대구광역시 수성구 청수로 235,35.841444827,128.633426579
1325,60427,아니오,아니오,캐슬골드파크3단지,롯데캐슬골드파크3단지,개별난방,아니오,예,경산안전팀,2006-06-19,, 6 월,수성구 청수로 257 (황금동 367),766-3026,502,10.0,사용,등록,대구광역시 수성구 청수로 257,35.841338331,128.634771161
1326,60428,아니오,아니오,캐슬골드파크4단지,롯데캐슬골드파크4단지,개별난방,아니오,예,경산안전팀,2006-05-04,, 5 월,수성구 청수로 261 (황금동 368),766-4032,"1,399",19.0,사용,등록,대구광역시 수성구 청수로 261,35.841835565,128.636533372
1327,60429,아니오,아니오,캐슬골드파크5단지,롯데캐슬골드파크5단지,개별난방,아니오,예,경산안전팀,2006-07-14,, 7 월,수성구 청수로 214 (황금동 369),766-5108,"1,054",17.0,사용,등록,대구광역시 수성구 청수로 214,35.839717451,128.633722054
1328,60501,아니오,아니오,광명맨션,중동광명,개별난방,아니오,예,중부안전팀,1986-12-01,2004.0,12 월,수성구 수성로 165 (중동 411-1),762-2123,233,2.0,사용,등록,대구광역시 수성구 수성로 165,35.840467008,128.611956973
1329,60502,아니오,아니오,서울중동아파트,중동서울,개별난방,아니오,예,중부안전팀,1990-04-11,2006.0, 4 월,수성구 신천동로 216 (중동 551-1),764-3087,180,5.0,사용,등록,대구광역시 수성구 신천동로 216,35.844626194,128.608337232
1330,60503,아니오,아니오,동아아파트,중동동아,기타,아니오,예,중부안전팀,1993-01-04,2005.0, 1 월,수성구 수성로37길 62 (중동 482),764-7648,29,1.0,사용,등록,대구광역시 수성구 수성로37길 62,,
1331,60504,아니오,아니오,중동다전빌라,중동다전빌라(다세대),개별난방,아니오,예,중부안전팀,1995-04-19,2004.0, 4 월,수성구 희망로22길 32 (중동 542-8),,18,1.0,사용,미등록,대구광역시 수성구 희망로22길 32,,
1332,60505,아니오,아니오,중동청아빌라,중동청아빌라,개별난방,아니오,예,중부안전팀,1998-04-07,2004.0, 4 월,수성구 청수로3길 61-3 (중동 498-8),,15,2.0,사용,미등록,대구광역시 수성구 청수로3길 61-3,,
1333,60506,아니오,아니오,중동서울아파트,중동상가(중동서울),개별난방,아니오,예,중부안전팀,1998-06-11,2004.0, 6 월,수성구 청수로1길 68 (중동 551-147),,,,사용,등록,대구광역시 수성구 청수로1길 68,35.844374396,128.609237376
1334,60507,아니오,아니오,중동연립주택,중동광명빌라(중동연립),개별난방,아니오,예,중부안전팀,1998-10-26,2004.0,10 월,수성구 청수로 30 (중동 411-3),764-8078,24,5.0,사용,등록,대구광역시 수성구 청수로 30,35.839695228,128.610902325
1335,60508,아니오,아니오,새한빌라,중동새한빌라,기타,아니오,예,중부안전팀,1999-09-13,2005.0, 9 월,수성구 신천동로 264 (중동 532-10),765-6978,36,2.0,사용,등록,대구광역시 수성구 신천동로 264,,
1336,60509,예,아니오,아크로파트,,개별난방,아니오,예,,,,,수성구 수성로35길 23 (중동 415-17),,12,1.0,사용,등록,대구광역시 수성구 수성로35길 23,35.841447822,128.610898586
1337,60510,아니오,아니오,아원수성천가지꿈,중동아원아파트(아원수성천가지꿈),개별난방,아니오,예,중부안전팀,2004-09-09,, 9 월,수성구 수성로39안길 13 (중동 347-1),,49,1.0,사용,등록,대구광역시 수성구 수성로39안길 13,35.844180019,128.61121609
1338,60511,예,아니오,코리아아파트,,개별난방,아니오,예,,,,,수성구 수성로 155 (중동 400-2),,18,1.0,사용,등록,대구광역시 수성구 수성로 155,35.83938464,128.611863604
1339,60601,아니오,아니오,새중동아파트,상동새중동,개별난방,아니오,예,중부안전팀,1990-10-24,2006.0,10 월,수성구 상화로 7 (상동 141),763-7878,140,4.0,사용,등록,대구광역시 수성구 상화로 7,35.835082621,128.608150031
1340,60602,아니오,아니오,청구중동아파트,상동청구중동,개별난방,아니오,예,중부안전팀,1990-10-29,2006.0,10 월,수성구 신천동로 150 (상동 178-1),,140,4.0,사용,등록,대구광역시 수성구 신천동로 150,35.838574735,128.607847733
1341,60603,아니오,아니오,정화빌라,상동정화빌라,개별난방,아니오,예,중부안전팀,1991-09-02,2006.0, 9 월,수성구 청수로4길 64 (상동 171),761-5020,12,2.0,사용,등록,대구광역시 수성구 청수로4길 64,35.83804742,128.609027783
1342,60604,아니오,아니오,상동청구타운,상동청구,개별난방,아니오,예,중부안전팀,1994-11-14,2006.0,11 월,수성구 수성로19길 41 (상동 247),768-9240,75,1.0,사용,등록,대구광역시 수성구 수성로19길 41,35.833601192,128.609095254
1343,60605,아니오,아니오,수성공영빌리지,수성공영빌리지,개별난방,아니오,예,중부안전팀,1995-11-30,2004.0,11 월,수성구 수성로19길 17 (상동 293-2),764-4374,,,사용,등록,대구광역시 수성구 수성로19길 17,35.833667928,128.610485124
1344,60606,아니오,아니오,청구하이츠빌,상동청구하이츠,기타,아니오,예,중부안전팀,1997-11-19,2006.0,11 월,수성구 상화로5길 57 (상동 159-2),764-4422,22,1.0,사용,등록,대구광역시 수성구 상화로5길 57,,
1345,60607,아니오,아니오,정화우방팔레스,정화우방팔레스,개별난방,아니오,예,중부안전팀,2003-01-10,2006.0, 1 월,수성구 수성로 135 (상동 72),762-3560,488,5.0,사용,등록,대구광역시 수성구 수성로 135,35.83837138,128.611263785
1346,60608,예,아니오,상동아파트,,개별난방,아니오,예,,,,,수성구 상동 594-3,,,,사용,미등록,대구광역시 수성구 상동 594-3,,
1347,60609,아니오,아니오,리버아크로파트,리버아크로파트아파트,개별난방,아니오,예,중부안전팀,2004-03-18,, 3 월,수성구 신천동로 90 (상동 206-17),766-2183,,,사용,등록,대구광역시 수성구 신천동로 90,35.833122627,128.607576608
1348,60702,아니오,아니오,대자연1차아파트,파동우방대자연1차,개별난방,아니오,예,중부안전팀,1987-06-27,2004.0, 6 월,수성구 파동로 120 (파동 153),762-0693,408,8.0,사용,등록,대구광역시 수성구 파동로 120,35.815294854,128.615715122
1349,60703,아니오,아니오,2차대자연아파트,파동우방대자연2차,개별난방,아니오,예,중부안전팀,1988-06-15,2005.0, 6 월,수성구 파동로 84 (파동 240),762-6440,280,5.0,사용,등록,대구광역시 수성구 파동로 84,35.812656354,128.618377987
1350,60704,아니오,아니오,송원맨션,파동보성송원,개별난방,아니오,예,중부안전팀,1989-10-04,2005.0,10 월,수성구 파동로 223 (파동 581-28),765-7288,234,3.0,사용,등록,대구광역시 수성구 파동로 223,35.822874788,128.610659158
1351,60705,아니오,아니오,한국아파트,파동한국,개별난방,아니오,예,중부안전팀,1990-09-26,2006.0, 9 월,수성구 파동로 98 (파동 206-2),,48,2.0,사용,등록,대구광역시 수성구 파동로 98,35.813043433,128.617604939
1352,60706,아니오,아니오,두성빌라,파동두성빌라,개별난방,아니오,예,중부안전팀,1992-07-29,2004.0, 7 월,수성구 파동로26길 12-1 (파동 118-303),,16,2.0,사용,등록,대구광역시 수성구 파동로26길 12-1,35.817657251,128.616288096
1353,60707,아니오,예,,파동대영빌라,개별난방,아니오,예,중부안전팀,1988-12-30,2005.0,12 월,수성구 파동로 43-6 (파동 540-6),,21,4.0,사용,,대구광역시 수성구 파동로 43-6,35.820482632,128.615805191
1354,60708,아니오,아니오,파동남광타운,파동남광,개별난방,아니오,예,중부안전팀,1996-02-07,2005.0, 2 월,수성구 파동로22길 3 (파동 193-1),767-1383,80,1.0,사용,등록,대구광역시 수성구 파동로22길 3,35.813781488,128.617111968
1355,60709,아니오,아니오,파동청구하이츠,파동청구하이츠,개별난방,아니오,예,중부안전팀,1997-10-21,2006.0,10 월,수성구 파동로12길 40 (파동 296),767-7107,134,2.0,사용,등록,대구광역시 수성구 파동로12길 40,35.809602546,128.622418095
1356,60710,아니오,아니오,경북아파트,파동경북,개별난방,아니오,예,중부안전팀,2001-07-24,2004.0, 7 월,수성구 파동로 117 (파동 165),,48,2.0,사용,등록,대구광역시 수성구 파동로 117,35.813674839,128.615598304
1357,60711,예,아니오,경남리버파크,,개별난방,아니오,예,,,,,수성구 파동로 83 (파동 519-6),,,,사용,등록,대구광역시 수성구 파동로 83,35.811386261,128.617754996
1358,60712,예,아니오,청림리더스,,개별난방,아니오,예,,,,,수성구 파동로 235 (파동 36-22),,18,1.0,사용,등록,대구광역시 수성구 파동로 235,35.823566377,128.610555497
1359,60713,아니오,아니오,수성맨션아파트,수성맨션,개별난방,아니오,예,중부안전팀,2003-08-20,2006.0, 8 월,수성구 파동로46길 32 (파동 70-3),764-8861,80,3.0,사용,등록,대구광역시 수성구 파동로46길 32,35.821835535,128.61344745
1360,60714,아니오,아니오,실리안,파동실리안아파트,개별난방,아니오,예,중부안전팀,2003-11-04,2006.0,11 월,수성구 파동로 209 (파동 24-9),764-8299,155,3.0,사용,등록,대구광역시 수성구 파동로 209,35.821386297,128.611504643
1361,60715,아니오,아니오,화성파크뷰,파동화성파크뷰아파트,개별난방,아니오,예,중부안전팀,2004-10-26,,10 월,수성구 파동로 19 (파동 486-1),215-4326,228,4.0,사용,등록,대구광역시 수성구 파동로 19,35.806443702,128.621793723
1362,60716,아니오,아니오,태왕리더스파동,파동태왕리더스아파트,개별난방,아니오,예,중부안전팀,2005-10-07,,10 월,수성구 파동로 105 (파동 197-1),762-1005,117,1.0,사용,등록,대구광역시 수성구 파동로 105,35.812760473,128.616434342
1363,60802,아니오,아니오,두산진보빌라,두산진보빌라,개별난방,아니오,예,중부안전팀,1998-12-16,2004.0,12 월,수성구 청수로24길 71 (두산동 1003),,16,2.0,사용,미등록,대구광역시 수성구 청수로24길 71,35.83656053,128.62194701
1364,60805,예,아니오,두산동하나로아울렛,,개별난방,아니오,예,,,,,수성구 두산동 151,,,1.0,사용,미등록,대구광역시 수성구 두산동 151,,
1365,60806,예,아니오,두산아름아파트,,개별난방,아니오,예,,,,,수성구 용학로 137 (두산동 745-13),,,,사용,등록,대구광역시 수성구 용학로 137,35.823892422,128.624438822
1366,60901,아니오,아니오,목련아파트,지산목련,개별난방,아니오,예,경산안전팀,1986-09-26,2004.0, 9 월,수성구 용학로42길 13 (지산동 1200),783-4189,770,12.0,사용,등록,대구광역시 수성구 용학로42길 13,35.820510387,128.631725405
1367,60903,아니오,아니오,낙원아파트,지산낙원아파트,개별난방,아니오,예,경산안전팀,1987-08-07,2004.0, 8 월,수성구 용학로36길 17 (지산동 1190-2),783-0131,145,3.0,사용,등록,대구광역시 수성구 용학로36길 17,35.820342279,128.6285233
1368,60904,아니오,아니오,녹원아파트,지산화성녹원,열병합(Co-gen),아니오,예,경산안전팀,1989-05-03,2005.0, 5 월,수성구 무학로 189 (지산동 761),764-8341,446,7.0,사용,등록,대구광역시 수성구 무학로 189,35.831185336,128.629601451
1369,60905,아니오,아니오,지산시영1(89),89지산시영,개별난방,아니오,예,경산안전팀,1989-10-25,2005.0,10 월,수성구 지산로3길 33 (지산동 1234),781-5010,700,12.0,사용,미등록,대구광역시 수성구 지산로3길 33,35.823360465,128.629510934
1370,60907,아니오,아니오,청구호반맨션,지산청구호반맨션,개별난방,아니오,예,경산안전팀,1990-07-13,2006.0, 7 월,수성구 용학로46길 40 (지산동 1208),782-9674,280,4.0,사용,등록,대구광역시 수성구 용학로46길 40,35.818733087,128.633814288
1371,60908,아니오,아니오,HOUSE101,지산연립(하우스101),개별난방,아니오,예,경산안전팀,1991-01-16,2006.0, 1 월,수성구 용학로44길 50-10 (지산동 1206-11),781-8196,,,사용,미등록,대구광역시 수성구 용학로44길 50-10,35.819244398,128.634265275
1372,60909,아니오,아니오,지산우방타운,지산우방,개별난방,아니오,예,경산안전팀,1991-05-18,2006.0, 5 월,수성구 지산로 32 (지산동 1271),784-0417,460,5.0,사용,등록,대구광역시 수성구 지산로 32,35.823820013,128.632940536
1373,60910,아니오,아니오,지산현대맨션,지산현대,개별난방,아니오,예,경산안전팀,1991-06-14,2006.0, 6 월,수성구 지범로22길 20 (지산동 1272-3),784-6990,387,4.0,사용,등록,대구광역시 수성구 지범로22길 20,35.820921641,128.634175469
1374,60911,아니오,아니오,지산영남맨션,지산영남,개별난방,아니오,예,경산안전팀,1991-07-06,2006.0, 7 월,수성구 지산로 31 (지산동 1257-1),782-3653,446,6.0,사용,등록,대구광역시 수성구 지산로 31,35.824855214,128.631737882
1375,60912,아니오,아니오,화성맨션,지산화성맨션,개별난방,아니오,예,경산안전팀,1991-06-25,2006.0, 6 월,수성구 용학로35길 62 (지산동 1257),781-5626,436,6.0,사용,등록,대구광역시 수성구 용학로35길 62,35.825205531,128.630286632
1376,60913,아니오,아니오,지산보성맨션,지산보성,개별난방,아니오,예,경산안전팀,1991-07-18,2006.0, 7 월,수성구 지범로21길 3 (지산동 1270-1),783-2801,180,2.0,사용,등록,대구광역시 수성구 지범로21길 3,35.823977265,128.635717588
1377,60914,아니오,아니오,청산맨션,지산청산,개별난방,아니오,예,경산안전팀,1991-08-09,2006.0, 8 월,수성구 지범로21길 15 (지산동 1269-1),783-8675,468,5.0,사용,등록,대구광역시 수성구 지범로21길 15,35.825510861,128.635301174
1378,60915,아니오,아니오,지산청구,지산청구,개별난방,아니오,예,경산안전팀,1991-08-06,2006.0, 8 월,수성구 지산로 48 (지산동 1270),782-6389,455,4.0,사용,등록,대구광역시 수성구 지산로 48,35.825275023,128.634227043
1379,60916,아니오,아니오,동서아파트,지산동서,개별난방,아니오,예,경산안전팀,1991-08-06,2006.0, 8 월,수성구 지산로 56 (지산동 1269),782-8381,465,5.0,사용,등록,대구광역시 수성구 지산로 56,35.825867958,128.63441016
1380,60917,아니오,아니오,지산에덴아파트,지산에덴,개별난방,아니오,예,경산안전팀,1991-09-11,2006.0, 9 월,수성구 용학로 223 (지산동 1272-2),783-0132,420,4.0,사용,등록,대구광역시 수성구 용학로 223,35.82114159,128.633477328
1381,60918,아니오,아니오,지산타운,지산시영3단지,개별난방,아니오,예,경산안전팀,1991-10-04,2006.0,10 월,수성구 용학로 303 (지산동 1288),783-8362,630,3.0,사용,등록,대구광역시 수성구 용학로 303,35.823311928,128.640837282
1382,60919,아니오,아니오,지산한라타운,지산한라,개별난방,아니오,예,경산안전팀,1991-09-18,2006.0, 9 월,수성구 지범로22길 9 (지산동 1275),781-5060,555,4.0,사용,등록,대구광역시 수성구 지범로22길 9,35.822094966,128.637513395
1383,60920,아니오,아니오,지산협화맨션,지산협화,개별난방,아니오,예,경산안전팀,1991-11-07,2006.0,11 월,수성구 지범로22길 23 (지산동 1273),784-1518,552,5.0,사용,등록,대구광역시 수성구 지범로22길 23,35.820798267,128.635680246
1384,60921,아니오,아니오,지산리더스,지산시영2단지,개별난방,아니오,예,경산안전팀,1991-11-08,2006.0,11 월,수성구 지산로 5 (지산동 1234-1),783-8361,694,4.0,사용,등록,대구광역시 수성구 지산로 5,35.821772276,128.631124112
1385,60922,예,아니오,지산서한이다음아파트,,개별난방,아니오,예,,,,,수성구 용학로 313 (지산동 1297-3),783-8363,488,3.0,사용,등록,대구광역시 수성구 용학로 313,35.823568634,128.641234358
1386,60923,예,아니오,지산5단지아파트,,개별난방,아니오,예,,,,,수성구 용학로 325 (지산동 1297),783-8364,"1,076",5.0,사용,등록,대구광역시 수성구 용학로 325,35.824078384,128.642454309
1387,60924,아니오,아니오,반호프빌라,지산반호프3차(대영),개별난방,아니오,예,경산안전팀,1992-01-10,2004.0, 1 월,수성구 용학로40길 33 (지산동 1197-4),781-2696,,,사용,등록,대구광역시 수성구 용학로40길 33,35.819480374,128.630515267
1388,60925,아니오,아니오,거송빌라,지산거송빌라,개별난방,아니오,예,경산안전팀,1992-06-23,2004.0, 6 월,수성구 용학로50길 12 (지산동 1211-3),,15,2.0,사용,등록,대구광역시 수성구 용학로50길 12,35.819861422,128.63581696
1389,60926,아니오,아니오,은초빌라,지산은초빌라,개별난방,아니오,아니오,경산안전팀,1992-07-03,2004.0, 7 월,수성구 범안로3길 77-17 (지산동 1213-1),781-2684,14,2.0,사용,등록,대구광역시 수성구 범안로3길 77-17,35.819190859,128.636751092
1390,60927,아니오,아니오,반호프V,지산반호프5차빌라,개별난방,아니오,예,경산안전팀,1993-04-20,2005.0, 4 월,수성구 용학로40길 11 (지산동 1195-3),,,,사용,등록,대구광역시 수성구 용학로40길 11,35.820693261,128.630029206
1391,60928,아니오,아니오,한일빌라,지산한일빌라,개별난방,아니오,예,경산안전팀,1993-04-13,2005.0, 4 월,수성구 용학로34길 12 (지산동 1186-10),,,,사용,등록,대구광역시 수성구 용학로34길 12,35.821786278,128.626810315
1392,60929,아니오,아니오,보우빌라,지산보우빌라,개별난방,아니오,아니오,경산안전팀,1993-09-07,, 9 월,수성구 용학로44길 50-7 (지산동 1207-3),,,,사용,등록,대구광역시 수성구 용학로44길 50-7,35.81923812,128.63457963
1393,60930,예,아니오,한원빌라,,개별난방,아니오,예,,,,,수성구 용학로25안길 15-8 (지산동 1181-14),,12,1.0,사용,등록,대구광역시 수성구 용학로25안길 15-8,35.824257694,128.626317479
1394,60931,아니오,아니오,부영빌라,지산부영빌라,개별난방,아니오,아니오,경산안전팀,1993-11-17,,11 월,수성구 용학로48길 59 (지산동 1209-6),784-0228,12,2.0,사용,등록,대구광역시 수성구 용학로48길 59,35.817572714,128.634623956
1395,60932,아니오,아니오,정안빌라,지산정안빌라,개별난방,아니오,아니오,경산안전팀,1993-12-09,,12 월,수성구 용학로46길 51 (지산동 1207-5),,,,사용,등록,대구광역시 수성구 용학로46길 51,35.818846233,128.63432435
1396,60933,아니오,아니오,지산해성빌라3차,지산해성빌라,개별난방,아니오,아니오,경산안전팀,1993-12-17,,12 월,수성구 용학로30길 42 (지산동 1189),,32,4.0,사용,등록,대구광역시 수성구 용학로30길 42,35.821914517,128.627390665
1397,60934,아니오,아니오,수성호반빌라,지산호반빌라,개별난방,아니오,아니오,경산안전팀,1994-03-24,, 3 월,수성구 용학로30길 26 (지산동 1185-2),783-4869,8,1.0,사용,등록,대구광역시 수성구 용학로30길 26,35.822223549,128.626562531
1398,60935,아니오,아니오,지산동다세대주택,지산제림원빌라,개별난방,아니오,아니오,경산안전팀,1994-04-22,2006.0, 4 월,수성구 용학로44길 50 (지산동 1206-14),,16,2.0,사용,등록,대구광역시 수성구 용학로44길 50,35.819608177,128.634404835
1399,60936,아니오,아니오,동서무학아파트,지산무학(동서2차),개별난방,아니오,예,경산안전팀,1994-09-30,2006.0, 9 월,수성구 지산로14길 83 (지산동 359-1),781-5246,,,사용,등록,대구광역시 수성구 지산로14길 83,35.826629007,128.638204945
1400,60937,아니오,아니오,대왕빌라트,지산대왕빌라,개별난방,아니오,아니오,경산안전팀,1995-05-29,2004.0, 5 월,수성구 용학로48길 33 (지산동 1210-3),,,,사용,등록,대구광역시 수성구 용학로48길 33,35.818819743,128.635064625
1401,60938,아니오,아니오,동산빌라트,지산동산빌라,개별난방,아니오,예,경산안전팀,1995-07-01,2004.0, 7 월,수성구 용학로44길 29 (지산동 1204-14),,,,사용,등록,대구광역시 수성구 용학로44길 29,35.820328417,128.633664617
1402,60939,아니오,아니오,동산빌라트,동산빌라2차,개별난방,아니오,아니오,경산안전팀,1995-12-05,,12 월,수성구 용학로36길 12 (지산동 1189-5),,,,사용,등록,대구광역시 수성구 용학로36길 12,35.821379595,128.628394829
1403,60940,아니오,아니오,우방빌라트,지산우방빌라트,개별난방,아니오,예,경산안전팀,1996-07-09,2005.0, 7 월,수성구 지산로14길 70 (지산동 563-3),781-8390,18,1.0,사용,등록,대구광역시 수성구 지산로14길 70,35.826085972,128.637491957
1404,60941,아니오,아니오,우일하이츠,지산우일빌라,개별난방,아니오,예,경산안전팀,1997-06-21,2006.0, 6 월,수성구 지산로14길 37 (지산동 580-1),,15,1.0,사용,등록,대구광역시 수성구 지산로14길 37,35.826886732,128.636117917
1405,60942,아니오,아니오,두원상가아파트,지산두원주상복합,개별난방,아니오,예,경산안전팀,1997-10-17,2006.0,10 월,수성구 동대구로12안길 10 (지산동 994),,,,사용,등록,대구광역시 수성구 동대구로12안길 10,35.835807348,128.625233156
1406,60943,아니오,아니오,목련모자원,지산목련모자원,개별난방,아니오,예,경산안전팀,1997-10-20,2006.0,10 월,수성구 지산로3길 111 (지산동 1181),763-0106,,,사용,미등록,대구광역시 수성구 지산로3길 111,35.824826924,128.626719001
1407,60944,아니오,아니오,지산대우로얄하이츠,지산대우로얄하이츠,개별난방,아니오,예,경산안전팀,1999-10-16,2005.0,10 월,수성구 용학로36길 20 (지산동 1190),783-6007,128,3.0,사용,등록,대구광역시 수성구 용학로36길 20,35.821271238,128.627444424
1408,60945,예,아니오,위너스타운,,개별난방,아니오,예,,,,,수성구 지산로11길 20 (지산동 651-2),,,,사용,등록,대구광역시 수성구 지산로11길 20,35.826524264,128.631637346
1409,60946,예,아니오,지산파크뷰,,개별난방,아니오,예,,,,,수성구 지산로13길 16 (지산동 654-9),,,,사용,등록,대구광역시 수성구 지산로13길 16,35.827296816,128.631954323
1410,60947,예,아니오,사랑누리아파트,,개별난방,아니오,예,,,,,수성구 지범로27길 25 (지산동 529),,16,1.0,사용,등록,대구광역시 수성구 지범로27길 25,35.825312803,128.638277319
1411,60948,아니오,아니오,지산화성파크드림,지산화성파크드림,개별난방,아니오,예,경산안전팀,2006-03-09,, 3 월,수성구 지범로17길 85 (지산동 1140-3),781-4756,142,2.0,사용,등록,대구광역시 수성구 지범로17길 85,35.827535323,128.628171896
1412,60990,예,아니오,한라자연맨션,,개별난방,아니오,예,,,,,수성구 용학로42길 46 (지산동 1196-2),783-3621,50,1.0,사용,등록,대구광역시 수성구 용학로42길 46,35.820318977,128.630531106
1413,60991,아니오,아니오,한라자연맨션,지산한라청산,개별난방,아니오,예,경산안전팀,1989-12-22,2005.0,12 월,수성구 용학로46길 32 (지산동 1203-2),784-9567,55,2.0,사용,등록,대구광역시 수성구 용학로46길 32,35.819390387,128.633474227
1414,61001,아니오,아니오,범물하이츠,범물근로자복지1단지(하이츠),개별난방,아니오,예,경산안전팀,1992-04-06,2004.0, 4 월,수성구 용학로 336 (범물동 1261),781-6478,"1,000",6.0,사용,등록,대구광역시 수성구 용학로 336,35.824883374,128.64405542
1415,61002,아니오,아니오,범물영남보성아파트,범물영남(101-106동),중앙난방(가스),아니오,예,경산안전팀,1992-07-29,2004.0, 7 월,수성구 용학로 316 (범물동 1269),781-5888,442,5.0,사용,등록,대구광역시 수성구 용학로 316,35.822392013,128.642439062
1416,61003,아니오,아니오,범물영남보성아파트,범물보성(201-206동),중앙난방(가스),아니오,예,경산안전팀,1992-07-20,2004.0, 7 월,수성구 용학로 316 (범물동 1269),783-8196,443,5.0,사용,등록,대구광역시 수성구 용학로 316,35.822392013,128.642439062
1417,61004,아니오,아니오,범물보성타운,범물보성조합,개별난방,아니오,예,경산안전팀,1992-08-11,2004.0, 8 월,수성구 지범로39길 56 (범물동 1279),781-3805,285,3.0,사용,등록,대구광역시 수성구 지범로39길 56,35.821253988,128.643631138
1418,61005,아니오,아니오,범물용지아파트,범물용지2단지,개별난방,아니오,예,경산안전팀,1992-06-25,2004.0, 6 월,수성구 범안로 79 (범물동 1283),781-1952,990,5.0,사용,등록,대구광역시 수성구 범안로 79,35.819812742,128.646545587
1419,61006,아니오,아니오,범물용지아파트,범물용지3단지,개별난방,아니오,예,경산안전팀,1992-06-29,2004.0, 6 월,수성구 범안로 77 (범물동 1285),781-1952,"1,150",7.0,사용,등록,대구광역시 수성구 범안로 77,35.819023263,128.645641736
1420,61007,아니오,아니오,범물용지아파트,범물용지4단지,개별난방,아니오,예,경산안전팀,1992-06-25,2004.0, 6 월,수성구 범안로 81 (범물동 1287),781-1952,506,3.0,사용,등록,대구광역시 수성구 범안로 81,35.819221595,128.646740433
1421,61008,아니오,아니오,범물청구아파트,범물청구,개별난방,아니오,예,경산안전팀,1992-09-15,2004.0, 9 월,수성구 지범로39길 12 (범물동 1281),783-1955,594,6.0,사용,등록,대구광역시 수성구 지범로39길 12,35.820565396,128.643211285
1422,61009,아니오,아니오,신화에덴아파트,범물에덴(201-202동),개별난방,아니오,예,경산안전팀,1992-08-12,2004.0, 8 월,수성구 지범로40길 6 (범물동 1332),783-5633,262,2.0,사용,등록,대구광역시 수성구 지범로40길 6,35.818533745,128.64008677
1423,61010,아니오,아니오,신화에덴아파트,범물신화(101-102동),개별난방,아니오,예,경산안전팀,1992-09-07,2004.0, 9 월,수성구 지범로40길 6 (범물동 1332),781-3334,260,2.0,사용,등록,대구광역시 수성구 지범로40길 6,35.818533745,128.64008677
1424,61018,아니오,아니오,범물삼주타운,범물삼주,개별난방,아니오,예,경산안전팀,1992-12-29,2004.0,12 월,수성구 범안로8길 35 (범물동 1382),782-9977,430,3.0,사용,등록,대구광역시 수성구 범안로8길 35,35.815184004,128.641780225
1425,61019,아니오,아니오,범물두성타운아파트,범물두성,개별난방,아니오,예,경산안전팀,1995-01-06,2004.0, 1 월,수성구 지범로 300 (범물동 887),783-6370,,,사용,등록,대구광역시 수성구 지범로 300,35.814755429,128.649081274
1426,61020,아니오,아니오,송정타운,범물보성송정아파트,개별난방,아니오,예,경산안전팀,1995-08-08,2004.0, 8 월,수성구 지범로46길 43 (범물동 697-1),784-9058,498,5.0,사용,등록,대구광역시 수성구 지범로46길 43,35.813987022,128.642935165
1427,61021,아니오,아니오,현대청림아파트,범물청림,개별난방,아니오,예,경산안전팀,1999-06-10,2005.0, 6 월,수성구 지범로54길 15 (범물동 630),783-6370,350,4.0,사용,등록,대구광역시 수성구 지범로54길 15,35.814488209,128.646327084
1428,61022,아니오,아니오,범물우방미진아파트,범물미진우방하이츠,개별난방,아니오,예,경산안전팀,1999-12-16,2005.0,12 월,수성구 지범로 290 (범물동 670),781-2966,661,9.0,사용,등록,대구광역시 수성구 지범로 290,35.814539351,128.647407997
1429,61090,아니오,아니오,서한화성아파트,범물서한화성,개별난방,아니오,예,경산안전팀,1992-07-30,2004.0, 7 월,수성구 지범로40길 11 (범물동 1328),783-4622,612,6.0,사용,등록,대구광역시 수성구 지범로40길 11,35.818999226,128.641298722
1430,61091,예,아니오,범물창신태성한라맨션,,개별난방,아니오,예,,,,,수성구 용학로 272 (범물동 1336),783-9639,804,6.0,사용,등록,대구광역시 수성구 용학로 272,35.820173841,128.63753008
1431,61092,예,아니오,범물청아타운,,개별난방,아니오,예,,,,,수성구 범안로 40 (범물동 1372),783-7298,680,8.0,사용,등록,대구광역시 수성구 범안로 40,35.817286106,128.64228758
1432,61401,예,아니오,하나타운,,개별난방,아니오,예,,,,,수성구 고산로 123 (매호동 1331),793-6188,"1,200",8.0,사용,등록,대구광역시 수성구 고산로 123,35.841896303,128.704601384
1433,61402,아니오,아니오,시지두레타운,시지2단지두레타운,개별난방,아니오,예,경산안전팀,1995-05-23,2004.0, 5 월,수성구 천을로 131 (매호동 1324),793-8508,780,4.0,사용,등록,대구광역시 수성구 천을로 131,35.843998066,128.705375383
1434,61403,아니오,아니오,누리타운,시지3단지누리타운,개별난방,아니오,예,경산안전팀,1995-05-23,2004.0, 5 월,수성구 달구벌대로637길 21 (매호동 1330),793-7890,600,4.0,사용,등록,대구광역시 수성구 달구벌대로637길 21,35.841894653,128.706014523
1435,61404,아니오,아니오,동서1차아파트,매호동서1차,개별난방,아니오,예,경산안전팀,1995-11-27,2004.0,11 월,수성구 천을로 180 (매호동 1040),792-8244,687,5.0,사용,등록,대구광역시 수성구 천을로 180,35.84268095,128.709673964
1436,61405,아니오,아니오,시지2차매호협화타운,매호협화타운,개별난방,아니오,예,경산안전팀,1996-03-13,2005.0, 3 월,수성구 천을로 181 (매호동 1055),213-5204,404,3.0,사용,등록,대구광역시 수성구 천을로 181,35.842906919,128.710845343
1437,61406,아니오,아니오,서한2차아파트,매호시지2차서한타운,개별난방,아니오,예,경산안전팀,1996-10-17,2005.0,10 월,수성구 천을로31길 8 (매호동 997-2),793-2688,209,2.0,사용,등록,대구광역시 수성구 천을로31길 8,35.8438888,128.708872555
1438,61407,아니오,아니오,매호2차동서아파트,매호동서2차,개별난방,아니오,예,경산안전팀,1999-03-10,2005.0, 3 월,수성구 달구벌대로641길 8 (매호동 1077-1),792-5771,282,3.0,사용,등록,대구광역시 수성구 달구벌대로641길 8,35.840935796,128.708306138
1439,61409,아니오,아니오,시지우방하이츠,매호시지우방하이츠,개별난방,아니오,예,경산안전팀,1999-11-06,2005.0,11 월,수성구 달구벌대로645길 22 (매호동 1033),794-5080,234,2.0,사용,등록,대구광역시 수성구 달구벌대로645길 22,35.841144619,128.711105132
1440,61410,아니오,아니오,매호청구하이츠,매호청구,개별난방,아니오,예,경산안전팀,2000-11-08,2006.0,11 월,수성구 천을로23길 26 (매호동 721-1),053-792-4494,128,1.0,사용,등록,대구광역시 수성구 천을로23길 26,35.84564132,128.70567779
1441,61411,아니오,아니오,시지태왕2차아파트,매호시지태왕2차,개별난방,아니오,예,경산안전팀,2001-03-27,2004.0, 3 월,수성구 천을로 170 (매호동 1075-1),053-794-8180,248,3.0,사용,등록,대구광역시 수성구 천을로 170,35.842978828,128.708865904
1442,61412,예,아니오,매호미래하이츠,,개별난방,아니오,예,,,,,수성구 천을로 201 (매호동 611),,33,2.0,사용,등록,대구광역시 수성구 천을로 201,35.841992246,128.712346483
1443,61413,아니오,아니오,매호유성푸르나임,유성시지랑스빌,개별난방,아니오,예,경산안전팀,2003-05-13,2006.0, 5 월,수성구 달구벌대로637길 10 (매호동 1087),791-0454,75,2.0,사용,등록,대구광역시 수성구 달구벌대로637길 10,35.841493416,128.706687056
1444,61414,예,아니오,매호3차동서타운베르티아,,개별난방,아니오,예,,,,,수성구 달구벌대로645길 15 (매호동 1040-6),791-3177,,,사용,등록,대구광역시 수성구 달구벌대로645길 15,35.840803484,128.709934616
1445,61415,예,아니오,승현하이츠,,개별난방,아니오,예,,,,,수성구 달구벌대로637길 22-1 (매호동 1088-4),,,,사용,등록,대구광역시 수성구 달구벌대로637길 22-1,35.842369591,128.707525682
1446,61416,예,아니오,매호리첸시아아파트,,개별난방,아니오,예,,,,,수성구 달구벌대로637길 22-3 (매호동 1083-4),,19,1.0,사용,등록,대구광역시 수성구 달구벌대로637길 22-3,35.842144919,128.707852226
1447,61417,아니오,아니오,매호효성백년가약아파트,매호효성백년가약아파트,개별난방,아니오,예,경산안전팀,2005-12-28,,12 월,수성구 천을로23길 31 (매호동 750),793-3371,419,6.0,사용,등록,대구광역시 수성구 천을로23길 31,35.846236652,128.705538455
1448,61418,아니오,아니오,매호화성파크드림,매호화성파크드림아파트,개별난방,아니오,예,경산안전팀,2006-01-26,, 1 월,수성구 달구벌대로641길 31 (매호동 986-1),792-0803,143,1.0,사용,등록,대구광역시 수성구 달구벌대로641길 31,35.842850815,128.70765573
1449,61419,아니오,아니오,한일유앤아이,매호동한일유엔아이아파트,개별난방,아니오,예,경산안전팀,2006-02-13,, 2 월,수성구 고산로 162 (매호동 979-4),792-0449,490,8.0,사용,등록,대구광역시 수성구 고산로 162,35.844886636,128.707087863
1450,61601,아니오,아니오,시지2차사월보성타운,사월보성타운,중앙난방(가스),아니오,예,경산안전팀,1996-08-28,2005.0, 8 월,수성구 욱수천로 133 (사월동 464),792-2868,"1,498",8.0,사용,등록,대구광역시 수성구 욱수천로 133,35.839388763,128.715812294
1451,61602,아니오,아니오,시지6차태왕리더스,시지6차태왕리더스아파트,개별난방,아니오,예,경산안전팀,2004-12-08,,12 월,수성구 달구벌대로669길 70 (사월동 510-2),795-6500,527,7.0,사용,등록,대구광역시 수성구 달구벌대로669길 70,35.838190417,128.721156579
1452,61603,아니오,아니오,사월화성파크드림,사월화성파크드림1단지,개별난방,아니오,예,경산안전팀,2006-03-08,, 3 월,수성구 달구벌대로 3304 (신매동 10-14),794-8101,,6.0,사용,등록,대구광역시 수성구 달구벌대로 3304,35.835949821,128.716948165
1453,61604,아니오,아니오,사월화성파크드림2단지,사월화성파크드림2단지,개별난방,아니오,예,경산안전팀,2006-03-08,, 3 월,수성구 달구벌대로 3304-1 (신매동 46),794-8102,,5.0,사용,등록,대구광역시 수성구 달구벌대로 3304-1,35.835249251,128.715809585
1454,61605,아니오,아니오,한라하우젠트,사월한라하우젠트아파트,개별난방,아니오,예,경산안전팀,2006-04-25,, 4 월,수성구 달구벌대로 3310 (신매동 10-31),793-1699,287,4.0,사용,등록,대구광역시 수성구 달구벌대로 3310,35.835463261,128.717959458
1455,61606,아니오,아니오,대구시지푸르지오,시지대우푸르지오,개별난방,아니오,예,경산안전팀,2006-05-10,, 5 월,수성구 달구벌대로661길 7 (사월동 325),795-2500,362,5.0,사용,등록,대구광역시 수성구 달구벌대로661길 7,35.83706882,128.718528218
1456,61701,아니오,아니오,시지천마타운,신매천마타운,개별난방,아니오,예,경산안전팀,1994-05-06,2006.0, 5 월,수성구 신매로 51 (신매동 582),791-1401,540,6.0,사용,등록,대구광역시 수성구 신매로 51,35.835477577,128.70633846
1457,61702,아니오,아니오,신매태성맨션,신매태성,개별난방,아니오,예,경산안전팀,1994-05-12,2006.0, 5 월,수성구 고산로 50 (신매동 581),791-2630,490,3.0,사용,등록,대구광역시 수성구 고산로 50,35.835630462,128.704963206
1458,61703,아니오,아니오,두성타운,신매두성,개별난방,아니오,예,경산안전팀,1994-06-14,2006.0, 6 월,수성구 고산로 30 (신매동 595),791-0709,385,3.0,사용,등록,대구광역시 수성구 고산로 30,35.83295495,128.704582587
1459,61707,아니오,아니오,시지에덴타운,신매에덴,개별난방,아니오,예,경산안전팀,1994-08-17,2006.0, 8 월,수성구 고산로12길 34 (신매동 594-1),792-4516,210,3.0,사용,등록,대구광역시 수성구 고산로12길 34,35.833902399,128.70599522
1460,61713,아니오,아니오,동서타운,시지동서,개별난방,아니오,예,경산안전팀,1995-10-12,2004.0,10 월,수성구 신매로 41 (신매동 594),792-6018,360,3.0,사용,등록,대구광역시 수성구 신매로 41,35.833956726,128.70661656
1461,61714,아니오,아니오,청솔타운,시지청솔,개별난방,아니오,예,경산안전팀,1995-11-03,2004.0,11 월,수성구 고산로 70 (신매동 580),792-6328,750,6.0,사용,등록,대구광역시 수성구 고산로 70,35.836117466,128.704770876
1462,61715,아니오,아니오,신화빌라트,신매신화빌라트,개별난방,아니오,예,경산안전팀,1996-10-31,2005.0,10 월,수성구 달구벌대로650길 29 (신매동 139-1),793-0470,291,4.0,사용,등록,대구광역시 수성구 달구벌대로650길 29,35.836032295,128.710107324
1463,61716,아니오,아니오,시지3차신매보성타운,신매보성3차,개별난방,아니오,예,경산안전팀,1997-10-01,2006.0,10 월,수성구 달구벌대로651길 23 (신매동 245),792-0455,151,1.0,사용,등록,대구광역시 수성구 달구벌대로651길 23,35.839323301,128.71365967
1464,61717,아니오,아니오,신매우방타운,신매우방,개별난방,아니오,예,경산안전팀,1997-11-12,2006.0,11 월,수성구 달구벌대로651길 33 (신매동 246),793-5344,221,1.0,사용,등록,대구광역시 수성구 달구벌대로651길 33,35.841195167,128.713667089
1465,61718,아니오,아니오,시지태왕하이츠,신매시지태왕1차,개별난방,아니오,예,경산안전팀,2000-11-28,2006.0,11 월,수성구 달구벌대로647길 16 (신매동 263),053-791-4976,343,4.0,사용,등록,대구광역시 수성구 달구벌대로647길 16,35.839945081,128.711648626
1466,61719,아니오,아니오,시지3차태왕하이츠,시지3차태왕하이츠,개별난방,아니오,예,경산안전팀,2001-11-28,2004.0,11 월,수성구 욱수천로 77 (신매동 100),792-0899,236,3.0,사용,등록,대구광역시 수성구 욱수천로 77,35.834762542,128.710945124
1467,61721,예,아니오,경일라임빌,,개별난방,아니오,예,,,,,수성구 달구벌대로649길 22 (신매동 253-3),,,,사용,등록,대구광역시 수성구 달구벌대로649길 22,35.840142907,128.712938516
1468,61722,아니오,아니오,시지하나로하이츠,신매하나로빌,개별난방,아니오,예,경산안전팀,2005-03-24,, 3 월,수성구 달구벌대로645길 13 (신매동 362-2),791-6620,35,1.0,사용,등록,대구광역시 수성구 달구벌대로645길 13,35.840457478,128.709374151
1469,61723,아니오,아니오,사월화성파크드림,사월화성파크드림3단지,개별난방,아니오,예,경산안전팀,2006-03-08,, 3 월,수성구 달구벌대로 3304-2 (신매동 49),794-8103,,3.0,사용,등록,대구광역시 수성구 달구벌대로 3304-2,35.834691653,128.714220337
1470,61724,아니오,아니오,신매동효성백년가약(청),신매효성백년가약아파트,개별난방,아니오,예,경산안전팀,2006-05-12,, 5 월,수성구 달구벌대로 3233 (신매동 280),795-3311,138,3.0,사용,등록,대구광역시 수성구 달구벌대로 3233,35.839629539,128.710783873
1471,61790,아니오,아니오,시지대백신화창신아파트,신매창신신화대백,개별난방,아니오,예,경산안전팀,1994-08-17,2006.0, 8 월,수성구 고산로 90 (신매동 569),792-4665,870,6.0,사용,등록,대구광역시 수성구 고산로 90,35.837676681,128.704417458
1472,61791,아니오,아니오,시지삼주한라협화타운,신매협화한라삼주,개별난방,아니오,예,경산안전팀,1994-08-09,2006.0, 8 월,수성구 신매로 91 (신매동 570),214-1606,954,6.0,사용,등록,대구광역시 수성구 신매로 91,35.838000867,128.708333734
1473,61792,아니오,아니오,시지보성서한타운아파트,신매보성서한,개별난방,아니오,예,경산안전팀,1995-01-11,2004.0, 1 월,수성구 신매로 21 (신매동 601),792-4736,664,6.0,사용,등록,대구광역시 수성구 신매로 21,35.831237722,128.706809424
1474,61801,아니오,아니오,시지4차태왕하이츠,태왕하이츠레젼드아파트,개별난방,아니오,예,경산안전팀,2003-11-17,2006.0,11 월,수성구 욱수천로 27 (욱수동 185-1),791-1299,402,5.0,사용,등록,대구광역시 수성구 욱수천로 27,35.831164258,128.710236179
1475,61802,아니오,아니오,태왕월드하이츠아파트,태왕월드하이츠(시지5차),개별난방,아니오,예,경산안전팀,2004-07-08,, 7 월,수성구 욱수천로 7 (욱수동 130),791-1396,416,3.0,사용,등록,대구광역시 수성구 욱수천로 7,35.829060299,128.708901134
1476,62101,아니오,아니오,이천방공포병달성,공군방공포병학교관사,개별난방,아니오,예,경산안전팀,2004-11-17,,11 월,수성구 달구벌대로568길 36 (이천동 산 36-1),,160,6.0,사용,미등록,대구광역시 수성구 달구벌대로568길 36,35.847164829,128.666117566
1477,62201,아니오,아니오,시지대백맨션,시지대백,개별난방,아니오,예,경산안전팀,1992-11-09,2004.0,11 월,수성구 달구벌대로625길 22 (시지동 462-5),791-0881,265,4.0,사용,등록,대구광역시 수성구 달구벌대로625길 22,35.844129662,128.699962845
1478,62202,아니오,아니오,제림은세계아파트,시지제림은세계,개별난방,아니오,예,경산안전팀,1993-01-12,2005.0, 1 월,수성구 달구벌대로 3081 (시지동 141-5),792-2681,299,1.0,사용,등록,대구광역시 수성구 달구벌대로 3081,35.843918488,128.694234876
1479,62203,아니오,아니오,전원타운,시지청구전원,개별난방,아니오,예,경산안전팀,1990-10-19,2006.0,10 월,수성구 시지로 45 (시지동 349),214-2491,678,6.0,사용,등록,대구광역시 수성구 시지로 45,35.840850065,128.694985816
1480,62204,예,아니오,시지한우,,개별난방,아니오,예,,,,,수성구 시지동 42,815-2037,,3.0,사용,미등록,대구광역시 수성구 시지동 42,35.839611937,128.693898583
1481,62205,아니오,아니오,대한아트빌,시지대한생명사원(대한아프빌),개별난방,아니오,예,경산안전팀,1991-12-05,2006.0,12 월,수성구 천을로 5 (시지동 170-1),812-2855,28,2.0,사용,등록,대구광역시 수성구 천을로 5,35.843499686,128.691889582
1482,62206,아니오,아니오,제림은탑맨션,시지제림은탑,개별난방,아니오,예,경산안전팀,1994-10-13,2006.0,10 월,수성구 천을로 49 (시지동 70),053-792-5199,346,2.0,사용,등록,대구광역시 수성구 천을로 49,35.845183866,128.696480991
1483,62207,아니오,아니오,노변청구타운,시지노변청구타운,개별난방,아니오,예,경산안전팀,1996-05-10,2005.0, 5 월,수성구 시지로 21 (시지동 486),791-6095,465,4.0,사용,등록,대구광역시 수성구 시지로 21,35.841424151,128.693176001
1484,62213,아니오,아니오,노변다숲아파트,시지노변목련,개별난방,아니오,예,경산안전팀,1996-11-21,2005.0,11 월,수성구 노변공원로 34 (시지동 499),793-1522,745,5.0,사용,등록,대구광역시 수성구 노변공원로 34,35.83931061,128.697206027
1485,62214,예,아니오,시지한우로얄아파트,,개별난방,아니오,예,,,,,수성구 천을로 70 (시지동 41),791-6984,,6.0,사용,미등록,대구광역시 수성구 천을로 70,35.844537149,128.698158694
1486,62215,아니오,아니오,시지경북(1.3동),"시지경북(1,3동)",개별난방,아니오,예,경산안전팀,2000-03-09,2006.0, 3 월,수성구 달구벌대로 3124 (시지동 318-1),,47,1.0,사용,미등록,대구광역시 수성구 달구벌대로 3124,35.842077118,128.697764472
1487,62216,아니오,아니오,시지경북(A.B동),"시지경북A,B",개별난방,아니오,예,경산안전팀,2000-06-12,2006.0, 6 월,수성구 달구벌대로622길 9 (시지동 374),791-7862,59,2.0,사용,등록,대구광역시 수성구 달구벌대로622길 9,35.841539929,128.697726321
1488,62217,예,아니오,시지미래하이츠,,개별난방,아니오,예,,,,,수성구 천을로 33 (시지동 150-8),,18,1.0,사용,등록,대구광역시 수성구 천을로 33,35.844998846,128.694202268
1489,62218,예,아니오,모닝하이츠,,개별난방,아니오,예,,,,,수성구 시지로3길 48 (시지동 405-1),,,,사용,등록,대구광역시 수성구 시지로3길 48,35.84168806,128.695128437
1490,62219,아니오,아니오,시지미래하이츠,시지3차미래하이츠,개별난방,아니오,예,경산안전팀,2004-09-13,, 9 월,수성구 천을로 35 (시지동 150-9),,19,1.0,사용,등록,대구광역시 수성구 천을로 35,35.845042816,128.69449071
1491,62290,아니오,아니오,고산노변타운,고산노변타운,개별난방,아니오,예,경산안전팀,1996-08-02,2005.0, 8 월,수성구 시지로 55 (시지동 498),791-6875,885,7.0,사용,등록,대구광역시 수성구 시지로 55,35.839508713,128.695168023
1492,62291,아니오,아니오,노변동서우방타운,시지노변동서우방,개별난방,아니오,예,경산안전팀,1996-10-15,2005.0,10 월,수성구 노변공원로 22 (시지동 509),793-0565,472,6.0,사용,등록,대구광역시 수성구 노변공원로 22,35.84137157,128.698449429
1493,62301,아니오,아니오,노변대백아파트,노변대백,개별난방,아니오,예,경산안전팀,1999-07-19,2005.0, 7 월,수성구 노변로 11 (노변동 440),791-3574,432,4.0,사용,등록,대구광역시 수성구 노변로 11,35.833281267,128.698845189
1494,62302,예,아니오,다한아파트,,개별난방,아니오,예,,,,,수성구 노변공원로 67 (노변동 317-4),,10,1.0,사용,등록,대구광역시 수성구 노변공원로 67,35.835974051,128.698025818
1495,62303,아니오,아니오,삼승월드타운,노변삼승월드타운,개별난방,아니오,예,경산안전팀,2002-12-03,2005.0,12 월,수성구 노변로 89 (노변동 122-17),,27,2.0,사용,등록,대구광역시 수성구 노변로 89,35.839448731,128.699959185
1496,62304,아니오,아니오,노변월드시티,노변동월드시티아파트,개별난방,아니오,예,경산안전팀,2003-06-04,2006.0, 6 월,수성구 노변공원로 61 (노변동 210),793-9062,40,1.0,사용,등록,대구광역시 수성구 노변공원로 61,35.836605925,128.69813382
1497,62305,예,아니오,태광월드빌,,개별난방,아니오,예,,,,,수성구 노변공원로 95 (노변동 446-5),,,,사용,등록,대구광역시 수성구 노변공원로 95,35.833840381,128.698480436
1498,118101,아니오,아니오,강창1차삼산타운,매곡강창삼산1차,개별난방,아니오,예,서부안전팀,1995-08-10,2004.0, 8 월,달성군 다사읍 달구벌대로 790 (매곡리 719-2),583-7450,721,3.0,사용,등록,대구광역시 달성군 다사읍 달구벌대로 790,35.861261601,128.458904025
1499,118102,아니오,아니오,강창동서아파트,매곡강창동서,CES(집단에너지),아니오,예,서부안전팀,1995-08-28,2004.0, 8 월,달성군 다사읍 왕선로 49 (매곡리 302),582-6937,296,2.0,사용,등록,대구광역시 달성군 다사읍 왕선로 49,35.863914389,128.463237521
1500,118103,아니오,아니오,강창태성그린시티,강창태성그린시티,개별난방,아니오,예,서부안전팀,1996-07-26,2005.0, 7 월,달성군 다사읍 죽곡2길 6 (죽곡리 152),583-9166,932,4.0,사용,등록,대구광역시 달성군 다사읍 죽곡2길 6,35.857306159,128.460638129
1501,118104,아니오,아니오,강창한서꼼빠니아타운,강창한서꼼빠니아,개별난방,아니오,예,서부안전팀,1996-10-25,2005.0,10 월,달성군 다사읍 달구벌대로 802-1 (매곡리 719-3),581-3946,448,3.0,사용,등록,대구광역시 달성군 다사읍 달구벌대로 802-1,35.86022338,128.459172286
1502,118105,아니오,아니오,서재화진금봉타운,서재화진금봉타운,지역난방,아니오,예,서부안전팀,1996-11-14,2005.0,11 월,달성군 다사읍 서재로 120 (서재리 169),585-6237,810,9.0,사용,등록,대구광역시 달성군 다사읍 서재로 120,35.874344919,128.49792582
1503,118107,아니오,아니오,서재보성타운,서재보성1차,지역난방,아니오,예,서부안전팀,1997-03-20,2006.0, 3 월,달성군 다사읍 서재로30길 17 (서재리 145),585-5404,740,8.0,사용,등록,대구광역시 달성군 다사읍 서재로30길 17,35.876540392,128.498929952
1504,118109,아니오,아니오,강창우방타운,강창우방타운,개별난방,아니오,예,서부안전팀,1997-08-21,2006.0, 8 월,달성군 다사읍 달구벌대로 770 (매곡리 719-1),581-6163,493,4.0,사용,등록,대구광역시 달성군 다사읍 달구벌대로 770,35.86138765,128.456309394
1505,118110,아니오,아니오,강창훼밀리아파트,다사강창훼미리타운,개별난방,아니오,예,서부안전팀,1998-10-22,2004.0,10 월,달성군 다사읍 달구벌대로 842-7 (죽곡리 산 56-1),588-3788,257,4.0,사용,등록,대구광역시 달성군 다사읍 달구벌대로 842-7,35.859732655,128.461744574
1506,118111,아니오,아니오,강창그린빌,다사강창그린빌,개별난방,아니오,예,서부안전팀,1998-11-11,2004.0,11 월,달성군 다사읍 달구벌대로 786 (매곡리 716-3),588-7345,117,1.0,사용,등록,대구광역시 달성군 다사읍 달구벌대로 786,35.861899394,128.457389242
1507,118112,아니오,아니오,서재2차보성타운,서재보성2차,지역난방,아니오,예,서부안전팀,1998-12-17,2004.0,12 월,달성군 다사읍 서재로30길 7 (서재리 61),585-7013,634,6.0,사용,등록,대구광역시 달성군 다사읍 서재로30길 7,35.876599327,128.498391137
1508,118113,아니오,아니오,서재우방타운,서재우방타운,지역난방,아니오,예,서부안전팀,2000-04-10,2006.0, 4 월,달성군 다사읍 서재로28길 39 (서재리 146-7),053-585-0484,520,3.0,사용,등록,대구광역시 달성군 다사읍 서재로28길 39,35.874246437,128.501243229
1509,118114,아니오,아니오,다사매곡정수장사택,매곡정수사업소관리주택,개별난방,아니오,예,서부안전팀,2000-12-20,2006.0,12 월,달성군 다사읍 달구벌대로 717 (매곡리 산 94),,48,2.0,사용,미등록,대구광역시 달성군 다사읍 달구벌대로 717,,
1510,118115,아니오,아니오,태왕드림하이츠,다사강창태왕드림하이츠,개별난방,아니오,예,서부안전팀,2000-10-28,2006.0,10 월,달성군 다사읍 달구벌대로 802 (매곡리 719-26),588-3998,282,4.0,사용,등록,대구광역시 달성군 다사읍 달구벌대로 802,35.862160297,128.459289763
1511,118116,아니오,아니오,에이스아파트,서재에이스아파트,개별난방,아니오,예,서부안전팀,2003-05-09,2006.0, 5 월,달성군 다사읍 서재본길 10 (서재리 541),,43,1.0,사용,등록,대구광역시 달성군 다사읍 서재본길 10,35.872404968,128.4961663
1512,118117,예,아니오,서재태진아파트,,개별난방,아니오,예,,,,,달성군 다사읍 서재로30길 6-3 (서재리 137-2),,,,사용,등록,대구광역시 달성군 다사읍 서재로30길 6-3,35.87575346,128.497852749
1513,118118,아니오,아니오,와룡건영캐스빌,서재건영아파트,개별난방,아니오,예,서부안전팀,2005-07-28,, 7 월,달성군 다사읍 서재로12길 41-16 (서재리 1068-5),585-4670,415,9.0,사용,등록,대구광역시 달성군 다사읍 서재로12길 41-16,35.866597217,128.492954328
1514,118190,아니오,아니오,강창하이츠,강창하이츠,개별난방,아니오,예,서부안전팀,1997-03-18,2006.0, 3 월,달성군 다사읍 달구벌대로 812 (죽곡리 129-1),588-7595,998,6.0,사용,등록,대구광역시 달성군 다사읍 달구벌대로 812,35.860353192,128.461509663
1515,118301,아니오,아니오,천내우방맨션,천내우방,개별난방,아니오,예,서부안전팀,1991-08-26,2006.0, 8 월,달성군 화원읍 화원로 26 (천내리 122),635-1302,220,5.0,사용,등록,대구광역시 달성군 화원읍 화원로 26,35.806761404,128.500525391
1516,118302,아니오,아니오,천내보성타운,천내보성,개별난방,아니오,예,서부안전팀,1991-03-14,2006.0, 3 월,달성군 화원읍 화원로 37 (천내리 117),634-3764,107,5.0,사용,등록,대구광역시 달성군 화원읍 화원로 37,35.807198358,128.498211377
1517,118303,아니오,아니오,평광아파트,천내평광2차,개별난방,아니오,예,서부안전팀,1992-05-22,2004.0, 5 월,달성군 화원읍 비슬로525길 37 (천내리 122-1),636-5543,188,6.0,사용,등록,대구광역시 달성군 화원읍 비슬로525길 37,35.807232595,128.501499422
1518,118304,아니오,아니오,화원대백아파트,화원성산대백,개별난방,아니오,예,서부안전팀,1992-11-24,2004.0,11 월,달성군 화원읍 성화로6길 5 (성산리 505),635-0375,270,4.0,사용,등록,대구광역시 달성군 화원읍 성화로6길 5,35.802346143,128.490057563
1519,118305,아니오,아니오,영남APT,천내영남,개별난방,아니오,예,서부안전팀,1993-05-31,2005.0, 5 월,달성군 화원읍 화원로 10 (천내리 42),631-0317,170,4.0,사용,등록,대구광역시 달성군 화원읍 화원로 10,35.805851355,128.501204415
1520,118306,아니오,아니오,창신맨션,천내창신,개별난방,아니오,예,서부안전팀,1993-11-01,2005.0,11 월,달성군 화원읍 화원로 36 (천내리 118),635-1302,302,8.0,사용,등록,대구광역시 달성군 화원읍 화원로 36,35.808650616,128.500532318
1521,118307,아니오,아니오,에덴타운,천내에덴,개별난방,아니오,예,서부안전팀,1992-05-15,2004.0, 5 월,달성군 화원읍 비슬로525길 48 (천내리 119),635-2983,128,4.0,사용,등록,대구광역시 달성군 화원읍 비슬로525길 48,35.80870936,128.500885504
1522,118308,아니오,아니오,청구청룡맨션,구라청룡,개별난방,아니오,예,서부안전팀,1995-03-14,2004.0, 3 월,달성군 화원읍 비슬로 2715 (구라리 1736-3),642-6829,231,2.0,사용,등록,대구광역시 달성군 화원읍 비슬로 2715,35.81059427,128.511798344
1523,118309,아니오,아니오,청구청탑맨션,본리청구청탑,개별난방,아니오,예,서부안전팀,1995-08-02,2004.0, 8 월,달성군 화원읍 비슬로 2674 (본리리 1-2),641-7750,,,사용,등록,대구광역시 달성군 화원읍 비슬로 2674,35.807073888,128.507874762
1524,118310,아니오,아니오,성화한빛아파트,화원한빛타운,개별난방,아니오,예,서부안전팀,1995-09-15,2004.0, 9 월,달성군 화원읍 비슬로491길 13 (설화리 536-2),636-8782,,,사용,등록,대구광역시 달성군 화원읍 비슬로491길 13,35.798502335,128.485369536
1525,118311,아니오,아니오,화원태왕타운,화원태왕타운,개별난방,아니오,예,서부안전팀,1995-10-13,2004.0,10 월,달성군 화원읍 성화로4길 13 (성산리 501),643-0708,741,9.0,사용,등록,대구광역시 달성군 화원읍 성화로4길 13,35.803108472,128.491080922
1526,118312,아니오,아니오,동서동산아파트,천내동산맨션,개별난방,아니오,예,서부안전팀,1997-03-05,2006.0, 3 월,달성군 화원읍 비슬로525길 21 (천내리 42-1),631-2810,260,6.0,사용,등록,대구광역시 달성군 화원읍 비슬로525길 21,35.807230943,128.502035768
1527,118313,아니오,아니오,청구청산맨션,청구청산맨션,개별난방,아니오,예,서부안전팀,1997-10-15,2006.0,10 월,달성군 화원읍 비슬로539길 5 (구라리 1734-1),633-4121,,,사용,등록,대구광역시 달성군 화원읍 비슬로539길 5,35.808662207,128.509244276
1528,118314,아니오,아니오,삼우청솔타운,화원삼우청솔타운,개별난방,아니오,예,서부안전팀,1997-10-31,2006.0,10 월,달성군 화원읍 비슬로539길 17 (구라리 1687),631-5954,498,3.0,사용,등록,대구광역시 달성군 화원읍 비슬로539길 17,35.809862443,128.50876816
1529,118315,아니오,아니오,평광현대아파트,화원평광1차현대,개별난방,아니오,예,서부안전팀,1998-04-17,2004.0, 4 월,달성군 화원읍 비슬로525길 2 (천내리 54),634-6918,99,4.0,사용,등록,대구광역시 달성군 화원읍 비슬로525길 2,35.80640188,128.504414277
1530,118316,아니오,아니오,한샘타운,화원한샘타운,개별난방,아니오,예,서부안전팀,1998-05-20,2004.0, 5 월,달성군 화원읍 사문진로6길 17 (천내리 329-2),639-4547,288,2.0,사용,등록,대구광역시 달성군 화원읍 사문진로6길 17,35.804263449,128.492667427
1531,118317,아니오,아니오,화원대구교도소사택,화원대구교도소사택,개별난방,아니오,예,서부안전팀,1998-12-07,2004.0,12 월,달성군 화원읍 비슬로 2624 (천내리 472),632-4653,,,사용,미등록,대구광역시 달성군 화원읍 비슬로 2624,,
1532,118318,아니오,아니오,화원삼주타운,화원삼주타운,개별난방,아니오,예,서부안전팀,1999-12-10,2005.0,12 월,달성군 화원읍 사문진로 349 (성산리 55),636-3678,435,2.0,사용,등록,대구광역시 달성군 화원읍 사문진로 349,35.808180728,128.488942169
1533,118319,아니오,아니오,명곡미래빌1단지,명곡주공1단지,지역난방,아니오,예,서부안전팀,1999-12-14,2005.0,12 월,달성군 화원읍 명곡로 11 (명곡리 112),644-0301,976,11.0,사용,등록,대구광역시 달성군 화원읍 명곡로 11,35.798277848,128.497131353
1534,118320,아니오,아니오,명곡미래빌2단지,명곡주공2단지,지역난방,아니오,예,서부안전팀,2000-01-14,2006.0, 1 월,달성군 화원읍 명천로 231 (명곡리 101),644-0352,"1,032",8.0,사용,등록,대구광역시 달성군 화원읍 명천로 231,35.798016607,128.494911677
1535,118321,아니오,아니오,명곡미래빌3단지,명곡주공3단지,지역난방,아니오,예,서부안전팀,1999-12-10,2005.0,12 월,달성군 화원읍 명곡로 30 (명곡리 130),644-0355,716,8.0,사용,등록,대구광역시 달성군 화원읍 명곡로 30,35.797319413,128.496227829
1536,118322,아니오,아니오,명곡미래빌4단지,명곡주공4단지,지역난방,아니오,예,서부안전팀,2000-04-29,2006.0, 4 월,달성군 화원읍 화암로 120 (명곡리 139),644-0135,800,11.0,사용,등록,대구광역시 달성군 화원읍 화암로 120,35.797966867,128.499811976
1537,118323,아니오,아니오,화원명곡혜광성광,명곡혜성성광타운,개별난방,아니오,예,서부안전팀,2000-11-23,2006.0,11 월,달성군 화원읍 비슬로508길 11 (명곡리 230-5),632-2261,40,4.0,사용,등록,대구광역시 달성군 화원읍 비슬로508길 11,,
1538,118324,아니오,아니오,명곡역미래빌5단지,화원명곡주공5,지역난방,아니오,예,서부안전팀,2001-10-08,2004.0,10 월,달성군 화원읍 명천로 243 (명곡리 220),644-0477,762,7.0,사용,등록,대구광역시 달성군 화원읍 명천로 243,35.797312495,128.493695029
1539,118325,아니오,아니오,대곡역그린빌,달성본리1블럭아파트(대곡역그린빌),지역난방,아니오,예,서부안전팀,2003-06-20,2006.0, 6 월,달성군 화원읍 명천로 57 (본리리 113-1),631-1262,"1,170",16.0,사용,등록,대구광역시 달성군 화원읍 명천로 57,35.802500307,128.510440625
1540,118326,아니오,아니오,대구본리2단지,달성본리2블럭아파트(2단지),지역난방,아니오,예,서부안전팀,2002-11-14,2005.0,11 월,달성군 화원읍 성암로 25 (본리리 113-2),644-1872,414,6.0,사용,등록,대구광역시 달성군 화원읍 성암로 25,35.801599093,128.509781199
1541,118327,아니오,아니오,화원태왕리더스,화원태왕리더스,개별난방,아니오,예,서부안전팀,2005-04-28,, 4 월,달성군 화원읍 화원로3길 66 (천내리 138-1),631-1063,321,6.0,사용,등록,대구광역시 달성군 화원읍 화원로3길 66,35.806202184,128.497516997
1542,118401,아니오,아니오,옥포제림뉴타운,옥포제림타운,개별난방,아니오,예,서부안전팀,1998-12-19,2004.0,12 월,달성군 옥포읍 교항제림길 10 (교항리 1519),615-7059,479,4.0,사용,등록,대구광역시 달성군 옥포읍 교항제림길 10,35.790080682,128.442694866
1543,118402,아니오,아니오,세광무지개마을,옥포무지개마을,개별난방,아니오,예,서부안전팀,2001-11-10,2004.0,11 월,달성군 옥포읍 본리로 102 (본리리 1149),616-8996,475,3.0,사용,등록,대구광역시 달성군 옥포읍 본리로 102,35.795239367,128.453572236
1544,118501,아니오,아니오,논공성원아파트,논공성원,개별난방,아니오,예,서부안전팀,1996-08-30,2005.0, 8 월,달성군 논공읍 논공로23길 14 (북리 803-4),616-8297,"1,364",6.0,사용,등록,대구광역시 달성군 논공읍 논공로23길 14,35.731098757,128.445711961
1545,118502,아니오,아니오,논공우방연합타운,논공연합우방,개별난방,아니오,예,서부안전팀,1996-10-10,2005.0,10 월,달성군 논공읍 논공중앙로22길 36 (남리 615-5),616-4015,250,1.0,사용,등록,대구광역시 달성군 논공읍 논공중앙로22길 36,35.72351288,128.449173031
1546,118503,아니오,아니오,논공주공아파트,논공주공,개별난방,아니오,예,서부안전팀,1997-07-10,2006.0, 7 월,달성군 논공읍 남리길 48 (남리 635),614-0503,360,4.0,사용,등록,대구광역시 달성군 논공읍 남리길 48,35.723140648,128.449209541
1547,118504,아니오,아니오,논공청구APT,논공청구타운,개별난방,아니오,예,서부안전팀,1997-12-09,2006.0,12 월,달성군 논공읍 논공로7길 73 (북리 803),614-1009,511,6.0,사용,등록,대구광역시 달성군 논공읍 논공로7길 73,35.730976583,128.441229432
1548,118505,아니오,아니오,논공삼주아파트,논공삼주,개별난방,아니오,예,서부안전팀,1998-07-27,2004.0, 7 월,달성군 논공읍 논공로7길 55 (남리 224),615-4425,324,5.0,사용,등록,대구광역시 달성군 논공읍 논공로7길 55,35.731735058,128.438978008
1549,118506,예,아니오,평광현대APT,,개별난방,아니오,예,,,,,달성군 논공읍 논공로21길 15 (북리 803-3),614-4986,340,5.0,사용,등록,대구광역시 달성군 논공읍 논공로21길 15,35.730333113,128.444277984
1550,118507,아니오,아니오,평광아파트,논공평광4차,개별난방,아니오,예,서부안전팀,1998-09-17,2004.0, 9 월,달성군 논공읍 남리길 7 (남리 573-2),614-4477,393,8.0,사용,등록,대구광역시 달성군 논공읍 남리길 7,35.72617087,128.449800583
1551,118508,아니오,아니오,평광현대APT,논공평광3차,개별난방,아니오,예,서부안전팀,1998-09-24,2004.0, 9 월,달성군 논공읍 용호로 6 (북리 824-178),615-4359,424,8.0,사용,등록,대구광역시 달성군 논공읍 용호로 6,35.727303652,128.446084215
1552,118509,아니오,아니오,부창황제빌라,논공황제빌라,개별난방,아니오,예,서부안전팀,1998-11-18,2004.0,11 월,달성군 논공읍 남리길 22-8 (남리 577-39),,19,1.0,사용,등록,대구광역시 달성군 논공읍 남리길 22-8,35.725312184,128.448401384
1553,118510,아니오,아니오,논공평광행복타운,논공5차평광행복타운,개별난방,아니오,예,서부안전팀,2004-07-07,, 7 월,달성군 논공읍 논공중앙로22길 12 (남리 578-15),616-0094,180,2.0,사용,등록,대구광역시 달성군 논공읍 논공중앙로22길 12,35.725845496,128.447523102
1554,118511,아니오,아니오,경일아파트,경일아파트,개별난방,아니오,예,서부안전팀,2004-12-14,,12 월,달성군 논공읍 논공로9길 39 (남리 1147),615-4500,330,8.0,사용,등록,대구광역시 달성군 논공읍 논공로9길 39,35.731051278,128.438516021
1555,118512,예,아니오,경림웰빙하이츠,,개별난방,아니오,예,,,,,달성군 논공읍 비슬로208길 28 (남리 137-32),,19,1.0,사용,등록,대구광역시 달성군 논공읍 비슬로208길 28,35.727659853,128.436500643
1556,118602,아니오,아니오,혜성빌라,가창혜성빌라,개별난방,아니오,예,중부안전팀,1992-10-05,2004.0,10 월,달성군 가창면 가창로221길 9-24 (용계리 6-1),766-2506,19,1.0,사용,등록,대구광역시 달성군 가창면 가창로221길 9-24,35.804782871,128.620991165
1557,118603,아니오,아니오,가창중석타운,가창중석타운,개별난방,아니오,예,중부안전팀,1997-04-17,2006.0, 4 월,달성군 가창면 가창로 1008 (용계리 465),767-9863,360,3.0,사용,등록,대구광역시 달성군 가창면 가창로 1008,35.796942716,128.627517082
1558,118604,아니오,아니오,주공아파트,달성용계아파트(주공아파트),개별난방,아니오,예,중부안전팀,2005-03-11,, 3 월,달성군 가창면 가창로216길 25 (용계리 34-2),768-2177,302,5.0,사용,등록,대구광역시 달성군 가창면 가창로216길 25,35.802442247,128.625016355
1559,118605,아니오,아니오,국태모닝포유아파트,가창모닝포유아파트,개별난방,아니오,예,중부안전팀,2005-02-28,, 2 월,달성군 가창면 가창로216길 55 (용계리 33-20),767-3338,150,3.0,사용,등록,대구광역시 달성군 가창면 가창로216길 55,35.804286722,128.623841698
1560,118606,아니오,아니오,다세대주택,가창한마음아파트,개별난방,아니오,예,중부안전팀,2005-10-27,,10 월,달성군 가창면 가창로216길 23-1 (용계리 95-1),,44,8.0,사용,등록,대구광역시 달성군 가창면 가창로216길 23-1,35.802435978,128.624134461
1561,118607,아니오,아니오,용계아파트,가창용계아파트,개별난방,아니오,예,중부안전팀,2005-12-16,,12 월,달성군 가창면 가창로216길 51 (용계리 33-16),,86,4.0,사용,등록,대구광역시 달성군 가창면 가창로216길 51,35.803585106,128.624599026
1562,118701,아니오,아니오,현풍주공,현풍주공,개별난방,아니오,예,서부안전팀,1997-10-02,2006.0,10 월,달성군 현풍읍 비슬로120길 13 (원교리 103),611-6623,230,6.0,사용,등록,대구광역시 달성군 현풍읍 비슬로120길 13,35.692569795,128.44456795
1563,118702,아니오,아니오,학산아파트,현풍학산,개별난방,아니오,예,서부안전팀,1999-03-31,2005.0, 3 월,달성군 현풍읍 현풍동로 23 (중리 335-1),614-0234,380,7.0,사용,등록,대구광역시 달성군 현풍읍 현풍동로 23,35.693498261,128.44896662
1564,118703,아니오,아니오,성창,현풍성창3차빌라,개별난방,아니오,예,서부안전팀,1999-06-28,2005.0, 6 월,달성군 현풍읍 현풍동로12길 13 (중리 96),,46,6.0,사용,등록,대구광역시 달성군 현풍읍 현풍동로12길 13,35.695731742,128.451801451
1565,118704,아니오,아니오,금성아파트,현풍금성,개별난방,아니오,예,서부안전팀,1999-06-28,2005.0, 6 월,달성군 현풍읍 현풍중앙로14길 85 (중리 286-2),611-4492,99,2.0,사용,등록,대구광역시 달성군 현풍읍 현풍중앙로14길 85,35.694013424,128.449510047
1566,118705,아니오,아니오,신동아빌라,현풍신동아빌라,개별난방,아니오,예,서부안전팀,1999-10-07,2005.0,10 월,달성군 현풍읍 비슬로116길 5 (원교리 163-8),,48,6.0,사용,등록,대구광역시 달성군 현풍읍 비슬로116길 5,35.690769007,128.445758018
1567,118706,예,아니오,제일탑스빌,,개별난방,아니오,예,,,,,달성군 현풍읍 현풍동로 47-1 (중리 103-2),,20,1.0,사용,등록,대구광역시 달성군 현풍읍 현풍동로 47-1,35.694803163,128.450207679
1568,118707,아니오,아니오,제일아파트,제일맨션,개별난방,아니오,예,서부안전팀,2005-05-03,, 5 월,달성군 현풍읍 현풍로24길 6 (중리 94-2),614-1514,72,1.0,사용,등록,대구광역시 달성군 현풍읍 현풍로24길 6,35.69652895,128.45160204
1569,120101,아니오,아니오,동남아파트,서상동남,개별난방,아니오,예,경산안전팀,1999-08-23,2005.0, 8 월,경산시 서상길 23 (서상동 131-7),814-7327,106,1.0,사용,등록,경상북도 경산시 서상길 23,35.814485205,128.737014678
1570,120201,아니오,아니오,경산삼북주공아파트,삼북주공,개별난방,아니오,예,경산안전팀,1997-02-26,2006.0, 2 월,경산시 장산로 152 (삼북동 27),816-2195,620,9.0,사용,등록,경상북도 경산시 장산로 152,35.818254474,128.742212807
1571,120202,아니오,아니오,초원맨션,초원맨션,개별난방,아니오,예,경산안전팀,2001-07-25,2004.0, 7 월,경산시 장산로25길 14 (삼북동 277-5),,,,사용,등록,경상북도 경산시 장산로25길 14,35.819623167,128.739373095
1572,120203,예,아니오,용승원빌,,개별난방,아니오,예,,,,,경산시 장산로25길 31 (삼북동 274-35),,,,사용,등록,경상북도 경산시 장산로25길 31,35.821273466,128.738462674
1573,120301,예,아니오,삼남아파트,,개별난방,아니오,예,,,,,경산시 경안로17길 16-2 (삼남동 99-4),,23,1.0,사용,미등록,경상북도 경산시 경안로17길 16-2,35.815788397,128.737216656
1574,120401,아니오,아니오,경산은하맨션아파트,신교은하,개별난방,아니오,예,경산안전팀,1994-02-22,2006.0, 2 월,경산시 경안로 74 (신교동 70-2),814-4600,,,사용,등록,경상북도 경산시 경안로 74,35.814171116,128.739391276
1575,120501,아니오,아니오,창신아파트,사정창신1차,개별난방,아니오,예,경산안전팀,1994-06-01,2006.0, 6 월,경산시 경산로30길 8 (사정동 15),811-0249,113,4.0,사용,등록,경상북도 경산시 경산로30길 8,35.821185951,128.729346788
1576,120502,아니오,아니오,옥산삼산타운,사정옥산삼산,개별난방,아니오,예,경산안전팀,1995-09-21,2004.0, 9 월,경산시 선비길 57 (사정동 124),813-5355,346,3.0,사용,등록,경상북도 경산시 선비길 57,35.81909022,128.724539377
1577,120503,아니오,아니오,신천지2차아파트,사정창신2차,개별난방,아니오,예,경산안전팀,1998-05-25,2004.0, 5 월,경산시 경산로30길 7 (사정동 14),813-1240,35,1.0,사용,등록,경상북도 경산시 경산로30길 7,35.822140966,128.728987941
1578,120504,예,아니오,미화아파트,,개별난방,아니오,예,,,,,경산시 경산로 157 (사정동 24-4),,,,사용,등록,경상북도 경산시 경산로 157,35.822337727,128.727357116
1579,120505,아니오,아니오,옥산서한이다음아파트,옥산서한이다음아파트1단지,개별난방,아니오,예,경산안전팀,2005-11-09,,11 월,경산시 선비길 45 (사정동 141),,106,2.0,사용,등록,경상북도 경산시 선비길 45,35.818382028,128.725139853
1580,120506,아니오,아니오,옥산서한이다음아파트,옥산서한이다음아파트2단지,개별난방,아니오,예,경산안전팀,2005-11-09,,11 월,경산시 장산로1길 35 (사정동 149-1),,131,2.0,사용,등록,경상북도 경산시 장산로1길 35,35.817573839,128.724465448
1581,120507,예,아니오,부광아파트,,개별난방,아니오,예,,,,,경산시 중앙로 3 (사정동 36-12),,25,1.0,사용,등록,경상북도 경산시 중앙로 3,35.820035212,128.728156581
1582,120509,예,아니오,강변맨션,,개별난방,아니오,예,,,,,경산시 강변서로 169-7 (사정동 3-14),,20,1.0,사용,등록,경상북도 경산시 강변서로 169-7,35.822556902,128.729197758
1583,120601,아니오,아니오,초원하이츠,중방초원하이츠,개별난방,아니오,예,경산안전팀,1992-07-10,2004.0, 7 월,경산시 중방로 32-1 (중방동 831-1),814-1321,,,사용,등록,경상북도 경산시 중방로 32-1,35.829900607,128.738242416
1584,120602,아니오,아니오,초원맨션,중방초원,개별난방,아니오,예,경산안전팀,1991-07-24,2006.0, 7 월,경산시 경안로48길 11-12 (중방동 835-6),813-6837,60,3.0,사용,등록,경상북도 경산시 경안로48길 11-12,35.829026784,128.737689018
1585,120603,아니오,아니오,한주빌라,중방한주빌라,개별난방,아니오,아니오,경산안전팀,1995-01-19,2004.0, 1 월,경산시 경안로42길 15-21 (중방동 845-22),815-0390,16,1.0,사용,등록,경상북도 경산시 경안로42길 15-21,35.827028219,128.738617763
1586,120604,아니오,아니오,광명아파트,경산광명아파트,개별난방,아니오,예,경산안전팀,2002-09-12,2005.0, 9 월,경산시 중앙초등길5길 8-8 (중방동 319-83),815-8835,240,5.0,사용,등록,경상북도 경산시 중앙초등길5길 8-8,35.824386037,128.73230229
1587,120701,아니오,아니오,태성아파트,상방태성타운,개별난방,아니오,예,경산안전팀,1995-05-03,2004.0, 5 월,경산시 남매로6길 20 (상방동 130),816-2669,321,2.0,사용,등록,경상북도 경산시 남매로6길 20,35.811953832,128.74276739
1588,120801,아니오,아니오,동화프라임빌,동화프라임빌아파트,개별난방,아니오,예,경산안전팀,2004-05-18,, 5 월,경산시 경산로 25 (옥곡동 830),802-0033,516,6.0,사용,등록,경상북도 경산시 경산로 25,35.811738231,128.733160186
1589,120802,아니오,아니오,부영조은마을,경산서부택지부영1차아파트(부영조은마을),개별난방,아니오,예,경산안전팀,2004-03-24,, 3 월,경산시 경산로 21 (옥곡동 831-1),802-5200,688,7.0,사용,등록,경상북도 경산시 경산로 21,35.811030084,128.732319514
1590,120803,아니오,아니오,부영우리마을,경산옥곡부영2차(부영우리마을),개별난방,아니오,예,경산안전팀,2005-06-22,, 6 월,경산시 경산로 26 (옥곡동 829-1),801-5400,510,7.0,사용,등록,경상북도 경산시 경산로 26,35.81208418,128.734280656
1591,120804,아니오,아니오,한일유앤아이아파트,한일유엔아이아파트,개별난방,아니오,예,경산안전팀,2005-06-29,, 6 월,경산시 경산로 40 (옥곡동 828),802-5005,328,6.0,사용,등록,경상북도 경산시 경산로 40,35.81330859,128.733188212
1592,120805,아니오,아니오,두리마을부영사랑으로,경산옥곡부영3차(두리마을부영사랑),개별난방,아니오,예,경산안전팀,2006-05-16,, 5 월,경산시 강변서로 17 (옥곡동 832-1),801-0345,966,11.0,사용,등록,경상북도 경산시 강변서로 17,35.811644763,128.734531427
1593,120806,아니오,아니오,웰리치성암,성암보국웰리치아파트,개별난방,아니오,예,경산안전팀,2006-06-14,, 6 월,경산시 삼성현로 203 (옥곡동 80),801-1677,250,5.0,사용,등록,경상북도 경산시 삼성현로 203,35.815235202,128.726127833
1594,120901,아니오,아니오,옥산청구아파트,옥산청구,개별난방,아니오,예,경산안전팀,1993-04-19,2005.0, 4 월,경산시 성암로8길 24 (옥산동 884-2),813-4758,610,6.0,사용,등록,경상북도 경산시 성암로8길 24,35.820100736,128.72315664
1595,120902,아니오,아니오,창신성암타운,옥산성암,개별난방,아니오,예,경산안전팀,1993-05-10,2005.0, 5 월,경산시 삼성현로31길 12 (옥산동 885),814-6710,579,5.0,사용,등록,경상북도 경산시 삼성현로31길 12,35.818866725,128.721877848
1596,120903,아니오,아니오,옥산우방타운,옥산우방,개별난방,아니오,예,경산안전팀,1993-04-30,2005.0, 4 월,경산시 성암로 26 (옥산동 884-1),814-4867,764,6.0,사용,등록,경상북도 경산시 성암로 26,35.821981068,128.720039477
1597,120904,아니오,아니오,옥산협화타운,옥산협화,개별난방,아니오,예,경산안전팀,1994-05-13,2006.0, 5 월,경산시 성암로 8 (옥산동 884),813-0443,570,7.0,사용,등록,경상북도 경산시 성암로 8,35.821685975,128.719049852
1598,120905,아니오,아니오,옥산해오름아파트,옥산 개나리(해오름101-103동),개별난방,아니오,예,경산안전팀,1994-08-19,, 8 월,경산시 삼성현로31길 7 (옥산동 884-4),815-7503,273,3.0,사용,등록,경상북도 경산시 삼성현로31길 7,35.819788408,128.720867243
1599,120906,아니오,아니오,승리빌라,옥산승리빌라,개별난방,아니오,예,경산안전팀,1995-07-07,2004.0, 7 월,경산시 경산로34길 17 (옥산동 786-2),,16,2.0,사용,등록,경상북도 경산시 경산로34길 17,35.824048278,128.728782569
1600,120909,아니오,아니오,옥산해오름아파트,옥산개나리2차(옥산해오름201-204동),개별난방,아니오,예,경산안전팀,1997-07-11,, 7 월,경산시 삼성현로31길 7 (옥산동 884-4),815-7503,399,4.0,사용,등록,경상북도 경산시 삼성현로31길 7,35.819788408,128.720867243
1601,120910,아니오,아니오,옥산동오피스텔,옥산오피스텔,개별난방,아니오,예,경산안전팀,2004-01-29,, 1 월,경산시 성암로21길 37-6 (옥산동 726-9),815-9931,40,1.0,사용,등록,경상북도 경산시 성암로21길 37-6,35.828077579,128.726164964
1602,120990,아니오,아니오,옥산신화·평광아파트,옥산신화평광타운,개별난방,아니오,예,경산안전팀,1996-05-27,2005.0, 5 월,경산시 경산로44길 29 (옥산동 725-2),813-4048,941,8.0,사용,등록,경상북도 경산시 경산로44길 29,35.828701621,128.727151264
1603,121001,아니오,아니오,윤성2차연립주택,백천윤성연립2차,개별난방,아니오,예,경산안전팀,1995-06-22,, 6 월,경산시 경청로222길 29 (백천동 115-39),811-2206,48,3.0,사용,등록,경상북도 경산시 경청로222길 29,35.804598089,128.743054975
1604,121002,아니오,아니오,백천주공아파트,백천주공(101-102동),중앙난방(기름),아니오,예,경산안전팀,1995-08-16,2004.0, 8 월,경산시 경청로222길 7 (백천동 570),814-2329,627,4.0,사용,등록,경상북도 경산시 경청로222길 7,35.804076154,128.741159791
1605,121003,아니오,아니오,경산2차윤성타운,경산윤성2차,개별난방,아니오,예,경산안전팀,1995-11-10,2004.0,11 월,경산시 백천길 29 (백천동 115-7),816-1960,413,3.0,사용,등록,경상북도 경산시 백천길 29,35.804299168,128.742706164
1606,121004,아니오,아니오,백천주공,백천주공2차(103-104동),중앙난방(기름),아니오,예,경산안전팀,1995-11-04,2004.0,11 월,경산시 경청로222길 7 (백천동 570),814-2329,239,2.0,사용,미등록,경상북도 경산시 경청로222길 7,35.804076154,128.741159791
1607,121005,아니오,아니오,부영초록마을,백천택지부영1단지(초록마을),개별난방,아니오,예,경산안전팀,2004-10-19,,10 월,경산시 백천동로 5 (백천동 571-1),802-2300,872,11.0,사용,등록,경상북도 경산시 백천동로 5,35.808029129,128.737726495
1608,121006,예,아니오,전원아파트,,개별난방,아니오,예,,,,,경산시 백천길 73-6 (백천동 551-7),,16,1.0,사용,등록,경상북도 경산시 백천길 73-6,35.800984044,128.741023972
1609,121007,아니오,아니오,동화리버빌,백천동화리버빌,개별난방,아니오,예,경산안전팀,2004-12-01,,12 월,경산시 경청로221길 17 (백천동 572-1),801-0017,296,5.0,사용,등록,경상북도 경산시 경청로221길 17,35.804584507,128.736933705
1610,121008,아니오,아니오,경산백천신나리아파트,경산백천신나리아파트,개별난방,아니오,예,경산안전팀,2005-08-04,, 8 월,경산시 경청로222길 8 (백천동 588-1),802-0013,630,8.0,사용,등록,경상북도 경산시 경청로222길 8,35.803723315,128.7396944
1611,121009,아니오,아니오,경산백천월드메르디앙,경산백천월드메르디앙,개별난방,아니오,예,경산안전팀,2005-10-14,,10 월,경산시 경청로221길 12 (백천동 571-2),801-0770,873,11.0,사용,등록,경상북도 경산시 경청로221길 12,35.804617919,128.738666287
1612,121101,아니오,아니오,경산1차우방맨션,경산정평우방(경산1차우방),개별난방,아니오,예,경산안전팀,1990-07-12,2006.0, 7 월,경산시 대학로16길 6 (정평동 138-6),811-0164,254,2.0,사용,등록,경상북도 경산시 대학로16길 6,35.833344472,128.730508644
1613,121102,아니오,아니오,경산2차우방맨션,정평우방2차,개별난방,아니오,예,경산안전팀,1991-10-11,2006.0,10 월,경산시 대학로12길 6 (정평동 138-4),811-0297,291,2.0,사용,등록,경상북도 경산시 대학로12길 6,35.833088316,128.728834383
1614,121103,아니오,아니오,경산세광아파트,정평세광,개별난방,아니오,예,경산안전팀,1992-02-18,2004.0, 2 월,경산시 강변서로 271 (중방동 818-59),811-3341,102,1.0,사용,등록,경상북도 경산시 강변서로 271,35.831741698,128.732230883
1615,121104,아니오,아니오,정평현대APT,정평현대,개별난방,아니오,예,경산안전팀,1992-03-13,2004.0, 3 월,경산시 강변서로51길 15-6 (정평동 240),814-6870,495,4.0,사용,등록,경상북도 경산시 강변서로51길 15-6,35.829771849,128.729352395
1616,121105,아니오,아니오,귀빈타운,정평귀빈,개별난방,아니오,예,경산안전팀,1993-03-19,2005.0, 3 월,경산시 대학로12길 24 (정평동 222),811-4579,751,6.0,사용,등록,경상북도 경산시 대학로12길 24,35.831760589,128.727677818
1617,121106,아니오,아니오,경산한서고층아파트,경산정평신혼하이츠(한서고층아파트),개별난방,아니오,예,경산안전팀,1993-06-22,2005.0, 6 월,경산시 대학로13길 26 (정평동 255-39),813-6466,,,사용,등록,경상북도 경산시 대학로13길 26,35.836374201,128.72988628
1618,121107,아니오,아니오,경산3차우방맨션,정평우방3차,개별난방,아니오,예,경산안전팀,1994-08-17,2006.0, 8 월,경산시 대학로12길 11-2 (정평동 255-87),815-8351,192,2.0,사용,등록,경상북도 경산시 대학로12길 11-2,35.832772976,128.729439835
1619,121108,아니오,아니오,정평현대타운,정평현대타운,개별난방,아니오,예,경산안전팀,1996-10-10,2005.0,10 월,경산시 대학로9길 8 (정평동 130),816-3150,973,10.0,사용,등록,경상북도 경산시 대학로9길 8,35.83569946,128.728872031
1620,121109,아니오,아니오,한솔아파트,경산한솔1차,개별난방,아니오,예,경산안전팀,1997-01-17,2006.0, 1 월,경산시 대학로9길 34 (정평동 162-6),816-7883,448,3.0,사용,등록,경상북도 경산시 대학로9길 34,35.837194076,128.728155931
1621,121110,아니오,아니오,한솔3차아파트,정평한솔3차,개별난방,아니오,예,경산안전팀,1998-01-12,2004.0, 1 월,경산시 대학로13길 53 (정평동 168),814-7768,144,1.0,사용,등록,경상북도 경산시 대학로13길 53,35.838583656,128.726949893
1622,121111,아니오,아니오,한솔2차아파트,경산한솔2차,개별난방,아니오,예,경산안전팀,1998-04-08,2004.0, 4 월,경산시 대학로13길 42 (정평동 255-35),811-8573,350,2.0,사용,등록,경상북도 경산시 대학로13길 42,35.83701452,128.729409841
1623,121112,아니오,아니오,경산LIG1단지,건영캐스빌A블럭(경산LIG1단지),개별난방,아니오,예,경산안전팀,2005-06-29,, 6 월,경산시 대학로9길 15-9 (정평동 151),801-0880,163,2.0,사용,등록,경상북도 경산시 대학로9길 15-9,35.835621332,128.726648722
1624,121113,아니오,아니오,경산LIG2단지,건영캐스빌B블럭(경산LIG2단지),개별난방,아니오,예,경산안전팀,2005-06-29,, 6 월,경산시 대학로9길 27-12 (정평동 154),801-0880,93,2.0,사용,등록,경상북도 경산시 대학로9길 27-12,35.836427683,128.726152937
1625,121201,아니오,아니오,계양주공아파트,계양주공1차(101-113동),개별난방,아니오,예,경산안전팀,1992-03-05,, 3 월,경산시 원효로32길 20 (계양동 669),813-9823,410,13.0,사용,등록,경상북도 경산시 원효로32길 20,35.818936851,128.752488222
1626,121202,예,아니오,초원전원아파트,,개별난방,아니오,예,,,,,경산시 계양로8길 36 (계양동 690),814-5041,162,2.0,사용,등록,경상북도 경산시 계양로8길 36,35.817007565,128.750971657
1627,121203,예,아니오,초원전원아파트,,개별난방,아니오,예,,,,,경산시 장산로50길 17-4 (계양동 691),814-5041,45,2.0,사용,등록,경상북도 경산시 장산로50길 17-4,35.81637376,128.750612331
1628,121204,아니오,아니오,초원맘모스아파트,계양초원맘모스,개별난방,아니오,예,경산안전팀,1990-09-05,2006.0, 9 월,경산시 원효로22길 22 (계양동 672-1),815-6888,262,1.0,사용,등록,경상북도 경산시 원효로22길 22,35.821189906,128.748681592
1629,121205,아니오,아니오,초원파크,사동초원파크,개별난방,아니오,예,경산안전팀,1991-07-13,2006.0, 7 월,경산시 백양로 91 (사동 600-3),817-8882,,,사용,등록,경상북도 경산시 백양로 91,35.814835855,128.752184172
1630,121206,예,아니오,계양주공아파트,,개별난방,아니오,예,,,,,경산시 원효로32길 20 (계양동 669),802-0252,310,9.0,사용,등록,경상북도 경산시 원효로32길 20,35.818936851,128.752488222
1631,121207,예,아니오,계양주공아파트,,개별난방,아니오,예,,,,,경산시 원효로32길 20 (계양동 669),802-0252,370,9.0,사용,등록,경상북도 경산시 원효로32길 20,35.818936851,128.752488222
1632,121208,아니오,아니오,상아빌라,계양상아빌라,개별난방,아니오,아니오,경산안전팀,1995-01-13,, 1 월,경산시 계양로16길 20 (계양동 670-2),,10,1.0,사용,등록,경상북도 경산시 계양로16길 20,35.821039488,128.750651212
1633,121209,아니오,아니오,대삼빌라,계양대삼빌라,개별난방,아니오,예,경산안전팀,1995-03-03,2004.0, 3 월,경산시 계양로16길 41 (계양동 668-11),,16,2.0,사용,등록,경상북도 경산시 계양로16길 41,35.820530974,128.753084068
1634,121210,아니오,아니오,금강도운빌라,계양금강도운빌라,개별난방,아니오,예,경산안전팀,1995-04-06,2004.0, 4 월,경산시 원효로28길 80-17 (계양동 684-15),,21,2.0,사용,등록,경상북도 경산시 원효로28길 80-17,35.817271781,128.747430078
1635,121211,아니오,아니오,대삼2차,계양대삼빌라2차,개별난방,아니오,예,경산안전팀,1996-05-04,2005.0, 5 월,경산시 계양로16길 39 (계양동 668-9),,16,2.0,사용,등록,경상북도 경산시 계양로16길 39,35.820472798,128.752735511
1636,121212,아니오,아니오,계양빌라,계양빌라,개별난방,아니오,예,경산안전팀,1998-12-11,2004.0,12 월,경산시 원효로26길 32 (계양동 677-4),,15,2.0,사용,등록,경상북도 경산시 원효로26길 32,35.819930721,128.74915005
1637,121213,예,아니오,대성아파트,,개별난방,아니오,예,,,,,경산시 원효로26길 31-7 (계양동 675-4),,16,1.0,사용,등록,경상북도 경산시 원효로26길 31-7,35.819758489,128.75032797
1638,121301,아니오,아니오,대평그린빌,경산대평주공아파트,개별난방,아니오,예,경산안전팀,2004-07-14,, 7 월,경산시 경안로69길 12 (대평동 428-1),812-4340,"1,278",13.0,사용,등록,경상북도 경산시 경안로69길 12,35.837529037,128.732019767
1639,121901,아니오,아니오,효동맨션,사동효동,개별난방,아니오,예,경산안전팀,1993-11-09,2005.0,11 월,경산시 원효로34길 24 (사동 575),817-5516,157,1.0,사용,등록,경상북도 경산시 원효로34길 24,35.818253652,128.753730723
1640,121902,아니오,아니오,계양우방맨션,사동우방,개별난방,아니오,예,경산안전팀,1994-08-17,2006.0, 8 월,경산시 백자로 103 (사동 595),802-0829,192,2.0,사용,등록,경상북도 경산시 백자로 103,35.814998138,128.756317269
1641,121903,아니오,아니오,삼립사원아파트,사동삼립사원,개별난방,아니오,예,경산안전팀,1995-11-23,2004.0,11 월,경산시 원효로40길 65 (사동 608),,30,1.0,사용,등록,경상북도 경산시 원효로40길 65,35.813809372,128.754509763
1642,121904,아니오,아니오,금강도운주택,경산금강도운빌라,개별난방,아니오,예,경산안전팀,1996-10-29,2005.0,10 월,경산시 원효로40길 17-2 (사동 580-1),817-8284,15,1.0,사용,등록,경상북도 경산시 원효로40길 17-2,35.817450958,128.756741767
1643,121905,아니오,아니오,연안장미아파트,사동연안빌라,개별난방,아니오,예,경산안전팀,1997-05-15,2006.0, 5 월,경산시 원효로40길 17-7 (사동 567-4),,8,1.0,사용,등록,경상북도 경산시 원효로40길 17-7,35.817566345,128.757221097
1644,121906,아니오,아니오,창신백조1차아파트,경산백조타운,개별난방,아니오,예,경산안전팀,1997-12-05,2006.0,12 월,경산시 원효로36길 46 (사동 600-5),802-6184,349,5.0,사용,등록,경상북도 경산시 원효로36길 46,35.816363706,128.753576313
1645,121907,아니오,아니오,창신백조2차아파트,경산창신2차백조,개별난방,아니오,예,경산안전팀,1998-03-09,2004.0, 3 월,경산시 원효로32길 57 (사동 600-1),218-4075,194,2.0,사용,등록,경상북도 경산시 원효로32길 57,35.815865804,128.751661036
1646,121908,아니오,아니오,동산아파트,사동동산,개별난방,아니오,예,경산안전팀,1998-07-29,2004.0, 7 월,경산시 원효로32길 45 (사동 600),811-1804,360,5.0,사용,등록,경상북도 경산시 원효로32길 45,35.816755168,128.752583304
1647,121909,아니오,아니오,소라아파트,사동소라,개별난방,아니오,예,경산안전팀,1999-06-28,2005.0, 6 월,경산시 원효로36길 58 (사동 600-4),,100,2.0,사용,미등록,경상북도 경산시 원효로36길 58,35.814733715,128.752916079
1648,121910,아니오,아니오,태왕드림하이츠,경산태왕드림하이츠,개별난방,아니오,예,경산안전팀,2001-10-27,2004.0,10 월,경산시 삼풍로 13-7 (삼풍동 500-1),818-2714,"1,015",10.0,사용,등록,경상북도 경산시 삼풍로 13-7,35.821380749,128.754270331
1649,121911,아니오,아니오,부영2차아파트,경산사동부영2차,개별난방,아니오,예,경산안전팀,2001-11-29,2004.0,11 월,경산시 장산로 319 (사동 650-1),818-7102,720,8.0,사용,등록,경상북도 경산시 장산로 319,35.815862126,128.758912984
1650,121912,아니오,아니오,부영1차아파트,경산사동부영1차,개별난방,아니오,예,경산안전팀,2001-10-27,2004.0,10 월,경산시 백자로20길 53 (사동 662-1),818-7100,640,8.0,사용,등록,경상북도 경산시 백자로20길 53,35.812699386,128.761687222
1651,121913,아니오,아니오,부영원앙마을,경산사동부영3차아파트(원앙마을),개별난방,아니오,예,경산안전팀,2003-08-22,2006.0, 8 월,경산시 백자로20길 9 (사동 659-1),802-6100,340,4.0,사용,등록,경상북도 경산시 백자로20길 9,35.815095464,128.758196222
1652,121914,아니오,아니오,부영그린마을,경산사동부영5단지(그린마을),개별난방,아니오,예,경산안전팀,2003-11-28,2006.0,11 월,경산시 백양로 181 (사동 670-1),802-6102,758,7.0,사용,등록,경상북도 경산시 백양로 181,35.811057345,128.760659108
1653,122701,아니오,아니오,강산애아파트,경동강산애아파트,개별난방,아니오,예,경산안전팀,2004-07-05,, 7 월,경산시 둥지로 32 (조영동 572-2),817-2377,299,9.0,사용,등록,경상북도 경산시 둥지로 32,35.840785451,128.754788235
1654,122890,아니오,아니오,경남,경남신성아파트,개별난방,아니오,예,경산안전팀,1996-12-03,2005.0,12 월,경산시 성암로21길 69 (중산동 35-3),812-2327,"1,118",13.0,사용,등록,경상북도 경산시 성암로21길 69,35.829233426,128.725652354
1655,122891,아니오,아니오,옥산태왕·한라타운,옥산한라태왕,개별난방,아니오,예,경산안전팀,1996-04-27,2005.0, 4 월,경산시 대학로8길 32 (중산동 36-2),814-8174,"1,176",10.0,사용,등록,경상북도 경산시 대학로8길 32,35.831888871,128.72574701
1656,128201,아니오,아니오,경산윤성3차아파트,경산윤성3차,개별난방,아니오,예,경산안전팀,1996-08-23,2005.0, 8 월,경산시 압량읍 연지길 152 (인안리 47),854-1762,453,3.0,사용,등록,경상북도 경산시 압량읍 연지길 152,35.865641575,128.789077437
1657,128202,아니오,아니오,부적주공아파트,경산부적주공,개별난방,아니오,예,경산안전팀,1997-12-09,2006.0,12 월,경산시 압량읍 조산로 26 (부적리 777),817-8581,577,8.0,사용,등록,경상북도 경산시 압량읍 조산로 26,35.845779431,128.761263887
1658,128203,아니오,아니오,한라빌라트,압량한라빌라트,개별난방,아니오,예,경산안전팀,1998-06-13,2004.0, 6 월,경산시 압량읍 화랑로63길 3 (부적리 537),817-1626,194,1.0,사용,등록,경상북도 경산시 압량읍 화랑로63길 3,35.840720011,128.761519083
1659,128204,아니오,아니오,압량세익로얄아파트,경산세익로얄,개별난방,아니오,예,경산안전팀,2000-10-16,2006.0,10 월,경산시 압량읍 대학로81길 10 (부적리 263-1),817-7189,143,2.0,사용,등록,경상북도 경산시 압량읍 대학로81길 10,35.84428294,128.762122812
1660,128205,아니오,아니오,성미아파트,성미아파트,개별난방,아니오,예,경산안전팀,2003-12-23,2006.0,12 월,경산시 압량읍 대학로69길 2-1 (부적리 489),,45,2.0,사용,등록,경상북도 경산시 압량읍 대학로69길 2-1,35.840827709,128.757916116
1661,128206,아니오,아니오,우진아파트,우진아파트,개별난방,아니오,예,경산안전팀,2004-10-18,,10 월,경산시 압량읍 대학로 347 (부적리 514-12),,34,1.0,사용,등록,경상북도 경산시 압량읍 대학로 347,35.840482695,128.758697308
1662,128301,아니오,아니오,창신무학타운,진량창신무학임대,개별난방,아니오,예,경산안전팀,1996-03-15,2005.0, 3 월,경산시 진량읍 금호강변로 820 (부기리 565-2),854-0777,980,4.0,사용,등록,경상북도 경산시 진량읍 금호강변로 820,35.906126256,128.820692606
1663,128302,아니오,아니오,경산1차윤성아파트,진량윤성1차,개별난방,아니오,예,경산안전팀,1995-12-15,2004.0,12 월,경산시 진량읍 선화로20길 25 (선화리 1089),851-6927,"1,305",5.0,사용,등록,경상북도 경산시 진량읍 선화로20길 25,35.8650174,128.793437319
1664,128303,아니오,아니오,초원장미타운,진량초원장미,개별난방,아니오,예,경산안전팀,1996-06-26,2005.0, 6 월,경산시 진량읍 초원길 53-4 (양기리 403-3),854-0046,"1,200",8.0,사용,등록,경상북도 경산시 진량읍 초원길 53-4,35.893068132,128.837921806
1665,128304,아니오,아니오,경산1차삼주봉황타운,삼주봉황1차,개별난방,아니오,예,경산안전팀,1996-10-14,2005.0,10 월,경산시 진량읍 봉황길 31 (봉회리 71-1),854-2737,"1,177",4.0,사용,등록,경상북도 경산시 진량읍 봉황길 31,35.884799304,128.821860222
1666,128305,아니오,아니오,창신황제타운,진량황제임대타운,개별난방,아니오,예,경산안전팀,1996-09-19,2005.0, 9 월,경산시 진량읍 황제1길 86-31 (황제리 70-1),856-4569,"1,112",7.0,사용,등록,경상북도 경산시 진량읍 황제1길 86-31,35.858828591,128.818534291
1667,128306,아니오,아니오,경산2차삼주봉황타운,삼주봉황2차,개별난방,아니오,예,경산안전팀,1996-12-06,2005.0,12 월,경산시 진량읍 봉황길 36 (봉회리 81-4),854-3455,495,2.0,사용,등록,경상북도 경산시 진량읍 봉황길 36,35.883365233,128.822492675
1668,128307,아니오,아니오,온정원룸,진량원룸(온정),개별난방,아니오,예,경산안전팀,1997-03-05,2006.0, 3 월,경산시 진량읍 문천길 35 (부기리 126-13),,,,사용,미등록,경상북도 경산시 진량읍 문천길 35,35.897868598,128.826962578
1669,128308,아니오,아니오,경산선화청구타운,선화청구타운,개별난방,아니오,예,경산안전팀,1997-11-21,2006.0,11 월,경산시 진량읍 영청길 22 (선화리 731),851-5389,513,3.0,사용,등록,경상북도 경산시 진량읍 영청길 22,35.874419589,128.800433296
1670,128309,아니오,아니오,경산3차삼주봉황타운,삼주봉황3차,개별난방,아니오,예,경산안전팀,1997-12-09,2006.0,12 월,경산시 진량읍 봉황길 21 (봉회리 62-16),854-0543,285,2.0,사용,등록,경상북도 경산시 진량읍 봉황길 21,35.885545806,128.819667215
1671,128310,아니오,아니오,경산4차삼주봉황타운,진량삼주봉황4차,개별난방,아니오,예,경산안전팀,1998-03-28,2004.0, 3 월,경산시 진량읍 봉황길 72 (북리 100),856-8723,"1,191",6.0,사용,등록,경상북도 경산시 진량읍 봉황길 72,35.883938137,128.827713796
1672,128311,아니오,아니오,경산우방힐타운,경산우방힐타운,개별난방,아니오,예,경산안전팀,1999-12-04,2005.0,12 월,경산시 진량읍 공단로 527 (신상리 868),856-0515,509,5.0,사용,등록,경상북도 경산시 진량읍 공단로 527,35.879388391,128.817143618
1673,128312,아니오,아니오,진량영호맨션,진량영호맨션,개별난방,아니오,예,경산안전팀,2001-03-02,2004.0, 3 월,경산시 진량읍 영청길 10 (선화리 720-2),851-7475,186,2.0,사용,등록,경상북도 경산시 진량읍 영청길 10,35.873449297,128.799633613
1674,128313,아니오,아니오,블루빌리지,이창무학연립주택(블루빌리지),개별난방,아니오,예,경산안전팀,2002-05-08,2005.0, 5 월,경산시 진량읍 대추마을길 10 (부기리 557-1),,39,1.0,사용,등록,경상북도 경산시 진량읍 대추마을길 10,35.904993214,128.819708017
1675,128314,아니오,아니오,보국웰리치경산,보국웰리치아파트,개별난방,아니오,예,경산안전팀,2005-03-31,, 3 월,경산시 진량읍 해든길 11 (신상리 205-1),856-4077,534,5.0,사용,등록,경상북도 경산시 진량읍 해든길 11,35.872703034,128.817047745
1676,128315,아니오,아니오,진량에덴타운,진량에덴타운,개별난방,아니오,예,경산안전팀,2006-03-08,, 3 월,경산시 진량읍 문천길 23 (부기리 126-6),853-4197,170,1.0,사용,등록,경상북도 경산시 진량읍 문천길 23,35.898375437,128.826398889
1677,129001,아니오,아니오,하나맨션,하양하나공영2차,개별난방,아니오,예,경산안전팀,1995-12-15,2004.0,12 월,경산시 하양읍 조산천동길 2 (동서리 751-1),851-1773,99,1.0,사용,등록,경상북도 경산시 하양읍 조산천동길 2,35.915008226,128.825217867
1678,129002,아니오,아니오,삼우황제맨션,하양삼우황제,개별난방,아니오,예,경산안전팀,1996-03-26,2005.0, 3 월,경산시 하양읍 대경로153길 15 (금락리 4-211),,94,1.0,사용,등록,경상북도 경산시 하양읍 대경로153길 15,35.914339391,128.822067823
1679,129003,아니오,아니오,대학로원룸,하양학사(대학로원롬),개별난방,아니오,예,경산안전팀,1995-10-24,2004.0,10 월,경산시 하양읍 하양역길 19-3 (금락리 116-282),,66,4.0,사용,미등록,경상북도 경산시 하양읍 하양역길 19-3,35.910582895,128.816150209
1680,129004,아니오,아니오,하양동신아파트,하양동신타운,개별난방,아니오,예,경산안전팀,1996-12-23,2005.0,12 월,경산시 하양읍 무학로 6 (도리리 112-6),854-5477,188,2.0,사용,등록,경상북도 경산시 하양읍 무학로 6,35.916706937,128.816103835
1681,129005,아니오,아니오,하양금락우방타운,하양금락우방,개별난방,아니오,예,경산안전팀,1997-11-28,2006.0,11 월,경산시 하양읍 대학로298길 19-3 (금락리 391-1),856-9166,365,2.0,사용,등록,경상북도 경산시 하양읍 대학로298길 19-3,35.911582822,128.824135795
1682,129006,아니오,아니오,하양평광아파트,하양평안평광,개별난방,아니오,예,경산안전팀,1998-07-29,2004.0, 7 월,경산시 하양읍 대학로295길 42 (금락리 408-1),856-9891,700,3.0,사용,등록,경상북도 경산시 하양읍 대학로295길 42,35.909040578,128.819766871
1683,129007,아니오,아니오,삼우궁전맨션,삼우궁전,개별난방,아니오,예,경산안전팀,1998-10-15,2004.0,10 월,경산시 하양읍 대경로159길 12 (동서리 747),853-4760,97,1.0,사용,등록,경상북도 경산시 하양읍 대경로159길 12,35.915673243,128.825289433
1684,129008,아니오,아니오,경산하양롯데아파트,하양롯데,개별난방,아니오,예,경산안전팀,1999-01-18,2005.0, 1 월,경산시 하양읍 대학로298길 20-9 (금락리 392-1),854-8517,724,10.0,사용,등록,경상북도 경산시 하양읍 대학로298길 20-9,35.912102693,128.826703025
1685,129009,아니오,아니오,하양2차청구타운,하양2차청구타운,개별난방,아니오,예,경산안전팀,2000-01-21,2006.0, 1 월,경산시 하양읍 하양로 202-8 (동서리 740-1),856-0210,406,4.0,사용,등록,경상북도 경산시 하양읍 하양로 202-8,35.916589698,128.825629129
1686,129010,아니오,아니오,하나맨션1차,하양하나맨션1차,개별난방,아니오,예,경산안전팀,1999-11-01,2005.0,11 월,경산시 하양읍 대경로 683-7 (금락리 116-58),853-6083,238,2.0,사용,등록,경상북도 경산시 하양읍 대경로 683-7,35.909340009,128.815244625
1687,129011,아니오,아니오,하양2차우방타운,하양금락우방2차,개별난방,아니오,예,경산안전팀,1999-11-05,2005.0,11 월,경산시 하양읍 하양로 29 (금락리 130-5),214-9313,199,4.0,사용,등록,경상북도 경산시 하양읍 하양로 29,35.909662796,128.811960213
1688,129012,예,아니오,하양영화직물기숙사,,개별난방,아니오,예,,,,,경산시 하양읍 하양로 194 (동서리 1103),,,3.0,사용,미등록,경상북도 경산시 하양읍 하양로 194,35.917061416,128.826884998
1689,129013,아니오,아니오,우방1차,하양우방1차아파트,개별난방,아니오,예,경산안전팀,2001-07-11,2004.0, 7 월,경산시 하양읍 금송로 11 (금락리 66),852-9048,158,4.0,사용,등록,경상북도 경산시 하양읍 금송로 11,35.913848215,128.817839726
1690,129014,아니오,아니오,개나리아파트,개나리아파트,개별난방,아니오,예,경산안전팀,2003-02-21,2006.0, 2 월,경산시 하양읍 아낙고개길 21 (금락리 107-4),851-4314,60,2.0,사용,등록,경상북도 경산시 하양읍 아낙고개길 21,35.913637316,128.815853768
1691,129015,아니오,아니오,천호아파트,하양천호아파트,개별난방,아니오,예,경산안전팀,2003-01-29,2006.0, 1 월,경산시 하양읍 대경로 771 (금락리 618),851-1501,40,1.0,사용,등록,경상북도 경산시 하양읍 대경로 771,35.913993326,128.82372282
1692,129016,아니오,아니오,금락아파트,금락아파트,개별난방,아니오,예,경산안전팀,2005-12-12,,12 월,경산시 하양읍 대경로 709-1 (금락리 116-40),,79,1.0,사용,등록,경상북도 경산시 하양읍 대경로 709-1,35.910731568,128.817983142
1693,129017,아니오,아니오,경산하양2차롯데낙천대,롯데2차낙천대,개별난방,아니오,예,경산안전팀,2006-03-08,, 3 월,경산시 하양읍 대학로295길 26 (금락리 407-1),856-9400,486,7.0,사용,등록,경상북도 경산시 하양읍 대학로295길 26,35.909280073,128.820559929
1694,139001,아니오,아니오,하양1차청구타운,동서리청구(하양1차청구타운),개별난방,아니오,예,경산안전팀,1994-06-08,2006.0, 6 월,경산시 하양읍 하양로33길 6 (동서리 1082-1),851-8189,546,4.0,사용,등록,경상북도 경산시 하양읍 하양로33길 6,35.918823202,128.823270094
1695,139002,아니오,아니오,하양3차우방타운,하양우방3차,개별난방,아니오,예,경산안전팀,1994-10-28,2006.0,10 월,경산시 하양읍 문화로 3 (금락리 130-8),853-1714,484,3.0,사용,등록,경상북도 경산시 하양읍 문화로 3,35.909683569,128.813683349
1696,139003,아니오,아니오,하양은호리통합병원,하양대구통합병원(국군병원사택),개별난방,아니오,예,경산안전팀,1994-10-25,2006.0,10 월,경산시 하양읍 대경로 425-41 (은호리 130-3),750-5014,70,2.0,사용,미등록,경상북도 경산시 하양읍 대경로 425-41,35.900887619,128.788349171
1697,178701,아니오,아니오,고령다산주공아파트,고령다산주공아파트,개별난방,아니오,예,서부안전팀,2005-10-28,,10 월,고령군 다산면 상곡길 28 (상곡리 162-7),054-955-8785,290,4.0,사용,등록,경상북도 고령군 다산면 상곡길 28,35.823055935,128.450049361
1698,200000,아니오,아니오,동대구삼환나우빌,동대구삼환나우빌아파트,개별난방,아니오,예,중부안전팀,2007-05-30,, 5 월,동구 동부로 81 (신천동 45-3),744-0560,183,2.0,사용,등록,대구광역시 동구 동부로 81,35.875766588,128.621135241
1699,200001,아니오,아니오,금류강남타운,금류강남타운1차아파트,개별난방,아니오,예,서부안전팀,2006-05-30,, 5 월,고령군 다산면 상곡1길 15 (상곡리 358),054-955-7698,656,3.0,사용,등록,경상북도 고령군 다산면 상곡1길 15,35.822369788,128.447208548
1700,200002,아니오,아니오,삼승슈퍼타워아파트,동인동슈퍼타운,개별난방,아니오,예,중부안전팀,2006-12-21,,12 월,중구 신암로 6 (동인동1가 362),,96,1.0,사용,등록,대구광역시 중구 신암로 6,35.873183177,128.605180351
1701,200004,아니오,아니오,2차금류강남타운,다산금류2차강남타운,개별난방,아니오,예,서부안전팀,2006-07-25,, 7 월,고령군 다산면 상곡3길 28 (상곡리 150-1),054-955-8810,499,3.0,사용,등록,경상북도 고령군 다산면 상곡3길 28,35.825162823,128.447365649
1702,200005,아니오,아니오,교대역월드메르디앙,교대역월드메르디앙아파트,개별난방,아니오,예,중부안전팀,2006-08-08,, 8 월,남구 이천로19길 68 (이천동 452),471-0961,361,4.0,사용,등록,대구광역시 남구 이천로19길 68,35.850516681,128.59587319
1703,200006,아니오,아니오,진천트윈팰리스,진천트윈펠리스,개별난방,아니오,예,서부안전팀,2006-05-26,, 5 월,달서구 월배로 71 (진천동 595),,192,2.0,사용,등록,대구광역시 달서구 월배로 71,35.814260863,128.52212697
1704,200009,예,아니오,대구지방검찰청서부지청,,개별난방,아니오,예,,,,,달서구 장산남로 30 (용산동 230),,36,1.0,사용,미등록,대구광역시 달서구 장산남로 30,35.853073618,128.527584008
1705,200010,아니오,아니오,이천뜨란채4단지,이천뜨란채4단지,개별난방,아니오,예,중부안전팀,2006-05-12,, 5 월,남구 대봉로26길 37 (이천동 239-2),474-6611,193,2.0,사용,등록,대구광역시 남구 대봉로26길 37,35.85040087,128.60587558
1706,200011,아니오,아니오,신성서진흥더블파크,서재진흥더블파크아파트,개별난방,아니오,예,서부안전팀,2007-10-25,,10 월,달성군 다사읍 서재로24길 29 (서재리 321-1),593-1790,667,5.0,사용,등록,대구광역시 달성군 다사읍 서재로24길 29,35.873707988,128.500454373
1707,200012,아니오,아니오,앞산클래식명가,앞산클래식명가,개별난방,아니오,예,중부안전팀,2006-10-27,,10 월,남구 현충로 107 (대명동 1676-5),,52,1.0,사용,등록,대구광역시 남구 현충로 107,35.842582139,128.579738439
1708,200013,아니오,아니오,경북대향토관,경북대학교향토관,개별난방,아니오,예,중부안전팀,2005-08-26,, 8 월,북구 대학로 80 (산격동 1370-1),,,,사용,미등록,대구광역시 북구 대학로 80,35.887720188,128.607715777
1709,200014,아니오,아니오,주공아파트(1단지),다사주공1단지아파트,개별난방,아니오,예,서부안전팀,2006-09-01,, 9 월,달성군 다사읍 매곡로14길 13 (매곡리 510),588-0730,308,5.0,사용,등록,대구광역시 달성군 다사읍 매곡로14길 13,35.865919724,128.456898342
1710,200015,아니오,아니오,주공아파트(2단지),다사주공2단지아파트,개별난방,아니오,예,서부안전팀,2006-09-01,, 9 월,달성군 다사읍 매곡로14길 11 (매곡리 509),588-0730,493,5.0,사용,등록,대구광역시 달성군 다사읍 매곡로14길 11,35.867023385,128.455583827
1711,200016,아니오,아니오,반월당SK허브스카이아파트,반월당SKHUB-SKY아파트,개별난방,아니오,예,중부안전팀,2006-08-28,, 8 월,중구 중앙대로 323 (남산동 654-1),252-0344,134,1.0,사용,등록,대구광역시 중구 중앙대로 323,35.862318112,128.59264989
1712,200017,아니오,아니오,갑을아파트,복현이오스아파트,개별난방,아니오,예,북부안전팀,2006-07-27,, 7 월,북구 복현로20길 87 (복현동 28-5),381-5038,80,1.0,사용,등록,대구광역시 북구 복현로20길 87,35.90707918,128.621187868
1713,200018,아니오,아니오,신성미소시티아파트,신성미소시티주상복합아파트,개별난방,아니오,예,중부안전팀,2007-08-20,, 8 월,중구 달구벌대로 2051 (계산동2가 100),428-5880,250,2.0,사용,등록,대구광역시 중구 달구벌대로 2051,35.866821963,128.588263249
1714,200019,아니오,아니오,월배역포스코더샵아파트,월배역포스코더샵,지역난방,아니오,예,서부안전팀,2006-06-20,, 6 월,달서구 월서로 51 (진천동 15-1),641-2910,816,7.0,사용,등록,대구광역시 달서구 월서로 51,35.818550113,128.528803922
1715,200020,아니오,아니오,둔산공군아파트,K2공군아파트독신자숙소,개별난방,아니오,예,경산안전팀,2006-12-14,,12 월,동구 둔산로 311 (둔산동 918),989-3852,200,7.0,사용,미등록,대구광역시 동구 둔산로 311,,
1716,200021,예,아니오,봉덕맨션A동,,개별난방,아니오,예,,,,,남구 대덕로 150 (봉덕동 568-5),,17,1.0,사용,미등록,대구광역시 남구 대덕로 150,35.840586828,128.599399845
1717,200022,아니오,아니오,센트로팰리스아파트,센트로팔래스,개별난방,아니오,예,중부안전팀,2007-01-12,, 1 월,중구 대봉로 260 (대봉동 60-10),431-2114,987,8.0,사용,등록,대구광역시 중구 대봉로 260,35.861760354,128.601144573
1718,200023,아니오,아니오,학정청아람,학정청아람아파트,열병합(Co-gen),아니오,예,북부안전팀,2007-11-01,,11 월,북구 학정로110길 29 (학정동 925),327-1566,943,8.0,사용,등록,대구광역시 북구 학정로110길 29,35.952807472,128.568054651
1719,200025,아니오,아니오,수성범물인앤인아파트,범물동인앤인아파트,개별난방,아니오,예,경산안전팀,2007-01-11,, 1 월,수성구 지범로52길 69 (범물동 634),781-6640,80,2.0,사용,등록,대구광역시 수성구 지범로52길 69,35.81402924,128.644100971
1720,200026,아니오,아니오,동명상가아파트,동명아파트(상가),개별난방,아니오,예,경산안전팀,2006-11-24,,11 월,동구 효목로 46 (효목동 564-1),751-3018,26,1.0,사용,등록,대구광역시 동구 효목로 46,35.877171631,128.639992308
1721,200027,아니오,아니오,신서롯데캐슬레전드,신서동롯데캐슬레전드아파트,개별난방,아니오,예,경산안전팀,2006-11-09,,11 월,동구 안심로73길 22 (신서동 755),965-7811,619,4.0,사용,등록,대구광역시 동구 안심로73길 22,35.871514993,128.725460919
1722,200028,아니오,아니오,황금동한화오벨리스크,황금동한화오벨리스크아파트,개별난방,아니오,예,경산안전팀,2006-11-07,,11 월,수성구 동대구로 210 (황금동 667),761-0156,76,1.0,사용,등록,대구광역시 수성구 동대구로 210,35.849125845,128.625422149
1723,200029,아니오,아니오,성당코오롱하늘채,코오롱하늘채,지역난방,아니오,예,서부안전팀,2007-01-11,, 1 월,달서구 장기로 160 (감삼동 287-57),556-5959,784,7.0,사용,등록,대구광역시 달서구 장기로 160,35.843915113,128.54184768
1724,200030,아니오,아니오,효성백년가약궁,범어효성백년가약아파트,개별난방,아니오,예,경산안전팀,2006-10-17,,10 월,수성구 청호로 466 (범어동 63-100),743-1189,114,1.0,사용,등록,대구광역시 수성구 청호로 466,35.856763003,128.643299608
1725,200031,아니오,아니오,시지대성유니드아파트,사월동대성유니드,개별난방,아니오,예,경산안전팀,2007-05-02,, 5 월,수성구 달구벌대로669길 80 (사월동 500),793-4020,413,5.0,사용,등록,대구광역시 수성구 달구벌대로669길 80,35.839353386,128.723233198
1726,200032,아니오,아니오,신성서화성파크드림,신성서화성파크드림아파트,개별난방,아니오,예,서부안전팀,2007-10-30,,10 월,달성군 다사읍 서재로27길 42 (서재리 100),585-9940,534,6.0,사용,등록,대구광역시 달성군 다사읍 서재로27길 42,35.875317679,128.496065137
1727,200033,아니오,아니오,푸르미칠곡마을,읍내동대구소년원관사(푸르미칠곡마을),개별난방,아니오,예,북부안전팀,2006-11-01,,11 월,북구 칠곡중앙대로 513 (읍내동 1214),,12,1.0,사용,제외,대구광역시 북구 칠곡중앙대로 513,35.941368071,128.550015937
1728,200034,아니오,아니오,칠곡1차한라하우젠트,칠곡1차한라하우젠트아파트,개별난방,아니오,예,북부안전팀,2006-11-30,,11 월,북구 학남로 10 (학정동 980),314-0983,566,6.0,사용,등록,대구광역시 북구 학남로 10,35.948228296,128.565482681
1729,200035,아니오,아니오,성서우방유쉘,성서우방유쉘아파트,개별난방,아니오,예,서부안전팀,2007-10-08,,10 월,달서구 달구벌대로 995 (파호동 24),591-1572,347,5.0,사용,등록,대구광역시 달서구 달구벌대로 995,35.853754968,128.474684326
1730,200036,아니오,아니오,우림필유,우림필유아파트,개별난방,아니오,예,경산안전팀,2006-11-03,,11 월,경산시 진량읍 봉황길 53 (북리 122-3),852-0007,436,6.0,사용,등록,경상북도 경산시 진량읍 봉황길 53,35.884471851,128.823635448
1731,200037,아니오,아니오,월드메르디앙,만촌동월드메르디앙주상복합아파트,개별난방,아니오,예,경산안전팀,2006-11-28,,11 월,수성구 달구벌대로 2583 (만촌동 1037-7),754-2585,124,1.0,사용,등록,대구광역시 수성구 달구벌대로 2583,35.859259249,128.64539505
1732,200038,아니오,아니오,벽산e-솔렌스힐,신천솔랜스힐아파트,개별난방,아니오,예,중부안전팀,2006-11-30,,11 월,동구 장등로 56 (신천동 100),755-8237,187,2.0,사용,등록,대구광역시 동구 장등로 56,35.872001779,128.62417481
1733,200039,아니오,아니오,수성월드메르디앙,시지유성월드 메르디앙아파트,개별난방,아니오,예,경산안전팀,2007-10-24,,10 월,수성구 노변로 55 (노변동 353),795-1980,753,9.0,사용,등록,대구광역시 수성구 노변로 55,35.837265954,128.699658352
1734,200040,아니오,아니오,범어동일하이빌,범어동동일하이빌,개별난방,아니오,예,경산안전팀,2007-08-20,, 8 월,수성구 동대구로52길 55 (범어동 897),751-2460,228,2.0,사용,등록,대구광역시 수성구 동대구로52길 55,35.85369801,128.628345146
1735,200041,아니오,아니오,주공아파트,상방주공아파트,개별난방,아니오,예,경산안전팀,2006-11-06,,11 월,경산시 남매로6길 7 (상방동 292),802-0860,528,7.0,사용,등록,경상북도 경산시 남매로6길 7,35.813459001,128.741562386
1736,200042,아니오,아니오,범어유림노르웨이숲2차,범어유림노르웨이숲2차아파트,개별난방,아니오,예,경산안전팀,2007-07-25,, 7 월,수성구 동대구로50길 67 (범어동 908-4),743-5395,72,1.0,사용,등록,대구광역시 수성구 동대구로50길 67,35.851463972,128.629839497
1737,200043,아니오,아니오,월성자이아파트,월성동자이아파트,지역난방,아니오,예,서부안전팀,2006-11-06,,11 월,달서구 조암남로10길 21 (월성동 1261),642-9915,480,5.0,사용,등록,대구광역시 달서구 조암남로10길 21,35.822298659,128.526477928
1738,200044,아니오,아니오,월성코오롱하늘채아파트1단지,월성동코오롱하늘채1단지,지역난방,아니오,예,서부안전팀,2007-01-26,, 1 월,달서구 조암남로16길 19 (월성동 1557-6),632-9559,823,6.0,사용,등록,대구광역시 달서구 조암남로16길 19,35.82152774,128.521709834
1739,200045,아니오,아니오,월성코오롱하늘채2단지,월성동코오롱하늘채2단지,지역난방,아니오,예,서부안전팀,2007-01-26,, 1 월,달서구 조암남로16길 20 (월성동 1551),632-0715,303,3.0,사용,등록,대구광역시 달서구 조암남로16길 20,35.822325505,128.523303617
1740,200046,아니오,아니오,수성2차e-편한세상,수성2차대림e-편한세상,개별난방,아니오,예,경산안전팀,2006-11-22,,11 월,수성구 달구벌대로522길 33 (만촌동 1046-10),743-4021,447,8.0,사용,등록,대구광역시 수성구 달구벌대로522길 33,35.856390139,128.647434474
1741,200047,아니오,아니오,시장아파트,신암상가아파트,개별난방,아니오,예,중부안전팀,2007-01-19,, 1 월,동구 아양로8길 11 (신암동 211),,26,1.0,사용,등록,대구광역시 동구 아양로8길 11,,
1742,200048,아니오,아니오,태왕아너스월성,월성태왕아너스아파트,지역난방,아니오,예,서부안전팀,2006-12-01,,12 월,달서구 조암남로 24 (월성동 585),632-1842,499,6.0,사용,등록,대구광역시 달서구 조암남로 24,35.822424535,128.528195741
1743,200049,아니오,아니오,은호아파트,경산은호아파트2단지,개별난방,아니오,예,경산안전팀,2007-01-10,, 1 월,경산시 경안로41길 44-6 (중방동 304-44),814-0580,60,2.0,사용,등록,경상북도 경산시 경안로41길 44-6,35.826024492,128.732614515
1744,200050,아니오,아니오,은호아파트,경산은호아파트1단지,개별난방,아니오,예,경산안전팀,2007-01-10,, 1 월,경산시 경안로41길 44-3 (중방동 304-1),814-0580,144,3.0,사용,등록,경상북도 경산시 경안로41길 44-3,35.826049807,128.731807794
1745,200051,아니오,아니오,상인역신일해피트리,상인신일해피트리아파트,지역난방,아니오,예,서부안전팀,2007-02-14,, 2 월,달서구 월서로 31 (상인동 150-11),642-0660,678,7.0,사용,등록,대구광역시 달서구 월서로 31,35.819567677,128.531294591
1746,200052,아니오,아니오,무열마을,2군사령부무열아파트(가~바동),개별난방,아니오,예,경산안전팀,2006-12-22,,12 월,수성구 무열로 56 (만촌동 599-1),750-6920,140,4.0,사용,미등록,대구광역시 수성구 무열로 56,,
1747,200053,아니오,아니오,영남대대학원기숙사,영남대대학원기숙사(법학),개별난방,아니오,예,경산안전팀,2007-02-21,, 2 월,경산시 삼풍안길 7-8 (삼풍동 532-1),,104,1.0,사용,미등록,경상북도 경산시 삼풍안길 7-8,35.822700533,128.757735896
1748,200054,아니오,아니오,무열마을,2군사령부E관사(1동),개별난방,아니오,예,경산안전팀,2006-12-29,,12 월,수성구 만촌동 산 184,750-6920,20,1.0,사용,미등록,대구광역시 수성구 만촌동 산 184,,
1749,200055,아니오,아니오,검사공군광성,,개별난방,아니오,아니오,,,,,동구 둔산로 311-1 (검사동 276-1),989-3960,24,1.0,사용,미등록,대구광역시 동구 둔산로 311-1,,
1750,200056,아니오,아니오,강북화성파크드림,강북화성파크드림아파트,개별난방,아니오,예,북부안전팀,2007-11-23,,11 월,북구 칠곡중앙대로 312 (태전동 420-5),246-6236,392,4.0,사용,등록,대구광역시 북구 칠곡중앙대로 312,35.923264194,128.547653298
1751,200057,아니오,아니오,상인자이,GS상인자이아파트,지역난방,아니오,예,서부안전팀,2006-12-19,,12 월,달서구 상원로 142 (상인동 133),641-7743,646,7.0,사용,등록,대구광역시 달서구 상원로 142,35.820608144,128.530628399
1752,200058,아니오,아니오,반월당삼정그린코아아파트,반월당삼정그린코아,개별난방,아니오,예,중부안전팀,2007-06-13,, 6 월,중구 중앙대로67길 10 (남산동 665),431-8824,372,3.0,사용,등록,대구광역시 중구 중앙대로67길 10,35.863543363,128.592787766
1753,200059,아니오,아니오,칠곡7주공아파트,칠곡주공7단지,개별난방,아니오,예,북부안전팀,2007-06-22,, 6 월,북구 학남로 60 (학정동 984),314-3777,295,4.0,사용,등록,대구광역시 북구 학남로 60,35.947179945,128.569719519
1754,200060,아니오,아니오,월배힐스테이트,대천현대힐스테이트,개별난방,아니오,예,서부안전팀,2008-04-30,, 4 월,달서구 조암남로 132 (대천동 413),636-8223,730,6.0,사용,등록,대구광역시 달서구 조암남로 132,35.818641105,128.519170049
1755,200061,아니오,아니오,앞산힐스테이트,앞산현대힐스테이트,개별난방,아니오,예,중부안전팀,2008-02-05,, 2 월,남구 대덕로 166 (봉덕동 1630),,425,4.0,사용,등록,대구광역시 남구 대덕로 166,35.840500413,128.601514122
1756,200062,아니오,아니오,수성태영데시앙,수성태영데시앙,열병합(Co-gen),아니오,예,중부안전팀,2008-03-05,, 3 월,수성구 들안로 360 (수성동4가 1017-1),745-2388,718,6.0,사용,등록,대구광역시 수성구 들안로 360,35.86282387,128.619572966
1757,200063,아니오,아니오,시지태왕아너스,시지태왕아너스아파트,개별난방,아니오,예,경산안전팀,2007-10-26,,10 월,수성구 천을로 91 (시지동 28),795-7933,407,4.0,사용,등록,대구광역시 수성구 천을로 91,35.845162095,128.699823604
1758,200064,아니오,아니오,강북화성파크드림와이드,강북2차화성파크드림와이드,개별난방,아니오,예,북부안전팀,2008-02-04,, 2 월,북구 태전로3길 24 (태전동 198),314-6776,366,4.0,사용,등록,대구광역시 북구 태전로3길 24,35.921226107,128.542324333
1759,200065,아니오,아니오,달성삼환나우빌,옥포삼환나우빌,개별난방,아니오,예,서부안전팀,2007-10-12,,10 월,달성군 옥포읍 비슬로447길 11 (본리리 2649),611-1616,349,5.0,사용,등록,대구광역시 달성군 옥포읍 비슬로447길 11,35.790646209,128.465103557
1760,200066,아니오,아니오,진천역화성파크리젠시1단지,화성파크리젠시1단지,개별난방,아니오,예,서부안전팀,2007-01-25,, 1 월,달서구 월배로11길 9-15 (유천동 120-7),644-8737,113,1.0,사용,등록,대구광역시 달서구 월배로11길 9-15,35.813459394,128.518890262
1761,200067,아니오,아니오,진천역화성파크리젠시2단지,화성파크리젠시2단지,개별난방,아니오,예,서부안전팀,2007-01-25,, 1 월,달서구 월배로11길 9-16 (유천동 120-1),644-8737,202,2.0,사용,등록,대구광역시 달서구 월배로11길 9-16,35.814194092,128.518866678
1762,200068,아니오,아니오,아이프라임시지,시지에스디아이프라임,개별난방,아니오,예,경산안전팀,2008-03-25,, 3 월,수성구 달구벌대로 3110 (시지동 262),793-5055,301,2.0,사용,등록,대구광역시 수성구 달구벌대로 3110,35.841932509,128.696472481
1763,200069,아니오,아니오,다산주공2단지아파트,고령다산2지구아파트,개별난방,아니오,예,서부안전팀,2007-09-05,, 9 월,고령군 다산면 상곡길 85 (상곡리 53),054-956-1468,496,6.0,사용,등록,경상북도 고령군 다산면 상곡길 85,35.828639692,128.449795344
1764,200070,아니오,아니오,범어화성파크리젠시,범어화성파크리젠시,개별난방,아니오,예,중부안전팀,2007-04-04,, 4 월,수성구 동대구로 337 (범어동 43-5),741-3446,153,1.0,사용,등록,대구광역시 수성구 동대구로 337,35.860652574,128.626017017
1765,200071,아니오,아니오,신서동신일해피트리,신서신일해피트리아파트,개별난방,아니오,예,경산안전팀,2007-02-16,, 2 월,동구 반야월로 370 (신서동 513-1),961-7366,588,5.0,사용,등록,대구광역시 동구 반야월로 370,35.870532476,128.729604277
1766,200072,아니오,아니오,범어동월드메르디앙이스턴카운티아파트,범어월드메르디앙이스턴카운티,개별난방,아니오,예,중부안전팀,2008-03-05,, 3 월,수성구 범어천로 190 (범어동 2100),742-2282,260,3.0,사용,등록,대구광역시 수성구 범어천로 190,35.863514553,128.621857004
1767,200073,아니오,아니오,성당동더샵,성당동더샵아파트,지역난방,아니오,예,서부안전팀,2007-12-20,,12 월,달서구 장기로 115 (성당동 834),654-3400,904,8.0,사용,등록,대구광역시 달서구 장기로 115,35.843141005,128.547308851
1768,200074,아니오,아니오,범어월드메르디앙웨스턴카운티,범어월드메르디앙웨스턴카운티,개별난방,아니오,예,중부안전팀,2008-05-07,, 5 월,수성구 범어천로 200 (범어동 966-1),759-1113,600,7.0,사용,등록,대구광역시 수성구 범어천로 200,35.86412366,128.619820123
1769,200075,아니오,아니오,태전휴먼시아1단지,매천휴먼시아1단지,개별난방,아니오,예,북부안전팀,2008-09-24,, 9 월,북구 매전로 73 (태전동 1103),311-1571,"1,937",14.0,사용,등록,대구광역시 북구 매전로 73,35.912468419,128.545658299
1770,200076,아니오,아니오,수성풀비체,수성풀비체아파트,개별난방,아니오,예,경산안전팀,2007-08-31,, 8 월,수성구 화랑로32길 91 (만촌동 641),741-7117,106,2.0,사용,등록,대구광역시 수성구 화랑로32길 91,35.871803815,128.645822321
1771,200078,아니오,아니오,칠곡2차한라하우젠트,칠곡2차한라하우젠트,개별난방,아니오,예,북부안전팀,2007-04-03,, 4 월,북구 학정동로 40 (학정동 982),312-3837,200,4.0,사용,등록,대구광역시 북구 학정동로 40,35.947311773,128.567814054
1772,200080,아니오,아니오,대현e-편한세상,대현e-편한세상,개별난방,아니오,예,중부안전팀,2008-04-08,, 4 월,북구 대현로10길 82 (대현동 521),939-0548,527,8.0,사용,등록,대구광역시 북구 대현로10길 82,35.880434466,128.603761449
1773,200081,아니오,아니오,서동해피플러스,대명동아파트(나나바루아),개별난방,아니오,예,중부안전팀,2007-08-01,, 8 월,남구 현충로 127 (대명동 1714-7),,28,1.0,사용,등록,대구광역시 남구 현충로 127,35.844193339,128.579718863
1774,200082,아니오,아니오,산격시장아파트,산격종합시장아파트,개별난방,아니오,예,중부안전팀,2007-07-11,, 7 월,북구 대동로1길 34 (산격동 1258),,43,4.0,사용,등록,대구광역시 북구 대동로1길 34,35.898223365,128.610687007
1775,200083,아니오,아니오,유선아덴힐즈,방촌아덴힐즈아파트,개별난방,아니오,예,경산안전팀,2007-11-08,,11 월,동구 동촌로25길 69 (방촌동 1002-2),983-3373,121,2.0,사용,등록,대구광역시 동구 동촌로25길 69,35.883618681,128.662211055
1776,200084,아니오,아니오,매천센트럴파크,매천휴먼시아2단지,개별난방,아니오,예,북부안전팀,2007-11-22,,11 월,북구 매전로4길 9 (매천동 741),327-1980,928,12.0,사용,등록,대구광역시 북구 매전로4길 9,35.90834762,128.544226135
1777,200085,아니오,아니오,대우트럼프월드수성아파트,두산동대우트럼프월드아파트,개별난방,아니오,예,중부안전팀,2007-04-10,, 4 월,수성구 동대구로 59 (두산동 105),763-3727,"1,018",6.0,사용,등록,대구광역시 수성구 동대구로 59,35.835909363,128.623068307
1778,200086,아니오,아니오,대실역e-편한세상,대실역e-편한세상,CES(집단에너지),아니오,예,서부안전팀,2008-02-22,, 2 월,달성군 다사읍 죽곡1길 42 (죽곡리 373),593-5665,698,5.0,사용,등록,대구광역시 달성군 다사읍 죽곡1길 42,35.855109075,128.461923845
1779,200087,예,아니오,한실들마을,,지역난방,아니오,아니오,,,,,달서구 한실로 49 (도원동 1429),632-5337,"1,119",11.0,사용,등록,대구광역시 달서구 한실로 49,35.808613388,128.533596234
1780,200088,아니오,아니오,대곡역신동아파밀리에아파트,달성신동아파밀리에,개별난방,아니오,예,서부안전팀,2007-07-05,, 7 월,달성군 화원읍 비슬로539길 38 (구라리 1722),631-0525,425,6.0,사용,등록,대구광역시 달성군 화원읍 비슬로539길 38,35.811379736,128.508710514
1781,200089,아니오,아니오,상인대성스카이렉스,대구상인동주상복합(상인대성스카이렉스),개별난방,아니오,예,서부안전팀,2007-06-27,, 6 월,달서구 월배로 183 (상인동 171-1),642-2900,386,4.0,사용,등록,대구광역시 달서구 월배로 183,35.81811524,128.533173199
1782,200090,아니오,아니오,수성롯데캐슬,수성롯데캐슬,개별난방,아니오,예,중부안전팀,2008-02-14,, 2 월,수성구 달구벌대로 2315 (수성동4가 1085-28),742-0548,124,2.0,사용,등록,대구광역시 수성구 달구벌대로 2315,35.860113075,128.615596386
1783,200091,아니오,아니오,월배쌍용예가아파트,쌍용스윗닷홈월배예가,개별난방,아니오,예,서부안전팀,2008-08-21,, 8 월,달서구 조암남로32길 13 (유천동 42),634-6646,555,3.0,사용,등록,대구광역시 달서구 조암남로32길 13,35.817934587,128.515167447
1784,200092,아니오,아니오,대곡역래미안,달성삼성래미안,지역난방,아니오,예,서부안전팀,2007-06-07,, 6 월,달성군 화원읍 비슬로539길 35 (구라리 1650),631-0399,"1,451",11.0,사용,등록,대구광역시 달성군 화원읍 비슬로539길 35,35.812449824,128.506837944
1785,200093,아니오,아니오,범어세왕,,개별난방,아니오,아니오,,,,,수성구 달구벌대로496길 20-7 (범어동 246-10),,,,사용,미등록,대구광역시 수성구 달구벌대로496길 20-7,35.856545377,128.632629281
1786,200094,아니오,아니오,대곡역화성파크드림,대곡역화성파크드림아파트,지역난방,아니오,예,서부안전팀,2007-11-09,,11 월,달서구 달서대로 41 (유천동 298-1),636-4350,670,4.0,사용,등록,대구광역시 달서구 달서대로 41,35.813520464,128.510459767
1787,200095,아니오,아니오,수성태왕아너스,수성태왕아너스,개별난방,아니오,예,중부안전팀,2007-09-17,, 9 월,수성구 들안로77길 30 (범어동 1266),744-1266,179,2.0,사용,등록,대구광역시 수성구 들안로77길 30,35.86548728,128.617401786
1788,200096,아니오,아니오,대실역청아람2단지,대실역청아람2단지,CES(집단에너지),아니오,예,서부안전팀,2008-08-12,, 8 월,달성군 다사읍 대실역북로 26 (매곡리 1538),591-2910,"1,316",12.0,사용,등록,대구광역시 달성군 다사읍 대실역북로 26,35.858137276,128.467328146
1789,200097,아니오,아니오,상인역e-편한세상1단지,상인e-편한세상1단지,지역난방,아니오,예,서부안전팀,2008-10-02,,10 월,달서구 월서로 14 (상인동 113),635-2235,443,4.0,사용,등록,대구광역시 달서구 월서로 14,35.822292674,128.53319009
1790,200098,아니오,아니오,상인역e-편한세상2단지,상인e-편한세상2단지,지역난방,아니오,예,서부안전팀,2008-10-02,,10 월,달서구 월서로3길 15 (상인동 87),634-0382,610,6.0,사용,등록,대구광역시 달서구 월서로3길 15,35.820820238,128.534768197
1791,200099,아니오,아니오,시지효성백년가약1단지,효성주상복합(시지효성백년가약1단지),개별난방,아니오,예,경산안전팀,2008-05-21,, 5 월,수성구 달구벌대로 3280 (신매동 30-5),795-5114,299,5.0,사용,등록,대구광역시 수성구 달구벌대로 3280,35.836533728,128.715131476
1792,200100,아니오,아니오,시지효성백년가약2단지,시지효성백년가약2단지,개별난방,아니오,예,경산안전팀,2008-05-21,, 5 월,수성구 달구벌대로 3280-1 (신매동 30-6),795-6114,293,4.0,사용,등록,대구광역시 수성구 달구벌대로 3280-1,35.835432528,128.71487953
1793,200102,아니오,아니오,신천두산위브,신천두산위브,개별난방,아니오,예,중부안전팀,2008-06-18,, 6 월,동구 국채보상로 829 (신천동 850),759-0611,294,4.0,사용,등록,대구광역시 동구 국채보상로 829,35.867687377,128.621966277
1794,200103,아니오,아니오,진천역대성스카이렉스아파트,대성스카이렉스주상복합,개별난방,아니오,예,서부안전팀,2008-04-17,, 4 월,달서구 월배로 80 (진천동 508),634-7015,446,3.0,사용,등록,대구광역시 달서구 월배로 80,35.813651417,128.523923634
1795,200104,아니오,아니오,월성푸르지오,월성푸르지오,지역난방,아니오,예,서부안전팀,2008-06-11,, 6 월,달서구 조암로6길 20 (월성동 120),635-0042,"1,824",10.0,사용,등록,대구광역시 달서구 조암로6길 20,35.827236722,128.525562945
1796,200105,아니오,아니오,보국웰리치아파트,시지보국웰리치,개별난방,아니오,예,경산안전팀,2008-08-04,, 8 월,수성구 욱수천로 55 (욱수동 246),795-9669,366,4.0,사용,등록,대구광역시 수성구 욱수천로 55,35.832659137,128.710169421
1797,200106,아니오,아니오,유성푸르나임,유성푸르나임수성,개별난방,아니오,예,중부안전팀,2007-07-04,, 7 월,수성구 수성로75길 16 (수성동1가 230),741-2209,235,5.0,사용,등록,대구광역시 수성구 수성로75길 16,35.857920484,128.612948173
1798,200107,아니오,아니오,신서동퀸덤,신서영조퀸덤,개별난방,아니오,예,경산안전팀,2008-07-09,, 7 월,동구 신서로 72 (신서동 833),965-3385,419,5.0,사용,등록,대구광역시 동구 신서로 72,35.87494473,128.724767898
1799,200108,아니오,아니오,성당래미안e-편한세상1단지,성당래미안e-편한세상1단지,지역난방,아니오,예,서부안전팀,2008-04-21,, 4 월,달서구 장기로 189 (본리동 74-1),521-6467,"1,036",10.0,사용,등록,대구광역시 달서구 장기로 189,35.843240719,128.539923794
1800,200109,아니오,아니오,성당래미안e-편한세상2단지,성당래미안e-편한세상2단지,지역난방,아니오,예,서부안전팀,2008-04-22,, 4 월,달서구 장기로 145 (본리동 76-1),521-6468,"1,608",19.0,사용,등록,대구광역시 달서구 장기로 145,35.843164852,128.542776331
1801,200110,아니오,아니오,성당래미안e-편한세상3단지,성당래미안e-편한세상3단지,지역난방,아니오,예,서부안전팀,2008-04-23,, 4 월,달서구 장기로 127 (성당동 839),655-8100,822,9.0,사용,등록,대구광역시 달서구 장기로 127,35.843190954,128.545427637
1802,200111,아니오,아니오,범어삼환나우빌,범어역삼환나우빌아파트,개별난방,아니오,예,중부안전팀,2007-08-02,, 8 월,수성구 범어천로 197 (수성동4가 1005),741-6653,240,2.0,사용,등록,대구광역시 수성구 범어천로 197,35.862670292,128.620535018
1803,200113,아니오,아니오,성암산신동아파밀리에,옥곡신동아파밀리에1단지,개별난방,아니오,예,경산안전팀,2008-11-21,,11 월,경산시 장산로4길 10 (옥곡동 85-6),801-9300,900,18.0,사용,등록,경상북도 경산시 장산로4길 10,35.814855478,128.726673552
1804,200114,아니오,예,,"계양주공2,3차(201-309동)",개별난방,아니오,예,경산안전팀,1994-11-11,,11 월,경산시 원효로32길 20 (계양동 669),,,,사용,,경상북도 경산시 원효로32길 20,35.818936851,128.752488222
1805,200115,아니오,예,,계양초원전원,중앙난방(가스),아니오,예,경산안전팀,1990-12-24,,12 월,경산시 계양로8길 36 (계양동 690),,,,사용,,경상북도 경산시 계양로8길 36,35.817007565,128.750971657
1806,200116,아니오,예,,광성무지개빌라1차,개별난방,아니오,예,경산안전팀,1998-11-17,,11 월,동구 반야월로1길 8-5 (용계동 702-21),,,,사용,,대구광역시 동구 반야월로1길 8-5,35.875389749,128.689246523
1807,200117,아니오,예,,광성무지개빌라2차,개별난방,아니오,예,경산안전팀,1998-11-17,,11 월,동구 반야월로1길 12-1 (용계동 702-19),,,,사용,,대구광역시 동구 반야월로1길 12-1,35.875293722,128.688886776
1808,200118,아니오,예,,광성무지개빌라3차,개별난방,아니오,예,경산안전팀,1998-11-17,,11 월,동구 반야월로1길 11 (용계동 702-16),,,,사용,,대구광역시 동구 반야월로1길 11,35.87481125,128.688698495
1809,200119,아니오,예,,논공평광1차(101-103동),개별난방,아니오,예,서부안전팀,1998-09-14,, 9 월,달성군 논공읍 논공로21길 15 (북리 803-3),,,,사용,,대구광역시 달성군 논공읍 논공로21길 15,35.730333113,128.444277984
1810,200120,아니오,예,,논공평광2차(105-106동),개별난방,아니오,예,서부안전팀,1998-09-14,, 9 월,달성군 논공읍 논공로21길 15 (북리 803-3),,,,사용,,대구광역시 달성군 논공읍 논공로21길 15,35.730333113,128.444277984
1811,200121,아니오,예,,대곡금강1차,지역난방,아니오,예,서부안전팀,1992-11-23,,11 월,달서구 비슬로540길 38 (대곡동 4-1),,,,사용,,대구광역시 달서구 비슬로540길 38,35.807201749,128.511045528
1812,200122,아니오,예,,대곡금강2차,지역난방,아니오,예,서부안전팀,1991-05-20,, 5 월,달서구 비슬로540길 38 (대곡동 4-1),,,,사용,,대구광역시 달서구 비슬로540길 38,35.807201749,128.511045528
1813,200123,아니오,예,,대명새한,개별난방,아니오,예,중부안전팀,1985-08-27,, 8 월,남구 대명로49길 38 (대명동 1701-2),,,,사용,,대구광역시 남구 대명로49길 38,35.843262615,128.583004778
1814,200124,아니오,예,,대명새한맨션(9동),중앙난방(가스),아니오,아니오,중부안전팀,1996-09-16,, 9 월,남구 대명로49길 28 (대명동 1701-3),,,,사용,,대구광역시 남구 대명로49길 28,35.842921829,128.582782124
1815,200125,아니오,예,,대명새한맨션,중앙난방(가스),아니오,예,중부안전팀,2000-03-29,, 3 월,남구 대명동 1704-4,,,,사용,,대구광역시 남구 대명동 1704-4,,
1816,200126,아니오,예,,대명코스모스(가-다동),개별난방,아니오,예,중부안전팀,1988-02-04,, 2 월,남구 대명역2길 41 (대명동 1208-1),,,,사용,,대구광역시 남구 대명역2길 41,35.837492254,128.56224194
1817,200127,아니오,예,,"대명코스모스(라,마동)",개별난방,아니오,예,중부안전팀,1987-10-15,,10 월,남구 대명로 42 (대명동 1111),,,,사용,,대구광역시 남구 대명로 42,35.838010818,128.562078803
1818,200128,아니오,예,,대봉대구A동,개별난방,아니오,예,중부안전팀,1986-05-12,, 5 월,중구 대봉로 240 (대봉동 55-68),,,,사용,,대구광역시 중구 대봉로 240,35.860224106,128.601423807
1819,200129,아니오,예,,"대봉대구B,C동",개별난방,아니오,예,중부안전팀,1985-12-02,,12 월,중구 명륜로 158 (대봉동 55-61),,,,사용,,대구광역시 중구 명륜로 158,,
1820,200130,아니오,예,,동호지구공무원아파트,기타,아니오,예,경산안전팀,2004-03-18,, 3 월,동구 동호로 47 (동호동 362),,,,사용,,대구광역시 동구 동호로 47,35.865571124,128.722953553
1821,200131,아니오,예,,두산트윈빌,개별난방,아니오,예,중부안전팀,2000-05-10,, 5 월,수성구 들안로2길 16-29 (두산동 166-24),,,,사용,,대구광역시 수성구 들안로2길 16-29,35.831700095,128.619389395
1822,200132,아니오,예,,대명남도빌리지,개별난방,아니오,예,중부안전팀,1997-02-03,, 2 월,남구 현충로32길 23 (대명동 1737-4),,,,사용,,대구광역시 남구 현충로32길 23,35.846605586,128.581578578
1823,200133,아니오,예,,두창퀸스빌,개별난방,아니오,아니오,경산안전팀,1997-10-01,,10 월,경산시 원효로28길 5-2 (계양동 667),,,,사용,,경상북도 경산시 원효로28길 5-2,35.821170048,128.751669292
1824,200134,아니오,예,,범물동서청아(201-205동),기타,아니오,예,경산안전팀,1992-11-09,,11 월,수성구 범안로 40 (범물동 1372),,,,사용,,대구광역시 수성구 범안로 40,35.817286106,128.64228758
1825,200135,아니오,예,,범물우방청아,기타,아니오,예,경산안전팀,1992-11-09,,11 월,수성구 범안로 40 (범물동 1372),,,,사용,,대구광역시 수성구 범안로 40,35.817286106,128.64228758
1826,200136,아니오,예,,범물창신(103-104동),기타,아니오,예,경산안전팀,1992-10-16,,10 월,수성구 용학로 272 (범물동 1336),,,,사용,,대구광역시 수성구 용학로 272,35.820173841,128.63753008
1827,200137,아니오,예,,범물한라(101-102동),기타,아니오,예,경산안전팀,1992-10-01,,10 월,수성구 용학로 272 (범물동 1336),,,,사용,,대구광역시 수성구 용학로 272,35.820173841,128.63753008
1828,200138,아니오,예,,범물태성(105-106동),기타,아니오,예,경산안전팀,1992-09-18,, 9 월,수성구 용학로 272 (범물동 1336),,,,사용,,대구광역시 수성구 용학로 272,35.820173841,128.63753008
1829,200139,아니오,예,,범어경북A동,개별난방,아니오,예,경산안전팀,1991-11-25,,11 월,수성구 달구벌대로504길 39 (범어동 102),,,,사용,,대구광역시 수성구 달구벌대로504길 39,35.855224731,128.638595289
1830,200140,아니오,예,,범어경북B동,개별난방,아니오,예,경산안전팀,1991-08-07,, 8 월,수성구 달구벌대로504길 37 (범어동 103-2),,,,사용,,대구광역시 수성구 달구벌대로504길 37,35.855567223,128.638698061
1831,200141,아니오,예,,범어범일A동,개별난방,아니오,예,경산안전팀,1997-12-30,,12 월,수성구 청호로88안길 5 (범어동 64-116),,,,사용,,대구광역시 수성구 청호로88안길 5,,
1832,200142,아니오,예,,"범어범일B,C동",개별난방,아니오,예,경산안전팀,1991-12-02,,12 월,수성구 청호로88안길 14 (범어동 64-118),,,,사용,,대구광역시 수성구 청호로88안길 14,,
1833,200143,아니오,예,,범어우방2차A단지,개별난방,아니오,예,경산안전팀,1988-02-16,, 2 월,수성구 동대구로 226 (범어동 671),,,,사용,,대구광역시 수성구 동대구로 226,35.850240961,128.626284411
1834,200144,아니오,예,,범어우방2차B단지,개별난방,아니오,예,경산안전팀,1988-02-15,, 2 월,수성구 동대구로48길 33 (범어동 650),,,,사용,,대구광역시 수성구 동대구로48길 33,,
1835,200145,아니오,예,,복현협진(5-8동),개별난방,아니오,예,중부안전팀,1993-06-25,, 6 월,북구 동북로50길 14 (복현동 421-1),,,,사용,,대구광역시 북구 동북로50길 14,35.895038271,128.616231402
1836,200146,아니오,예,,복현협진1동,개별난방,아니오,예,중부안전팀,1988-06-18,, 6 월,북구 동북로50길 11 (복현동 430),,,,사용,,대구광역시 북구 동북로50길 11,35.894238546,128.616778958
1837,200147,아니오,예,,"복현협진2,3동",개별난방,아니오,예,중부안전팀,1989-11-23,,11 월,북구 동북로50길 17 (복현동 436-1),,,,사용,,대구광역시 북구 동북로50길 17,35.893800751,128.616532851
1838,200148,아니오,아니오,에덴공항아파트,불로에덴공항1차,개별난방,아니오,예,북부안전팀,1989-07-04,, 7 월,동구 팔공로29길 10 (불로동 1160),983-6200,250,4.0,사용,등록,대구광역시 동구 팔공로29길 10,35.912164318,128.639287236
1839,200149,아니오,아니오,에덴공항아파트,불로에덴공항2차,개별난방,아니오,예,북부안전팀,1989-07-05,, 7 월,동구 팔공로33길 10 (불로동 1155),983-6300,220,4.0,사용,등록,대구광역시 동구 팔공로33길 10,35.913980379,128.639296321
1840,200150,아니오,아니오,상인서한타운,상인서한1공구(상인서한타운),개별난방,아니오,예,서부안전팀,1993-06-04,, 6 월,달서구 상인서로 46 (상인동 1521),636-9081,249,3.0,사용,등록,대구광역시 달서구 상인서로 46,35.814689996,128.545023124
1841,200151,아니오,예,,상인서한2공구(상인서한타운),개별난방,아니오,예,서부안전팀,1993-06-18,, 6 월,달서구 상인서로 51 (상인동 1523),,,,사용,,대구광역시 달서구 상인서로 51,35.814644931,128.543024773
1842,200152,아니오,예,,상인세경백조2차,개별난방,아니오,예,서부안전팀,1988-12-23,,12 월,달서구 상화북로 162 (상인동 1600),,,,사용,,대구광역시 달서구 상화북로 162,35.810597543,128.541756141
1843,200153,아니오,예,,상인백조3차(10~12동),개별난방,아니오,예,서부안전팀,1989-07-04,, 7 월,달서구 상화북로 162 (상인동 1600),,,,사용,,대구광역시 달서구 상화북로 162,35.810597543,128.541756141
1844,200154,아니오,예,,"상인영남(102,104,106동)",기타,아니오,예,서부안전팀,1993-07-05,, 7 월,달서구 상인서로 76 (상인동 1517),,,,사용,,대구광역시 달서구 상인서로 76,35.816803243,128.543147217
1845,200155,아니오,예,,"상인화성(101,103,105동)",기타,아니오,예,서부안전팀,1993-06-25,, 6 월,달서구 상인서로 76 (상인동 1517),,,,사용,,대구광역시 달서구 상인서로 76,35.816803243,128.543147217
1846,200156,아니오,예,,상인한서성지,개별난방,아니오,예,서부안전팀,1994-02-22,, 2 월,달서구 상화북로 195 (상인동 1522),,,,사용,,대구광역시 달서구 상화북로 195,35.813943307,128.546569245
1847,200157,아니오,예,,성서주공2단지,지역난방,아니오,예,서부안전팀,1995-04-18,, 4 월,달서구 신당로 55 (신당동 1846),,,,사용,,대구광역시 달서구 신당로 55,35.854169171,128.498696107
1848,200158,아니오,예,,"시지하나타운1-1공구(101,105,106,109동)",개별난방,아니오,예,경산안전팀,1995-05-22,, 5 월,수성구 고산로 123 (매호동 1331),,,,사용,,대구광역시 수성구 고산로 123,35.841896303,128.704601384
1849,200159,아니오,예,,"시지하나타운1-2공구(102,103,107,108동)",개별난방,아니오,예,경산안전팀,1995-05-23,, 5 월,수성구 고산로 123 (매호동 1331),,,,사용,,대구광역시 수성구 고산로 123,35.841896303,128.704601384
1850,200160,아니오,예,,용산파크1단지,지역난방,아니오,예,서부안전팀,2000-07-11,, 7 월,달서구 용산로 259 (용산동 911),,,,사용,,대구광역시 달서구 용산로 259,35.860614272,128.528379941
1851,200161,아니오,예,,용산파크2단지,지역난방,아니오,예,서부안전팀,2000-07-11,, 7 월,달서구 용산로 259 (용산동 912),,,,사용,,대구광역시 달서구 용산로 259,35.860614272,128.528379941
1852,200162,아니오,예,,"월성주공1,2단지",중앙난방(가스),아니오,예,서부안전팀,1991-10-11,,10 월,달서구 월곡로94길 30 (월성동 84),,,,사용,,대구광역시 달서구 월곡로94길 30,35.831106388,128.527626653
1853,200163,아니오,아니오,중리일신아파트,"중리일신(6,7,17동)",개별난방,아니오,예,서부안전팀,1990-05-23,, 5 월,서구 당산로47길 69 (중리동 719-1),,,,사용,등록,대구광역시 서구 당산로47길 69,35.856727834,128.542769426
1854,200164,아니오,예,,중리일신(8-13동),개별난방,아니오,예,서부안전팀,1988-03-29,, 3 월,서구 당산로47길 69 (중리동 720-1),,,,사용,,대구광역시 서구 당산로47길 69,35.856727834,128.542769426
1855,200165,아니오,아니오,중리일신아파트,중리일신1동,개별난방,아니오,예,서부안전팀,1990-12-26,,12 월,서구 당산로53길 62 (중리동 706-2),,,,사용,등록,대구광역시 서구 당산로53길 62,35.859196146,128.543679358
1856,200166,아니오,아니오,중리일신아파트,중리일신2동,개별난방,아니오,예,서부안전팀,1990-12-26,,12 월,서구 당산로51길 48 (중리동 707-5),,,,사용,등록,대구광역시 서구 당산로51길 48,35.858625721,128.544138347
1857,200167,아니오,예,,지산서한이다음,중앙난방(가스),아니오,예,경산안전팀,1991-10-24,,10 월,수성구 용학로 313 (지산동 1297-3),,488,3.0,사용,,대구광역시 수성구 용학로 313,35.823568634,128.641234358
1858,200168,아니오,예,,지산한라자연101동,기타,아니오,예,경산안전팀,1989-12-22,,12 월,수성구 용학로42길 46 (지산동 1196-2),,,,사용,,대구광역시 수성구 용학로42길 46,35.820318977,128.630531106
1859,200169,아니오,예,,지산한라자연102동,기타,아니오,아니오,경산안전팀,1989-12-29,,12 월,수성구 용학로40길 17 (지산동 1195-5),,,,사용,,대구광역시 수성구 용학로40길 17,35.82027789,128.630135983
1860,200170,아니오,예,,지산한라자연103동,기타,아니오,예,경산안전팀,1989-12-29,,12 월,수성구 용학로40길 9 (지산동 1195-2),,,,사용,,대구광역시 수성구 용학로40길 9,35.820907298,128.630119356
1861,200171,아니오,예,,지산한원빌라(대한),개별난방,아니오,아니오,경산안전팀,1993-10-11,,10 월,수성구 용학로25안길 15-12 (지산동 1181-2),,,,사용,,대구광역시 수성구 용학로25안길 15-12,35.824377846,128.626368972
1862,200172,아니오,예,,지산한원빌라(중앙),개별난방,아니오,아니오,경산안전팀,1993-10-11,,10 월,수성구 용학로25안길 15-8 (지산동 1181-14),,,,사용,,대구광역시 수성구 용학로25안길 15-8,35.824257694,128.626317479
1863,200173,아니오,예,,지저공항하이츠1차,개별난방,아니오,예,경산안전팀,1995-02-22,, 2 월,동구 공항로51길 17 (지저동 662-33),,,,사용,,대구광역시 동구 공항로51길 17,35.896602372,128.642218261
1864,200174,아니오,예,,공항하이츠2차,개별난방,아니오,예,경산안전팀,1995-12-29,,12 월,동구 공항로45길 16 (지저동 663-1),,,,사용,,대구광역시 동구 공항로45길 16,35.896987766,128.641487854
1865,200175,아니오,예,,진천황실빌라,개별난방,아니오,예,서부안전팀,1997-11-29,,11 월,달서구 월배로32안길 32 (진천동 130-2),,,,사용,,대구광역시 달서구 월배로32안길 32,35.814673918,128.530277771
1866,200176,아니오,아니오,진천태왕아너스1단지,진천태왕아너스1단지,개별난방,아니오,예,서부안전팀,2008-02-01,, 2 월,달서구 상화로5길 23 (진천동 740-1),290-0424,182,3.0,사용,등록,대구광역시 달서구 상화로5길 23,35.810430675,128.51840174
1867,200177,아니오,아니오,진천태왕아너스2단지아파트,진천태왕아너스2단지,개별난방,아니오,예,서부안전팀,2008-02-01,, 2 월,달서구 상화로5길 24 (진천동 732),290-2022,165,2.0,사용,등록,대구광역시 달서구 상화로5길 24,35.810003112,128.518917692
1868,200178,아니오,예,,효성빌라,개별난방,아니오,예,서부안전팀,1997-09-04,, 9 월,달서구 와룡로17길 35 (본리동 413-1),,,,사용,,대구광역시 달서구 와룡로17길 35,,
1869,200179,아니오,예,,경산신성빌라,개별난방,아니오,아니오,경산안전팀,1997-03-31,, 3 월,경산시 원효로26길 8-8 (계양동 660-9),,,,사용,,경상북도 경산시 원효로26길 8-8,35.822193065,128.7499349
1870,200180,아니오,예,,계양신일빌라,개별난방,아니오,예,경산안전팀,1996-09-13,, 9 월,경산시 계양로 58 (계양동 678),,,,사용,,경상북도 경산시 계양로 58,35.820754253,128.748450862
1871,200181,아니오,예,,계양연안빌라1,개별난방,아니오,아니오,경산안전팀,1996-12-09,,12 월,경산시 계양로8길 26 (계양동 686-9),,,,사용,,경상북도 경산시 계양로8길 26,35.817746729,128.749993544
1872,200182,아니오,예,,계양연안빌라2,개별난방,아니오,아니오,경산안전팀,1996-12-09,,12 월,경산시 원효로28길 46 (계양동 682-12),,,,사용,,경상북도 경산시 원효로28길 46,35.818185327,128.749656406
1873,200183,아니오,예,,괴전초원빌라,개별난방,아니오,예,경산안전팀,1998-10-10,,10 월,동구 동내로 28 (괴전동 109-2),,,,사용,,대구광역시 동구 동내로 28,35.873784006,128.734269748
1874,200184,아니오,예,,김정돌원룸,개별난방,아니오,예,경산안전팀,1997-11-06,,11 월,수성구 동대구로49길 2-1 (범어동 774-85),,,,사용,,대구광역시 수성구 동대구로49길 2-1,35.852696927,128.624544452
1875,200185,아니오,예,,노원오복빌라,개별난방,아니오,아니오,중부안전팀,1996-04-30,, 4 월,북구 노원로10길 98 (노원동2가 298-5),,,,사용,,대구광역시 북구 노원로10길 98,,
1876,200186,아니오,예,,달성문화하이츠,개별난방,아니오,예,서부안전팀,1997-12-04,,12 월,달성군 다사읍 달구벌대로174길 22-4 (죽곡리 123-4),,,,사용,,대구광역시 달성군 다사읍 달구벌대로174길 22-4,35.858670006,128.462077328
1877,200187,아니오,예,,대구대학교기숙사,개별난방,아니오,예,경산안전팀,2004-02-06,, 2 월,경산시 진량읍 대구대로 201 (내리리 15),,,,사용,,경상북도 경산시 진량읍 대구대로 201,35.902612912,128.846109099
1878,200188,아니오,예,,대림빌라,개별난방,아니오,예,서부안전팀,2004-02-04,, 2 월,서구 달구벌대로371길 38 (내당동 911-50),,,,사용,,대구광역시 서구 달구벌대로371길 38,35.864305372,128.567390964
1879,200189,아니오,예,,대명거성그랜빌,개별난방,아니오,아니오,중부안전팀,1995-12-23,,12 월,남구 장전2길 103 (대명동 1670-5),,,,사용,,대구광역시 남구 장전2길 103,35.843955385,128.578458363
1880,200190,아니오,예,,대명건영빌라,개별난방,아니오,아니오,중부안전팀,1997-01-29,, 1 월,남구 장전2길 33 (대명동 793-12),,,,사용,,대구광역시 남구 장전2길 33,35.840942796,128.57824014
1881,200191,아니오,예,,대명대왕하이츠,개별난방,아니오,아니오,중부안전팀,1997-01-31,, 1 월,남구 현충로25길 31 (대명동 1669-12),,,,사용,,대구광역시 남구 현충로25길 31,35.843956906,128.578185468
1882,200192,아니오,예,,대명삼지빌라,개별난방,아니오,예,중부안전팀,1996-08-30,, 8 월,남구 큰골6길 51 (대명동 474-3),,,,사용,,대구광역시 남구 큰골6길 51,35.833728582,128.582736654
1883,200193,아니오,예,,대명신흥블루빌,개별난방,아니오,예,중부안전팀,1997-03-26,, 3 월,남구 현충로25길 15 (대명동 1671-1),,,,사용,,대구광역시 남구 현충로25길 15,35.843942285,128.579100809
1884,200194,아니오,예,,대명신흥빌라,개별난방,아니오,아니오,중부안전팀,1996-06-24,, 6 월,남구 현충로25길 42-3 (대명동 1220-16),,,,사용,,대구광역시 남구 현충로25길 42-3,35.84419236,128.577503022
1885,200195,아니오,예,,대명아람빌라,개별난방,아니오,아니오,중부안전팀,1997-01-16,, 1 월,남구 현충서길 1 (대명동 1220-13),,,,사용,,대구광역시 남구 현충서길 1,35.844194988,128.57802792
1886,200196,아니오,예,,대명유성하이츠,개별난방,아니오,예,중부안전팀,1997-07-11,, 7 월,남구 현충로26길 22-4 (대명동 1694-21),,,,사용,,대구광역시 남구 현충로26길 22-4,35.843765374,128.581188218
1887,200197,아니오,예,,대명제일빌라,중앙난방(가스),아니오,아니오,중부안전팀,1996-02-13,, 2 월,남구 현충로16길 11 (대명동 349-27),,,,사용,,대구광역시 남구 현충로16길 11,35.839404053,128.581278164
1888,200198,아니오,예,,범물APT형공장,개별난방,아니오,예,경산안전팀,1996-07-31,, 7 월,수성구 범안로 93 (범물동 1287-1),,,,사용,,대구광역시 수성구 범안로 93,35.81902758,128.648073011
1889,200199,아니오,예,,복현청림빌라,개별난방,아니오,예,중부안전팀,1997-08-21,, 8 월,북구 경대로27길 15 (복현동 453-3),,,,사용,,대구광역시 북구 경대로27길 15,35.892527492,128.61934418
1890,200200,아니오,예,,본리신성빌라,개별난방,아니오,아니오,서부안전팀,1996-03-04,, 3 월,달서구 대명천로45길 35 (본리동 390-1),,,,사용,,대구광역시 달서구 대명천로45길 35,35.840177028,128.535478252
1891,200201,아니오,예,,본리신성빌라2차,개별난방,아니오,예,서부안전팀,1996-07-02,, 7 월,달서구 대명천로45길 39 (본리동 390-2),,,,사용,,대구광역시 달서구 대명천로45길 39,35.840043488,128.535472682
1892,200202,아니오,예,,사동덕영빌라,개별난방,아니오,아니오,경산안전팀,1997-01-07,, 1 월,경산시 원효로40길 48-2 (사동 599-4),,,,사용,,경상북도 경산시 원효로40길 48-2,35.815609041,128.754756534
1893,200203,아니오,예,,사동상아빌라,개별난방,아니오,예,경산안전팀,1996-09-13,, 9 월,경산시 계양로8길 55-1 (사동 589-7),,,,사용,,경상북도 경산시 계양로8길 55-1,35.816985437,128.753089962
1894,200204,아니오,예,,상인동신빌라,개별난방,아니오,아니오,서부안전팀,1997-03-10,, 3 월,달서구 상인로9안길 24 (상인동 1192-16),,,,사용,,대구광역시 달서구 상인로9안길 24,35.810066381,128.548386303
1895,200205,아니오,예,,상인신한빌라A동,개별난방,아니오,아니오,서부안전팀,1997-03-13,, 3 월,달서구 상인로9안길 20 (상인동 1192-15),,,,사용,,대구광역시 달서구 상인로9안길 20,35.810092879,128.548176678
1896,200206,아니오,예,,상인신한빌라B동,개별난방,아니오,아니오,서부안전팀,1997-03-14,, 3 월,달서구 상인로9안길 16 (상인동 1192-1),,,,사용,,대구광역시 달서구 상인로9안길 16,35.81011252,128.547964479
1897,200207,아니오,예,,상인정훈빌라,개별난방,아니오,아니오,서부안전팀,1997-03-10,, 3 월,달서구 상인로9안길 28 (상인동 1192-17),,,,사용,,대구광역시 달서구 상인로9안길 28,35.810043843,128.548592172
1898,200208,아니오,예,,신기안일빌라,개별난방,아니오,아니오,경산안전팀,1996-12-17,,12 월,동구 율하동로27길 3 (신기동 165-8),,,,사용,,대구광역시 동구 율하동로27길 3,35.871697801,128.702020764
1899,200209,아니오,예,,신암대영다세대,개별난방,아니오,예,중부안전팀,1996-11-11,,11 월,동구 경대로 102 (신암동 662-4),,,,사용,,대구광역시 동구 경대로 102,,
1900,200210,아니오,예,,영남대학교생활관내(양현재기숙사),개별난방,아니오,예,경산안전팀,2004-04-19,, 4 월,경산시 계양로 149 (계양동 112),,,,사용,,경상북도 경산시 계양로 149,35.827731649,128.749264537
1901,200211,아니오,예,,옥산골든빌라,개별난방,아니오,아니오,경산안전팀,1997-01-21,, 1 월,경산시 성암로7길 21-2 (옥산동 466),,,,사용,,경상북도 경산시 성암로7길 21-2,35.824310077,128.72025447
1902,200212,아니오,예,,옥산그린빌라,개별난방,아니오,아니오,경산안전팀,1995-12-23,,12 월,경산시 성암로3길 12 (옥산동 370-2),,,,사용,,경상북도 경산시 성암로3길 12,35.823022533,128.718867408
1903,200213,아니오,예,,은성빌라A동,개별난방,아니오,예,경산안전팀,1997-08-21,, 8 월,경산시 원효로28길 16 (계양동 670-15),,,,사용,,경상북도 경산시 원효로28길 16,35.820635636,128.751094443
1904,200214,아니오,예,,은성빌라B동,개별난방,아니오,예,경산안전팀,1997-08-21,, 8 월,경산시 원효로28길 16-1 (계양동 670-5),,,,사용,,경상북도 경산시 원효로28길 16-1,35.820683225,128.750935357
1905,200215,아니오,예,,읍내한흥빌라,지역난방,아니오,예,북부안전팀,1998-01-12,, 1 월,북구 구암로 83-16 (읍내동 1122-5),,,,사용,,대구광역시 북구 구암로 83-16,35.932786478,128.550151343
1906,200216,아니오,예,,자연빌라,개별난방,아니오,예,경산안전팀,1997-07-15,, 7 월,수성구 무학로37안길 28-14 (지산동 1020-4),,,,사용,,대구광역시 수성구 무학로37안길 28-14,35.833420683,128.628227497
1907,200217,아니오,예,,재성하이츠(민아트빌),개별난방,아니오,예,서부안전팀,2003-11-17,,11 월,달서구 조암남로27길 28 (대천동 472),,,,사용,,대구광역시 달서구 조암남로27길 28,35.816426339,128.519775683
1908,200218,아니오,예,,전원공원빌라,개별난방,아니오,예,경산안전팀,1997-07-24,, 7 월,수성구 지산로3길 112-7 (두산동 741-1),,,,사용,,대구광역시 수성구 지산로3길 112-7,35.825516116,128.626176708
1909,200219,아니오,아니오,대성빌라,대성빌라,개별난방,아니오,아니오,서부안전팀,1996-02-13,, 2 월,서구 당산로51길 55 (중리동 709-4),,,,사용,미등록,대구광역시 서구 당산로51길 55,35.858087934,128.54371081
1910,200220,아니오,아니오,중리태양골든하이츠2차,중리 태양 골든 하이츠 2차,개별난방,아니오,예,서부안전팀,1998-04-17,, 4 월,서구 평리로 235-12 (중리동 120-2),,,,사용,미등록,대구광역시 서구 평리로 235-12,35.862831422,128.548263471
1911,200221,아니오,예,,중리태양빌라9차가동,개별난방,아니오,아니오,서부안전팀,1996-12-03,,12 월,서구 평리로 225 (중리동 119-1),,,,사용,,대구광역시 서구 평리로 225,35.862388677,128.548040621
1912,200222,아니오,예,,지산골든빌,개별난방,아니오,아니오,경산안전팀,1996-09-23,, 9 월,수성구 용학로48길 47 (지산동 1209-3),,,,사용,,대구광역시 수성구 용학로48길 47,35.81813252,128.634729239
1913,200223,아니오,예,,지산명보빌라,개별난방,아니오,예,경산안전팀,1997-04-19,, 4 월,수성구 용학로30길 62 (지산동 1189-2),,,,사용,,대구광역시 수성구 용학로30길 62,35.821654064,128.628290103
1914,200224,아니오,예,,지산 박수일 원룸,개별난방,아니오,예,경산안전팀,1998-03-24,, 3 월,수성구 용학로48길 57 (지산동 1209-5),,,,사용,,대구광역시 수성구 용학로48길 57,35.817812472,128.634506197
1915,200225,아니오,예,,지산빌라트,개별난방,아니오,아니오,경산안전팀,1996-02-27,, 2 월,수성구 용학로28길 7-5 (지산동 1183-12),,,,사용,,대구광역시 수성구 용학로28길 7-5,35.822934271,128.62529931
1916,200226,아니오,예,,지산세일빌라,개별난방,아니오,예,경산안전팀,1997-06-13,, 6 월,수성구 용학로28길 7-7 (지산동 1183-11),,,,사용,,대구광역시 수성구 용학로28길 7-7,35.822884389,128.625450491
1917,200227,아니오,예,,지산영다세대주택,개별난방,아니오,아니오,경산안전팀,1994-11-08,,11 월,수성구 지범로 97 (지산동 1258-9),,,,사용,,대구광역시 수성구 지범로 97,35.825511198,128.632024335
1918,200228,아니오,예,,지산우리빌라,개별난방,아니오,아니오,경산안전팀,1996-11-05,,11 월,수성구 용학로30길 51 (지산동 1188-9),,,,사용,,대구광역시 수성구 용학로30길 51,35.822112691,128.627971003
1919,200229,아니오,예,,지산청후빌라,개별난방,아니오,아니오,경산안전팀,1997-01-10,, 1 월,수성구 용학로30길 47 (지산동 1188-13),,,,사용,,대구광역시 수성구 용학로30길 47,35.822136874,128.627748029
1920,200230,아니오,예,,지저진성주택,개별난방,아니오,아니오,경산안전팀,1993-12-29,,12 월,동구 지저동 640-7,,,,사용,,대구광역시 동구 지저동 640-7,,
1921,200231,아니오,예,,진천태양빌라가동,개별난방,아니오,예,서부안전팀,1997-07-25,, 7 월,달서구 월배로34길 66 (진천동 139-10),,,,사용,,대구광역시 달서구 월배로34길 66,35.813924853,128.531524449
1922,200232,아니오,예,,진천태양빌라나동,개별난방,아니오,예,서부안전팀,1997-07-25,, 7 월,달서구 월배로34길 60 (진천동 139),,,,사용,,대구광역시 달서구 월배로34길 60,35.814199933,128.531602364
1923,200233,아니오,예,,천내성광혜광빌라,개별난방,아니오,예,서부안전팀,1999-12-15,,12 월,달성군 화원읍 성천로30길 34 (천내리 187-1),,,,사용,,대구광역시 달성군 화원읍 성천로30길 34,35.806573226,128.497815885
1924,200234,아니오,예,,코리아빌라트,개별난방,아니오,예,경산안전팀,1997-10-01,,10 월,경산시 원효로34길 18 (사동 572-11),,,,사용,,경상북도 경산시 원효로34길 18,35.818762594,128.754193784
1925,200235,아니오,예,,화원선우빌라,개별난방,아니오,예,서부안전팀,2000-05-17,, 5 월,달성군 화원읍 비슬로530길 25-3 (본리리 21),,,,사용,,대구광역시 달성군 화원읍 비슬로530길 25-3,35.805004272,128.506343917
1926,200236,아니오,예,,황금채호빌라,개별난방,아니오,예,중부안전팀,1997-08-22,, 8 월,수성구 청솔로6길 26 (황금동 735-13),,,,사용,,대구광역시 수성구 청솔로6길 26,,
1927,200238,아니오,예,,만촌중앙빌라,개별난방,아니오,예,경산안전팀,1996-02-16,, 2 월,수성구 만촌동 1032-050,,,,사용,,대구광역시 수성구 만촌동 1032-050,,
1928,200239,아니오,아니오,다사한일유앤아이,한일유앤아이(매곡),개별난방,아니오,예,서부안전팀,2008-06-27,, 6 월,달성군 다사읍 매곡로4길 9 (매곡리 622),588-8990,678,6.0,사용,등록,대구광역시 달성군 다사읍 매곡로4길 9,35.863554672,128.454365504
1929,200240,아니오,아니오,중리롯데캐슬,중리롯데캐슬,지역난방,아니오,예,서부안전팀,2008-10-10,,10 월,서구 국채보상로34길 12 (중리동 26-1),522-0548,"1,968",21.0,사용,등록,대구광역시 서구 국채보상로34길 12,35.866174663,128.54895605
1930,200241,아니오,아니오,수성3가롯데캐슬아파트,수성2차롯데캐슬,열병합(Co-gen),아니오,예,중부안전팀,2008-10-30,,10 월,수성구 명덕로 455 (수성동3가 57),745-0102,802,8.0,사용,등록,대구광역시 수성구 명덕로 455,35.854370716,128.620058532
1931,200242,아니오,아니오,수성코오롱하늘채,수성코오롱하늘채,개별난방,아니오,예,중부안전팀,2008-11-20,,11 월,수성구 들안로 300 (수성동3가 289),746-1026,439,6.0,사용,등록,대구광역시 수성구 들안로 300,35.856726896,128.618615491
1932,200243,아니오,아니오,동인아파트,동인아파트,개별난방,아니오,예,중부안전팀,2008-01-08,, 1 월,중구 국채보상로151길 55 (동인동3가 228),427-9190,272,5.0,사용,등록,대구광역시 중구 국채보상로151길 55,35.870904653,128.611601114
1933,200244,아니오,아니오,다사e-편한세상,다사e-편한세상,개별난방,아니오,예,서부안전팀,2008-10-09,,10 월,달성군 다사읍 다사역로 60 (매곡리 473),584-8741,785,4.0,사용,등록,대구광역시 달성군 다사읍 다사역로 60,35.86826479,128.457357611
1934,200245,아니오,아니오,대실역청아람1단지,죽곡청아람1단지,CES(집단에너지),아니오,예,서부안전팀,2008-08-19,, 8 월,달성군 다사읍 대실역북로 38 (매곡리 1537),585-0253,769,7.0,사용,등록,대구광역시 달성군 다사읍 대실역북로 38,35.860468024,128.468041489
1935,200246,아니오,아니오,성당두산위브,성당두산위브,개별난방,아니오,예,서부안전팀,2008-09-12,, 9 월,달서구 당산로 82 (성당동 840),657-9300,690,6.0,사용,등록,대구광역시 달서구 당산로 82,35.844887192,128.545207355
1936,200247,아니오,아니오,범어쌍용예가,쌍용스윗닷홈범어예가,열병합(Co-gen),아니오,예,중부안전팀,2009-01-23,, 1 월,수성구 명덕로 477 (범어동 808),741-1704,400,4.0,사용,등록,대구광역시 수성구 명덕로 477,35.854209724,128.62172473
1937,200248,아니오,아니오,죽곡하우젠트아너스빌,죽곡하우젠트아너스빌,CES(집단에너지),아니오,예,서부안전팀,2007-12-07,,12 월,달성군 다사읍 왕선로 26 (매곡리 1543),586-5686,605,6.0,사용,등록,대구광역시 달성군 다사읍 왕선로 26,35.862009486,128.465253468
1938,200249,아니오,아니오,신매역우방유쉘,시지우방팔레스아파트,개별난방,아니오,예,경산안전팀,2007-11-08,,11 월,수성구 천을로23길 21 (매호동 775),795-5005,121,1.0,사용,등록,대구광역시 수성구 천을로23길 21,35.845905795,128.704461395
1939,200250,아니오,아니오,죽곡휴먼시아1단지,죽곡휴먼시아1단지,CES(집단에너지),아니오,예,서부안전팀,2008-04-29,, 4 월,달성군 다사읍 대실역북로1길 6 (매곡리 1539),,594,7.0,사용,등록,대구광역시 달성군 다사읍 대실역북로1길 6,35.858727927,128.466803862
1940,200251,아니오,아니오,수성동일하이빌레이크시티아파트,상동동일하이빌,개별난방,아니오,예,중부안전팀,2008-12-05,,12 월,수성구 수성로 71 (상동 555),761-5568,"1,411",16.0,사용,등록,대구광역시 수성구 수성로 71,35.832660525,128.610972121
1941,200252,아니오,아니오,두산위브더제니스,수성두산위브더제니스,열병합(Co-gen),아니오,예,경산안전팀,2009-11-26,,11 월,수성구 달구벌대로 2435 (범어동 179),759-6227,"1,494",9.0,사용,등록,대구광역시 수성구 달구벌대로 2435,35.86047922,128.629407158
1942,200253,아니오,아니오,남산휴먼시아1단지아파트,남산휴먼시아1단지,개별난방,아니오,예,중부안전팀,2008-10-06,,10 월,중구 달구벌대로 1960 (남산동 2990),254-8600,499,5.0,사용,등록,대구광역시 중구 달구벌대로 1960,35.862223968,128.578582042
1943,200254,아니오,아니오,임페리얼빌라,임페리얼빌라,개별난방,아니오,예,경산안전팀,2007-11-29,,11 월,수성구 용학로28길 48 (지산동 1225-18),,9,1.0,사용,등록,대구광역시 수성구 용학로28길 48,35.820503526,128.62729341
1944,200255,아니오,아니오,큰고개웰그린,신암웰그린,개별난방,아니오,예,중부안전팀,2008-03-20,, 3 월,동구 아양로 124 (신암동 250-1),053-952-5140,114,1.0,사용,등록,대구광역시 동구 아양로 124,35.884587722,128.627446078
1945,200256,아니오,아니오,달서유림노르웨이숲아파트,달서유림노르웨이숲,개별난방,아니오,예,서부안전팀,2008-09-29,, 9 월,달서구 와룡로 67 (본리동 401-1),522-1473,172,2.0,사용,등록,대구광역시 달서구 와룡로 67,35.838804656,128.536168927
1946,200257,아니오,아니오,유림노르웨이아침,인피니티유림노르웨이아침,개별난방,아니오,예,서부안전팀,2008-06-16,, 6 월,달서구 구마로 97 (본리동 352-4),521-1472,178,2.0,사용,등록,대구광역시 달서구 구마로 97,35.837815488,128.538368637
1947,200258,아니오,아니오,동아연립주택,동아연립주택,기타,아니오,예,서부안전팀,2008-01-14,, 1 월,달서구 달구벌대로305길 17 (용산동 208-1),,46,5.0,사용,미등록,대구광역시 달서구 달구벌대로305길 17,,
1948,200259,아니오,아니오,월성월드메르디앙,월배월드메르디앙,지역난방,아니오,예,서부안전팀,2009-06-08,, 6 월,달서구 조암로6길 19 (월성동 777-2),638-6920,865,7.0,사용,등록,대구광역시 달서구 조암로6길 19,35.82550838,128.524779681
1949,200260,아니오,아니오,칠곡e-편한세상,칠곡대림e-편한세상,개별난방,아니오,예,북부안전팀,2008-11-14,,11 월,북구 칠곡중앙대로 598 (읍내동 491),313-7023,608,8.0,사용,등록,대구광역시 북구 칠곡중앙대로 598,35.94956456,128.553372659
1950,200261,아니오,아니오,율하휴먼시아5단지,율하휴먼시아5단지,개별난방,아니오,예,경산안전팀,2008-09-12,, 9 월,동구 율하서로 59 (율하동 1302),965-3391,860,12.0,사용,등록,대구광역시 동구 율하서로 59,35.864338246,128.691385263
1951,200262,아니오,아니오,태왕아너스BEST,월성태왕아너스베스트,지역난방,아니오,예,서부안전팀,2008-07-31,, 7 월,달서구 월배로33길 117 (월성동 1329),634-3755,263,2.0,사용,등록,대구광역시 달서구 월배로33길 117,35.820635212,128.526595001
1952,200263,아니오,아니오,율하휴먼시아6단지,율하휴먼시아6단지,개별난방,아니오,예,경산안전팀,2008-10-23,,10 월,동구 안심로16길 45 (율하동 1461),963-5526,808,12.0,사용,등록,대구광역시 동구 안심로16길 45,35.864070659,128.694634504
1953,200264,아니오,아니오,본리롯데캐슬,본리롯데캐슬,지역난방,아니오,예,서부안전팀,2007-12-27,,12 월,달서구 대명천로 101 (본리동 193-3),653-6950,528,7.0,사용,등록,대구광역시 달서구 대명천로 101,35.839028347,128.547190643
1954,200265,아니오,아니오,수성아크로타워,대림수성아크로타워,개별난방,아니오,예,경산안전팀,2008-02-26,, 2 월,수성구 달구벌대로 2570 (만촌동 1039-4),746-1141,224,1.0,사용,등록,대구광역시 수성구 달구벌대로 2570,35.85838068,128.644143725
1955,200266,아니오,아니오,진량휴먼시아,경산진량주공,개별난방,아니오,예,경산안전팀,2008-10-21,,10 월,경산시 진량읍 금호강변로 830-3 (부기리 715),857-0258,458,6.0,사용,등록,경상북도 경산시 진량읍 금호강변로 830-3,35.90643645,128.822052367
1956,200267,아니오,아니오,강변코오롱하늘채,봉덕강변코오롱하늘채,개별난방,아니오,예,중부안전팀,2008-10-02,,10 월,남구 봉덕로 134 (봉덕동 862),476-0548,486,4.0,사용,등록,대구광역시 남구 봉덕로 134,35.844149353,128.604774458
1957,200268,아니오,아니오,래미안수성아파트,범어삼성대토(래미안수성아파트),개별난방,아니오,예,중부안전팀,2008-03-24,, 3 월,수성구 상록로 69 (범어동 2030),,467,5.0,사용,등록,대구광역시 수성구 상록로 69,35.865747191,128.623031914
1958,200269,아니오,아니오,아이프라임신매아파트,신매SD아이프라임,개별난방,아니오,예,경산안전팀,2008-10-01,,10 월,수성구 달구벌대로649길 14 (신매동 230),795-5552,309,6.0,사용,등록,대구광역시 수성구 달구벌대로649길 14,35.838926309,128.712367839
1959,200270,아니오,아니오,수성3가화성파크드림1단지,수성화성파크드림1단지,개별난방,아니오,예,중부안전팀,2009-10-27,,10 월,수성구 들안로60길 17 (수성동3가 130-1),754-5330,301,4.0,사용,등록,대구광역시 수성구 들안로60길 17,35.858236639,128.619569152
1960,200271,아니오,아니오,수성3가화성파크드림2단지,수성화성파크드림2단지,개별난방,아니오,예,중부안전팀,2009-10-27,,10 월,수성구 들안로60길 7 (수성동3가 275),754-5330,314,4.0,사용,등록,대구광역시 수성구 들안로60길 7,35.858310588,128.61808483
1961,200272,아니오,아니오,월성e-편한세상,월성e-편한세상,지역난방,아니오,예,서부안전팀,2009-08-24,, 8 월,달서구 조암남로 10 (월성동 536),639-5780,"1,097",8.0,사용,등록,대구광역시 달서구 조암남로 10,35.823082434,128.532226011
1962,200274,아니오,아니오,시지한신휴플러스,사월한신휴플러스,개별난방,아니오,예,경산안전팀,2013-09-25,, 9 월,수성구 달구벌대로669길 50 (사월동 645),,510,6.0,사용,등록,대구광역시 수성구 달구벌대로669길 50,35.837076026,128.722585627
1963,200275,아니오,아니오,율하휴먼시아7단지,율하휴먼시아7단지,개별난방,아니오,예,경산안전팀,2008-09-18,, 9 월,동구 안심로22길 55 (율하동 1464),961-1083,712,13.0,사용,등록,대구광역시 동구 안심로22길 55,35.863726755,128.698406633
1964,200276,아니오,아니오,범어SKVIEW,범어대공원SK뷰,개별난방,아니오,예,경산안전팀,2008-12-12,,12 월,수성구 범어로 73 (범어동 2235),743-0086,320,4.0,사용,등록,대구광역시 수성구 범어로 73,35.855649199,128.634428738
1965,200277,아니오,아니오,경산우방유쉘,옥곡우방유쉘,개별난방,아니오,예,경산안전팀,2009-10-22,,10 월,경산시 강변서로 111 (옥곡동 3-1),811-2020,297,3.0,사용,등록,경상북도 경산시 강변서로 111,35.817581977,128.731690672
1966,200278,아니오,아니오,유성푸르나임르노블,신매유성푸르나임르노블,개별난방,아니오,예,경산안전팀,2009-03-30,, 3 월,수성구 달구벌대로 3308 (신매동 57-17),295-5717,119,1.0,사용,등록,대구광역시 수성구 달구벌대로 3308,35.834364727,128.71717599
1967,200279,아니오,아니오,범어역우방유쉘,범어역우방유쉘,개별난방,아니오,예,중부안전팀,2009-07-23,, 7 월,수성구 동대구로 345 (범어동 35-1),746-8648,292,1.0,사용,등록,대구광역시 수성구 동대구로 345,35.861457631,128.625652793
1968,200280,아니오,아니오,각산푸르지오2단지,각산푸르지오2단지,개별난방,아니오,예,경산안전팀,2009-01-13,, 1 월,동구 경안로 822 (각산동 400),965-5090,596,7.0,사용,등록,대구광역시 동구 경안로 822,35.875179825,128.715075667
1969,200281,아니오,아니오,각산푸르지오1단지,각산푸르지오1단지,개별난방,아니오,예,경산안전팀,2009-01-09,, 1 월,동구 경안로 824 (각산동 425),965-5070,475,4.0,사용,등록,대구광역시 동구 경안로 824,35.875832945,128.715193152
1970,200283,아니오,아니오,동인동삼정그린코아아파트,동인삼정그린코아,개별난방,아니오,예,중부안전팀,2008-12-31,,12 월,중구 동덕로30길 53 (동인동4가 220),422-6116,174,1.0,사용,등록,대구광역시 중구 동덕로30길 53,35.867443875,128.606890887
1971,200284,아니오,아니오,범어롯데캐슬,범어롯데캐슬,개별난방,아니오,예,경산안전팀,2009-09-23,, 9 월,수성구 동대구로 300 (범어동 380),745-0379,219,4.0,사용,등록,대구광역시 수성구 동대구로 300,35.856767574,128.627296423
1972,200286,아니오,아니오,청라센트럴파크,남산휴먼시아2단지(청라센트럴파크),개별난방,아니오,예,중부안전팀,2008-10-06,,10 월,중구 달구벌대로 1970 (남산동 2991),427-2425,604,6.0,사용,등록,대구광역시 중구 달구벌대로 1970,35.863868039,128.580808045
1973,200287,아니오,아니오,SM안아주,율하경남모직안아주,개별난방,아니오,예,경산안전팀,2009-04-13,, 4 월,동구 안심로16길 29 (율하동 1228),963-0331,412,5.0,사용,등록,대구광역시 동구 안심로16길 29,35.865259444,128.693826964
1974,200288,아니오,아니오,동양아파트,신암동양맨션,개별난방,아니오,예,중부안전팀,2008-11-28,,11 월,동구 아양로8길 30 (신암동 184-5),953-0115,46,1.0,사용,등록,대구광역시 동구 아양로8길 30,35.879542657,128.619539632
1975,200289,아니오,아니오,화성파크드림이스트밸리,신천화성파크드림이스트밸리,개별난방,아니오,예,중부안전팀,2008-08-19,, 8 월,동구 송라로10길 34 (신천동 160-1),744-4348,447,4.0,사용,등록,대구광역시 동구 송라로10길 34,35.871504642,128.622712554
1976,200290,아니오,아니오,대구월배태영데시앙,월배태영데시앙,지역난방,아니오,예,서부안전팀,2009-01-08,, 1 월,달서구 조암남로 123 (대천동 497-2),643-5003,431,7.0,사용,등록,대구광역시 달서구 조암남로 123,35.81804682,128.520323936
1977,200291,아니오,아니오,수성화성파크드림,두산수성화성파크드림,개별난방,아니오,예,경산안전팀,2009-11-23,,11 월,수성구 용학로28길 8 (두산동 789),784-7897,373,4.0,사용,등록,대구광역시 수성구 용학로28길 8,35.822778246,128.624306347
1978,200292,아니오,아니오,신암청아람,신암청아람,개별난방,아니오,예,중부안전팀,2009-02-26,, 2 월,동구 신암로20길 39 (신암동 480),,665,7.0,사용,등록,대구광역시 동구 신암로20길 39,35.879819996,128.61282421
1979,200294,아니오,아니오,대실역동화아이위시,죽곡동화아이워시,CES(집단에너지),아니오,예,서부안전팀,2008-08-14,, 8 월,달성군 다사읍 대실역북로 55 (매곡리 1540),584-7093,583,6.0,사용,등록,대구광역시 달성군 다사읍 대실역북로 55,35.861843681,128.466322865
1980,200295,아니오,아니오,사동휴먼시아2단지,사동휴먼시아2단지,개별난방,아니오,예,경산안전팀,2009-03-06,, 3 월,경산시 솔숲길 100 (평산동 695),801-3301,521,6.0,사용,등록,경상북도 경산시 솔숲길 100,35.807620644,128.760831188
1981,200296,아니오,아니오,율하센트럴파크8단지,율하휴먼시아8단지,개별난방,아니오,예,경산안전팀,2008-10-23,,10 월,동구 안심로22길 75 (율하동 1467),961-1412,253,7.0,사용,등록,대구광역시 동구 안심로22길 75,35.863379109,128.700501415
1982,200297,아니오,아니오,율하센트럴파크9단지,율하휴먼시아9단지,개별난방,아니오,예,경산안전팀,2008-10-27,,10 월,동구 안심로22길 76 (율하동 1448),961-1412,332,10.0,사용,등록,대구광역시 동구 안심로22길 76,35.862967625,128.699537353
1983,200298,아니오,아니오,율하리버파크,율하휴먼시아11단지,개별난방,아니오,예,경산안전팀,2008-10-30,,10 월,동구 율하동로 19 (율하동 1412),961-1412,486,12.0,사용,등록,대구광역시 동구 율하동로 19,35.861412091,128.700976488
1984,200299,아니오,아니오,평리롯데캐슬,평리롯데캐슬,열병합(Co-gen),아니오,예,서부안전팀,2009-08-31,, 8 월,서구 국채보상로 316 (평리동 1676),554-7100,"1,281",17.0,사용,등록,대구광역시 서구 국채보상로 316,35.871389658,128.564946033
1985,200300,아니오,아니오,신천청아람,신천청아람,개별난방,아니오,예,중부안전팀,2009-09-29,, 9 월,동구 송라로14길 132 (신천동 200-1),743-0129,490,5.0,사용,등록,대구광역시 동구 송라로14길 132,35.874085322,128.622539032
1986,200301,아니오,아니오,2차대성빌라,지저대성빌라,개별난방,아니오,예,경산안전팀,2008-12-12,,12 월,동구 해동로 97-1 (지저동 871-5),,16,2.0,사용,등록,대구광역시 동구 해동로 97-1,35.890752271,128.641480519
1987,200302,예,아니오,무열마을,,개별난방,아니오,아니오,,,,,수성구 무열로 56 (만촌동 599-1),,80,2.0,사용,미등록,대구광역시 수성구 무열로 56,,
1988,200304,아니오,아니오,상인KCC스위첸,상인역KCC스위첸,지역난방,아니오,예,서부안전팀,2009-09-02,, 9 월,달서구 월배로39길 26 (상인동 95),638-1253~4,293,3.0,사용,등록,대구광역시 달서구 월배로39길 26,35.820418967,128.532977568
1989,200305,아니오,아니오,본리2차롯데캐슬,본리2차롯데캐슬,지역난방,아니오,예,서부안전팀,2008-06-10,, 6 월,달서구 대명천로 119 (본리동 196-1),655-9200,473,6.0,사용,등록,대구광역시 달서구 대명천로 119,35.839105752,128.545543481
1990,200306,아니오,아니오,이안월배아파트,월배이안,지역난방,아니오,예,서부안전팀,2009-09-21,, 9 월,달서구 조암남로 116 (대천동 326-1),643-8200,400,5.0,사용,등록,대구광역시 달서구 조암남로 116,35.819047441,128.520362591
1991,200307,아니오,아니오,현대아파트,신천현대맨션,개별난방,아니오,예,중부안전팀,2009-01-13,, 1 월,동구 송라로 59 (신천동 739-1),,36,1.0,사용,등록,대구광역시 동구 송라로 59,35.872375123,128.618554701
1992,200308,아니오,아니오,사동휴먼시아1단지,사동휴먼시아1단지,개별난방,아니오,예,경산안전팀,2009-06-30,, 6 월,경산시 백자로10길 57 (사동 180),801-4100,896,10.0,사용,등록,경상북도 경산시 백자로10길 57,35.807993941,128.759775432
1993,200309,아니오,아니오,내당월성아파트,내당월성,개별난방,아니오,예,서부안전팀,2009-02-27,, 2 월,서구 달구벌대로371길 45 (내당동 11-50),,40,1.0,사용,등록,대구광역시 서구 달구벌대로371길 45,35.865070047,128.566973241
1994,200310,아니오,아니오,대구범어삼성쉐르빌,범어삼성쉐르빌,개별난방,아니오,예,경산안전팀,2009-12-21,,12 월,수성구 청호로 426 (범어동 77-7),742-0079,213,3.0,사용,등록,대구광역시 수성구 청호로 426,35.854667265,128.640959837
1995,200311,아니오,아니오,각산태영데시앙,각산태영데시앙,개별난방,아니오,예,경산안전팀,2009-08-14,, 8 월,동구 반야월북로 123 (각산동 905),965-3600,839,9.0,사용,등록,대구광역시 동구 반야월북로 123,35.873718315,128.710604757
1996,200312,아니오,아니오,율하휴먼시아15단지,율하휴먼시아15단지,개별난방,아니오,예,경산안전팀,2009-09-07,, 9 월,동구 금호강변로3길 9 (율하동 1099),965-2772,457,6.0,사용,등록,대구광역시 동구 금호강변로3길 9,35.869513448,128.690049561
1997,200313,아니오,아니오,프로피아지잼오피스텔,,개별난방,아니오,아니오,,,,,수성구 상화로 131-17 (두산동 87-3),,,,사용,미등록,대구광역시 수성구 상화로 131-17,,
1998,200314,아니오,아니오,월드마크웨스트엔드,월드마크웨스트앤드,개별난방,아니오,예,서부안전팀,2010-05-11,, 5 월,달서구 와룡로 169 (감삼동 461),,994,7.0,사용,등록,대구광역시 달서구 와룡로 169,35.848729246,128.536358602
1999,200315,아니오,아니오,중방e-편한세상1단지,중방대림e-편한세상1단지,개별난방,아니오,예,경산안전팀,2009-11-23,,11 월,경산시 대학로32길 12 (중방동 893),802-5600,452,6.0,사용,등록,경상북도 경산시 대학로32길 12,35.833073138,128.737949226
2000,200316,아니오,아니오,중방e-편한세상2단지,중방대림e-편한세상2단지,개별난방,아니오,예,경산안전팀,2009-11-23,,11 월,경산시 대학로28길 31 (중방동 894),802-5600,463,6.0,사용,등록,경상북도 경산시 대학로28길 31,35.831838464,128.737939686
2001,200317,아니오,아니오,시지월드메르디앙,시지월드메르디앙,개별난방,아니오,예,경산안전팀,2009-04-21,, 4 월,수성구 천을로 70 (시지동 41),795-0121,603,6.0,사용,등록,대구광역시 수성구 천을로 70,35.844537149,128.698158694
2002,200318,아니오,아니오,중방e-편한세상3단지,중방e-편한세상3단지,개별난방,아니오,예,경산안전팀,2009-11-02,,11 월,경산시 경안로56길 14 (중방동 895),802-5600,562,7.0,사용,등록,경상북도 경산시 경안로56길 14,35.831692266,128.736183171
2003,200319,아니오,아니오,신서화성파크드림,신서화성파크드림,개별난방,아니오,예,경산안전팀,2009-12-21,,12 월,동구 반야월북로 221 (신서동 828),965-0934,934,8.0,사용,등록,대구광역시 동구 반야월북로 221,35.87345974,128.721502523
2004,200320,아니오,아니오,수성SK리더스뷰,수성SK리더스뷰,열병합(Co-gen),아니오,예,중부안전팀,2010-09-02,, 9 월,수성구 동대구로 95 (두산동 113),,788,7.0,사용,등록,대구광역시 수성구 동대구로 95,35.837858497,128.62335886
2005,200321,아니오,아니오,율하휴먼시아10단지,율하휴먼시아10단지,개별난방,아니오,예,경산안전팀,2010-04-30,, 4 월,동구 율하동로8길 16 (율하동 1621),,976,16.0,사용,등록,대구광역시 동구 율하동로8길 16,35.861580911,128.702849877
2006,200322,아니오,아니오,복현블루밍브라운스톤명문세가아파트,복현명문세가1단지(블루밍브라운스톤),개별난방,아니오,예,중부안전팀,2011-03-21,, 3 월,북구 복현로 71 (복현동 234-5),,336,7.0,사용,등록,대구광역시 북구 복현로 71,35.898495837,128.622413902
2007,200323,아니오,아니오,대현한신휴플러스,대현휴먼시아,개별난방,아니오,예,중부안전팀,2010-07-01,, 7 월,북구 대현남로 25 (대현동 531),,751,8.0,사용,등록,대구광역시 북구 대현남로 25,35.882190791,128.605824058
2008,200324,아니오,아니오,SD아이프라임강북,강북SD아이프라임,개별난방,아니오,예,북부안전팀,2010-03-31,, 3 월,북구 칠곡중앙대로125길 7 (읍내동 1448),,573,6.0,사용,등록,대구광역시 북구 칠곡중앙대로125길 7,35.951383946,128.551746579
2009,200325,아니오,아니오,73신암시영아파트,73신암시영,개별난방,아니오,예,중부안전팀,2009-09-10,, 9 월,동구 신암남로 11 (신암동 187-5),942-8726,76,2.0,사용,미등록,대구광역시 동구 신암남로 11,35.879618489,128.622116859
2010,200326,아니오,아니오,래미안웰리스트1단지아파트,봉덕래미안1단지(웰리스트),개별난방,아니오,예,중부안전팀,2010-03-31,, 3 월,남구 효성중앙길 82 (봉덕동 1632),,270,4.0,사용,등록,대구광역시 남구 효성중앙길 82,35.83578667,128.604122207
2011,200327,아니오,아니오,래미안웰리스트2단지아파트,봉덕래미안2단지(웰리스트),개별난방,아니오,예,중부안전팀,2010-03-31,, 3 월,남구 효성중앙길 81 (봉덕동 1631),,201,3.0,사용,등록,대구광역시 남구 효성중앙길 81,35.836929503,128.604752836
2012,200329,예,아니오,황금청구빌라,,개별난방,아니오,아니오,,,,,수성구 동대구로29길 46-1 (황금동 838-3),,2,1.0,사용,등록,대구광역시 수성구 동대구로29길 46-1,35.842749544,128.622690637
2013,200330,예,아니오,황금청구빌라,,개별난방,아니오,아니오,,,,,수성구 동대구로29길 46 (황금동 838-13),,4,1.0,사용,등록,대구광역시 수성구 동대구로29길 46,35.84274644,128.622940354
2014,200331,예,아니오,성당우방아파트,,개별난방,아니오,아니오,,,,,달서구 구마로 171 (본리동 215-1),624-0211,135,3.0,사용,등록,대구광역시 달서구 구마로 171,35.837601767,128.546877609
2015,200332,아니오,아니오,한우아파트,화원한우,개별난방,아니오,예,서부안전팀,2009-11-06,,11 월,달성군 화원읍 비슬로 2679 (구라리 1734-2),632-1057,360,7.0,사용,등록,대구광역시 달성군 화원읍 비슬로 2679,35.808299689,128.508870485
2016,200333,아니오,아니오,월성상가아파트,대명월성상가,개별난방,아니오,예,중부안전팀,2009-12-10,,12 월,남구 대명서로 151 (대명동 1582-3),,24,1.0,사용,등록,대구광역시 남구 대명서로 151,35.834332455,128.557343944
2017,200334,아니오,아니오,매천화성파크드림,매천화성파크드림,개별난방,아니오,예,북부안전팀,2010-10-13,,10 월,북구 매전로 17 (매천동 673),,500,7.0,사용,등록,대구광역시 북구 매전로 17,35.909260381,128.542618847
2018,200335,아니오,아니오,경북대학교교수아파트,경북대학교교수아파트,개별난방,아니오,예,중부안전팀,2010-01-14,, 1 월,북구 대학로 80 (산격동 1370-1),950-6946,90,1.0,사용,등록,대구광역시 북구 대학로 80,35.887720188,128.607715777
2019,200336,아니오,아니오,율하리버파크뷰,율하휴먼시아12단지,개별난방,아니오,예,경산안전팀,2010-06-24,, 6 월,동구 금호강변로 315 (율하동 1410),,442,10.0,사용,등록,대구광역시 동구 금호강변로 315,35.860812133,128.697660408
2020,200338,아니오,아니오,양우내안애아파트,산격양우내안에,개별난방,아니오,예,북부안전팀,2009-11-16,,11 월,북구 동북로 131 (산격동 1838),384-1505,355,3.0,사용,등록,대구광역시 북구 동북로 131,35.902076176,128.608096894
2021,200339,아니오,아니오,서재휴먼시아,서재휴먼시아,개별난방,아니오,예,서부안전팀,2010-04-26,, 4 월,달성군 다사읍 서재로14길 2 (서재리 486),,757,8.0,사용,등록,대구광역시 달성군 다사읍 서재로14길 2,35.868945621,128.497656546
2022,200340,아니오,아니오,범어STXKAN,STX KAN아파트,개별난방,아니오,예,중부안전팀,2010-07-30,, 7 월,수성구 범어천로 107 (범어동 800-3),,299,4.0,사용,등록,대구광역시 수성구 범어천로 107,35.85655677,128.621755013
2023,200341,아니오,아니오,달성화성파크드림,달성2차청아람(화성파크드림),개별난방,아니오,예,서부안전팀,2010-12-06,,12 월,달성군 구지면 과학마을로2길 6 (응암리 1178),,"1,228",13.0,사용,등록,대구광역시 달성군 구지면 과학마을로2길 6,35.655825324,128.415611104
2024,200342,아니오,아니오,신천역센트럴리버파크,신천휴먼시아5단지(센트럴리버파크),개별난방,아니오,예,중부안전팀,2011-01-24,, 1 월,동구 동부로 26 (신천동 621),,785,9.0,사용,등록,대구광역시 동구 동부로 26,35.873571367,128.61520834
2025,200343,아니오,아니오,신천휴먼시아6단지,신천휴먼시아6단지,개별난방,아니오,예,중부안전팀,2010-11-05,,11 월,동구 송라로11길 39 (신천동 622),,550,5.0,사용,등록,대구광역시 동구 송라로11길 39,35.871497417,128.617168358
2026,200344,아니오,아니오,다산휴먼시아3단지,고령다산휴먼시아3단지,개별난방,아니오,예,서부안전팀,2010-11-16,,11 월,고령군 다산면 평리6길 30 (곽촌리 357),,474,6.0,사용,등록,경상북도 고령군 다산면 평리6길 30,35.829097276,128.452505034
2027,200345,아니오,아니오,상인화성파크드림1단지아파트,상인화성파크드림1단지,지역난방,아니오,예,서부안전팀,2010-02-22,, 2 월,달서구 송현로7길 10 (상인동 1596),,"1,069",14.0,사용,등록,대구광역시 달서구 송현로7길 10,35.822088944,128.547267488
2028,200346,아니오,아니오,상인화성파크드림2단지아파트,상인화성파크드림2단지,지역난방,아니오,예,서부안전팀,2010-02-19,, 2 월,달서구 송현로7길 9 (상인동 1597),,"1,351",13.0,사용,등록,대구광역시 달서구 송현로7길 9,35.821551945,128.547758986
2029,200347,아니오,아니오,대구상인푸르지오,상인대우푸르지오,지역난방,아니오,예,서부안전팀,2010-01-25,, 1 월,달서구 상화로 235 (상인동 1598),,698,6.0,사용,등록,대구광역시 달서구 상화로 235,35.810860616,128.538730615
2030,200348,아니오,아니오,진천역계룡리슈빌,진천역계룡리슈빌,개별난방,아니오,예,서부안전팀,2011-06-08,, 6 월,달서구 진천로 77 (진천동 602),,810,9.0,사용,등록,대구광역시 달서구 진천로 77,35.814845867,128.52110174
2031,200349,아니오,아니오,평리푸르지오,평리푸르지오1단지,개별난방,아니오,예,서부안전팀,2010-11-01,,11 월,서구 국채보상로50길 20 (평리동 1680),,529,7.0,사용,등록,대구광역시 서구 국채보상로50길 20,35.869816508,128.559559504
2032,200350,아니오,아니오,평리푸르지오,평리푸르지오2단지,개별난방,아니오,예,서부안전팀,2010-11-02,,11 월,서구 국채보상로50길 20 (평리동 1681),,922,11.0,사용,등록,대구광역시 서구 국채보상로50길 20,35.869816508,128.559559504
2033,200352,예,아니오,가람빌라,,개별난방,아니오,아니오,,,,,달서구 와룡로15길 52 (본리동 430-6),,8,1.0,사용,등록,대구광역시 달서구 와룡로15길 52,35.839489994,128.533827273
2034,200353,예,아니오,수성호반빌라,,개별난방,아니오,아니오,,,,,수성구 용학로30길 24 (지산동 1185-3),783-4869,8,1.0,사용,등록,대구광역시 수성구 용학로30길 24,35.822273065,128.626346135
2035,200354,아니오,아니오,아진연립,아진연립,개별난방,아니오,예,경산안전팀,2010-06-29,, 6 월,동구 방천로2길 11 (불로동 1000-1),010-5104-4321,38,4.0,사용,등록,대구광역시 동구 방천로2길 11,35.898146619,128.632482758
2036,200355,아니오,아니오,e편한세상세계육상선수촌,세계육상선수촌1단지,개별난방,아니오,예,경산안전팀,2011-01-11,, 1 월,동구 율하서로 85 (율하동 1402),,528,9.0,사용,등록,대구광역시 동구 율하서로 85,35.861582106,128.689386475
2037,200356,아니오,아니오,e편한세상세계육상선수촌2단지,세계육상선수촌2단지,개별난방,아니오,예,경산안전팀,2011-01-11,, 1 월,동구 안심로16길 71 (율하동 1408),,652,14.0,사용,등록,대구광역시 동구 안심로16길 71,35.861454636,128.6930095
2038,200357,아니오,아니오,오성마을,연호오성아파트,개별난방,아니오,예,경산안전팀,2010-11-10,,11 월,수성구 고모로33길 100 (연호동 8),,294,8.0,사용,미등록,대구광역시 수성구 고모로33길 100,35.849466086,128.67202179
2039,200358,아니오,아니오,롬바드아파트,롬바드한라하우젠트,개별난방,아니오,예,중부안전팀,2011-05-24,, 5 월,수성구 들안로 325 (수성동2가 1-3),,108,1.0,사용,등록,대구광역시 수성구 들안로 325,35.858949171,128.616718565
2040,200359,아니오,아니오,삼정비취맨션,대명삼정비취맨션,개별난방,아니오,예,중부안전팀,2011-01-10,, 1 월,남구 대명복개로3길 32 (대명동 1598-8),,53,2.0,사용,등록,대구광역시 남구 대명복개로3길 32,35.840432052,128.561883096
2041,200360,아니오,아니오,사동2지구화성파크드림,사동화성파크드림,개별난방,아니오,예,경산안전팀,2010-09-16,, 9 월,경산시 삼성현로91길 45 (사동 21),,505,8.0,사용,등록,경상북도 경산시 삼성현로91길 45,35.810023474,128.751696478
2042,200361,아니오,아니오,평리푸르지오,평리푸르지오3단지,개별난방,아니오,예,서부안전팀,2010-11-01,,11 월,서구 국채보상로50길 20 (평리동 1682),,368,4.0,사용,등록,대구광역시 서구 국채보상로50길 20,35.869816508,128.559559504
2043,200362,예,아니오,반도아파트,,개별난방,아니오,아니오,,,,,남구 효동길 56 (봉덕동 1292-215),,49,1.0,사용,등록,대구광역시 남구 효동길 56,35.837646189,128.599907016
2044,200363,예,아니오,반도아파트,,개별난방,아니오,아니오,,,,,남구 효동길 58 (봉덕동 1292-216),,44,1.0,사용,등록,대구광역시 남구 효동길 58,35.837413764,128.599910809
2045,200364,아니오,아니오,복현블루밍브라운스톤명문세가아파트,복현명문세가2단지(블루밍브라운스톤),개별난방,아니오,예,중부안전팀,2011-03-07,, 3 월,북구 복현로 50 (복현동 241-1),,452,8.0,사용,등록,대구광역시 북구 복현로 50,35.897796709,128.624292803
2046,200365,아니오,아니오,죽곡푸르지오2단지,죽곡청아람푸르지오2단지,CES(집단에너지),아니오,예,서부안전팀,2011-12-30,,12 월,달성군 다사읍 대실역남로 93 (죽곡리 822),,544,7.0,사용,등록,대구광역시 달성군 다사읍 대실역남로 93,35.851286733,128.464971642
2047,200366,아니오,아니오,죽곡푸르지오1단지,죽곡청아람푸르지오1단지,CES(집단에너지),아니오,예,서부안전팀,2011-08-02,, 8 월,달성군 다사읍 대실역북로 16 (매곡리 1552),,214,3.0,사용,등록,대구광역시 달성군 다사읍 대실역북로 16,35.856813327,128.467904126
2048,200367,아니오,아니오,스카이랜드오피스텔,세명오피스텔(스카이랜드),개별난방,아니오,예,중부안전팀,2011-02-01,, 2 월,중구 봉산문화2길 42-27 (봉산동 136-9),,58,1.0,사용,등록,대구광역시 중구 봉산문화2길 42-27,35.863202743,128.598079549
2049,200368,아니오,아니오,죽곡청아람리슈빌4단지,죽곡청아람리슈빌4단지,CES(집단에너지),아니오,예,서부안전팀,2011-09-27,, 9 월,달성군 다사읍 대실역남로 35 (죽곡리 815),,304,4.0,사용,등록,대구광역시 달성군 다사읍 대실역남로 35,35.85430664,128.464890415
2050,200369,아니오,아니오,대실역리슈빌3단지,죽곡청아람리슈빌3단지,CES(집단에너지),아니오,예,서부안전팀,2012-01-25,, 1 월,달성군 다사읍 대실역남로 33 (죽곡리 818),,597,8.0,사용,등록,대구광역시 달성군 다사읍 대실역남로 33,35.854846707,128.46691655
2051,200370,예,아니오,평리금오아파트,,개별난방,아니오,아니오,,,,,서구 국채보상로46길 37-10 (평리동 1348-4),,40,1.0,사용,등록,대구광역시 서구 국채보상로46길 37-10,35.86714206,128.55733901
2052,200371,아니오,아니오,대구역서희스타힐스,칠성휴먼시아(서희스타힐스),개별난방,아니오,예,중부안전팀,2011-11-10,,11 월,북구 칠성남로 101 (칠성동2가 715),,"1,250",13.0,사용,등록,대구광역시 북구 칠성남로 101,35.878637581,128.591711963
2053,200372,예,아니오,일신맨션,,개별난방,아니오,아니오,,,,,남구 이천로 54 (봉덕동 569-2),,7,1.0,사용,등록,대구광역시 남구 이천로 54,35.845984844,128.598647888
2054,200373,예,아니오,한원빌라,,개별난방,아니오,아니오,,,,,수성구 용학로25안길 15-12 (지산동 1181-2),,12,1.0,사용,등록,대구광역시 수성구 용학로25안길 15-12,35.824377846,128.626368972
2055,200374,아니오,아니오,대곡역화성파크드림위드,화성파크드림위드,개별난방,아니오,예,서부안전팀,2012-07-03,, 7 월,달서구 비슬로 2734 (대곡동 1034),,359,5.0,사용,등록,대구광역시 달서구 비슬로 2734,35.809690567,128.514002625
2056,200375,아니오,아니오,신대팰리스,신대부적부영1차,개별난방,아니오,예,경산안전팀,2011-08-05,, 8 월,경산시 압량읍 압독2로 45 (신대리 485),,440,7.0,사용,등록,경상북도 경산시 압량읍 압독2로 45,35.8406547,128.768330944
2057,200376,아니오,아니오,부영사랑으로2차,신대부적부영2차,개별난방,아니오,예,경산안전팀,2011-08-05,, 8 월,경산시 압량읍 압독2로 59 (신대리 486),,440,7.0,사용,등록,경상북도 경산시 압량읍 압독2로 59,35.840549039,128.768626596
2058,200377,아니오,아니오,칠성동삼성아파트,칠성동삼성아파트,개별난방,아니오,예,중부안전팀,2011-09-02,, 9 월,북구 칠성시장로 42 (칠성동1가 276-108),,57,2.0,사용,미등록,대구광역시 북구 칠성시장로 42,35.877860519,128.603647008
2059,200378,아니오,아니오,비산하이츠아파트,,개별난방,아니오,아니오,,,,,서구 통학로52길 68 (비산동 679-7),,19,1.0,사용,등록,대구광역시 서구 통학로52길 68,35.883773779,128.570269242
2060,200379,예,아니오,복현82.83시영,,개별난방,아니오,아니오,,,,,북구 동북로49길 15 (복현동 214-1),,277,8.0,사용,미등록,대구광역시 북구 동북로49길 15,,
2061,200380,예,아니오,꽃동네아파트,,개별난방,아니오,아니오,,,,,서구 평리로 221 (중리동 123),559-9406,295,5.0,사용,등록,대구광역시 서구 평리로 221,35.86291144,128.547884713
2062,200381,예,아니오,청구파동하이츠,,개별난방,아니오,아니오,,,,,수성구 파동로12길 41 (파동 304),,26,1.0,사용,등록,대구광역시 수성구 파동로12길 41,35.810264974,128.621939696
2063,200382,예,아니오,청구파동하이츠,,개별난방,아니오,아니오,,,,,수성구 파동로12길 39 (파동 311-1),,16,1.0,사용,등록,대구광역시 수성구 파동로12길 39,35.810039889,128.62136715
2064,200383,예,아니오,다세대주택,,개별난방,아니오,아니오,,,,,동구 공항로51길 18 (지저동 640),,8,1.0,사용,등록,대구광역시 동구 공항로51길 18,35.896537204,128.64250738
2065,200384,예,아니오,다세대주택,,개별난방,아니오,아니오,,,,,동구 공항로45길 28 (지저동 640-3),,14,1.0,사용,등록,대구광역시 동구 공항로45길 28,35.89663928,128.642751359
2066,200385,예,아니오,다세대주택,,개별난방,아니오,아니오,,,,,동구 공항로45길 32 (지저동 640-5),,14,1.0,사용,등록,대구광역시 동구 공항로45길 32,35.896541385,128.643049114
2067,200386,예,아니오,부국빌라,,개별난방,아니오,아니오,,,,,동구 해동로7길 5-1 (지저동 776-3),,18,2.0,사용,등록,대구광역시 동구 해동로7길 5-1,35.894235642,128.637884816
2068,200387,아니오,아니오,이시아폴리스더샵1차,이시아폴리스더샵1차,개별난방,아니오,예,북부안전팀,2012-06-18,, 6 월,동구 팔공로53길 10 (봉무동 1524),,652,8.0,사용,등록,대구광역시 동구 팔공로53길 10,35.925447935,128.639948087
2069,200388,아니오,아니오,대원아파트,전원주택(대원아파트),개별난방,아니오,예,경산안전팀,2011-09-07,, 9 월,경산시 남매로 235 (중방동 105-6),,51,3.0,사용,등록,경상북도 경산시 남매로 235,35.831917447,128.740628956
2070,200390,예,아니오,협진아파트,,개별난방,아니오,아니오,,,,,북구 동북로50길 17 (복현동 436-1),,60,2.0,사용,등록,대구광역시 북구 동북로50길 17,35.893800751,128.616532851
2071,200391,예,아니오,협진아파트,,개별난방,아니오,아니오,,,,,북구 동북로50길 14 (복현동 421-1),,131,4.0,사용,등록,대구광역시 북구 동북로50길 14,35.895038271,128.616231402
2072,200392,예,아니오,태평빌라,,개별난방,아니오,아니오,,,,,동구 동촌로46길 11 (방촌동 1086-7),,18,1.0,사용,등록,대구광역시 동구 동촌로46길 11,35.880255517,128.664494876
2073,200393,예,아니오,태평빌라,,개별난방,아니오,아니오,,,,,동구 동촌로46길 25 (방촌동 1086-12),,18,1.0,사용,등록,대구광역시 동구 동촌로46길 25,35.880083276,128.664067822
2074,200394,예,아니오,수성스위트빌,,개별난방,아니오,아니오,,,,,수성구 신천동로88길 20 (수성동4가 1190-91),,19,1.0,사용,등록,대구광역시 수성구 신천동로88길 20,35.862501086,128.612482992
2075,200395,아니오,아니오,삼덕청아람리슈빌,삼덕청아람,개별난방,아니오,예,중부안전팀,2013-02-15,, 2 월,중구 달구벌대로447길 77 (삼덕동3가 383),,730,7.0,사용,등록,대구광역시 중구 달구벌대로447길 77,35.866344574,128.607024007
2076,200396,예,아니오,중앙청기와타운,,개별난방,아니오,아니오,,,,,수성구 화랑로34길 91-7 (만촌동 348-10),,8,1.0,사용,등록,대구광역시 수성구 화랑로34길 91-7,35.874814454,128.649487795
2077,200397,예,아니오,청운청기와타운,,개별난방,아니오,아니오,,,,,수성구 화랑로40길 8 (만촌동 347-1),,7,1.0,사용,등록,대구광역시 수성구 화랑로40길 8,35.874979508,128.648619569
2078,200398,예,아니오,해동청기와타운,,개별난방,아니오,아니오,,,,,수성구 화랑로34길 77-3 (만촌동 348-13),,17,2.0,사용,등록,대구광역시 수성구 화랑로34길 77-3,35.874981035,128.648794739
2079,200399,예,아니오,감삼용궁아파트,,개별난방,아니오,아니오,,,,,달서구 감삼2길 7-5 (감삼동 147-3),,18,1.0,사용,등록,대구광역시 달서구 감삼2길 7-5,35.849960312,128.540388679
2080,200400,예,아니오,감삼용궁아파트,,개별난방,아니오,아니오,,,,,달서구 감삼2길 7-11 (감삼동 148-1),,10,1.0,사용,등록,대구광역시 달서구 감삼2길 7-11,35.849878399,128.54080191
2081,200401,예,아니오,해동청기와타운,,개별난방,아니오,아니오,,,,,수성구 화랑로34길 79-4 (만촌동 348-7),,9,1.0,사용,등록,대구광역시 수성구 화랑로34길 79-4,35.874826869,128.649309193
2082,200402,아니오,아니오,신서풍경마을,풍경마을,개별난방,아니오,예,경산안전팀,2012-04-26,, 4 월,동구 금강로16길 50 (신서동 585),,99,5.0,사용,등록,대구광역시 동구 금강로16길 50,35.864523275,128.734046919
2083,200403,예,아니오,로얄이스트2차,,개별난방,아니오,아니오,,,,,동구 신암남로30길 46-3 (신암동 361-55),,18,1.0,사용,등록,대구광역시 동구 신암남로30길 46-3,35.882999861,128.633695806
2084,200404,예,아니오,로얄이스트2차,,개별난방,아니오,아니오,,,,,동구 신암남로24길 97 (신암동 361-56),,19,1.0,사용,등록,대구광역시 동구 신암남로24길 97,35.882779117,128.633856796
2085,200405,아니오,아니오,수성누리빌데시앙,수성누리빌데시앙,개별난방,아니오,예,경산안전팀,2012-01-03,, 1 월,수성구 국채보상로 1019 (만촌동 1430-8),,280,13.0,사용,등록,대구광역시 수성구 국채보상로 1019,35.866210234,128.641899556
2086,200406,아니오,아니오,서광은하맨션,서광은하맨션,개별난방,아니오,예,경산안전팀,2012-04-23,, 4 월,경산시 자인면 북사로3길 4 (북사리 191),,40,1.0,사용,등록,경상북도 경산시 자인면 북사로3길 4,35.822177688,128.823124776
2087,200407,아니오,아니오,파스텔헤비치,파스텔헤비치(사동도시형),개별난방,아니오,예,경산안전팀,2012-04-16,, 4 월,경산시 박물관로1길 24 (사동 635-5),,36,1.0,사용,등록,경상북도 경산시 박물관로1길 24,35.816693855,128.761635797
2088,200408,아니오,아니오,서광금잔디맨션,서광금잔디,개별난방,아니오,예,경산안전팀,2011-12-16,,12 월,경산시 자인면 교촌길 38 (교촌리 342),,50,1.0,사용,등록,경상북도 경산시 자인면 교촌길 38,35.822273354,128.827896417
2089,200409,아니오,아니오,강변효성백년가약,강변효성백년가약,개별난방,아니오,예,중부안전팀,2011-12-06,,12 월,남구 봉덕로 135 (봉덕동 1635),,481,5.0,사용,등록,대구광역시 남구 봉덕로 135,35.844987295,128.604640943
2090,200410,아니오,아니오,남문2지구아파트,남문아파트2지구,개별난방,아니오,예,중부안전팀,2012-03-09,, 3 월,중구 중앙대로 307-16 (남산동 699-7),,63,1.0,사용,등록,대구광역시 중구 중앙대로 307-16,35.86108639,128.591468261
2091,200411,아니오,아니오,공신연립,상록수아파트,개별난방,아니오,예,경산안전팀,2012-01-12,, 1 월,동구 동촌로 195 (방촌동 1002-8),,47,4.0,사용,등록,대구광역시 동구 동촌로 195,,
2092,200412,아니오,아니오,대화타워펠리스,사동대화,개별난방,아니오,예,경산안전팀,2011-12-19,,12 월,경산시 박물관로1길 20 (사동 635-3),,72,1.0,사용,등록,경상북도 경산시 박물관로1길 20,35.816849134,128.761260674
2093,200413,아니오,아니오,소노펠리체오피스텔,소노펠리체오피스텔,개별난방,아니오,예,북부안전팀,2011-12-27,,12 월,북구 구암로16길 12-1 (태전동 993-7),,36,1.0,사용,미등록,대구광역시 북구 구암로16길 12-1,35.931282749,128.548939424
2094,200414,아니오,아니오,시지동화아이위시아파트,시지동화아이위시,개별난방,아니오,예,경산안전팀,2013-01-14,, 1 월,수성구 달구벌대로669길 20 (사월동 642),,352,4.0,사용,등록,대구광역시 수성구 달구벌대로669길 20,35.835517085,128.723102299
2095,200415,아니오,아니오,화신청림맨션,화신청림,개별난방,아니오,예,경산안전팀,2011-12-16,,12 월,경산시 자인면 북사로 20 (북사리 152),,50,2.0,사용,등록,경상북도 경산시 자인면 북사로 20,35.822245238,128.82394353
2096,200416,아니오,아니오,남문아파트1지구,남문아파트1지구,개별난방,아니오,예,중부안전팀,2012-09-25,, 9 월,중구 명륜로 70 (남산동 698-22),,55,1.0,사용,등록,대구광역시 중구 명륜로 70,35.861043027,128.591974272
2097,200417,아니오,아니오,우리아파트,현풍우리아파트,개별난방,아니오,예,서부안전팀,2012-02-24,, 2 월,달성군 현풍읍 현풍동로27길 13 (부리 140),,40,1.0,사용,등록,대구광역시 달성군 현풍읍 현풍동로27길 13,35.699579818,128.44734361
2098,200419,예,아니오,대영빌라,,개별난방,아니오,아니오,,,,,달서구 명천로 5-2 (대곡동 48-2),,8,1.0,사용,등록,대구광역시 달서구 명천로 5-2,35.808851185,128.513253212
2099,200420,예,아니오,대영빌라,,개별난방,아니오,아니오,,,,,달서구 명천로 5-3 (대곡동 48-3),,8,1.0,사용,등록,대구광역시 달서구 명천로 5-3,35.808671851,128.513209321
2100,200421,예,아니오,대영빌라,,개별난방,아니오,아니오,,,,,달서구 명천로 7 (대곡동 48-5),,8,1.0,사용,등록,대구광역시 달서구 명천로 7,35.808729119,128.512983832
2101,200422,예,아니오,천마타운,,개별난방,아니오,아니오,,,,,수성구 신매로 71 (신매동 579),,555,6.0,사용,등록,대구광역시 수성구 신매로 71,35.835434774,128.708093454
2102,200423,예,아니오,트원아크로파트,,개별난방,아니오,아니오,,,,,달서구 대명천로45길 46 (본리동 411-1),,18,1.0,사용,등록,대구광역시 달서구 대명천로45길 46,,
2103,200424,아니오,아니오,하양도시형아파트,신현대아파트(하양도시형주택),개별난방,아니오,예,경산안전팀,2012-10-15,,10 월,경산시 하양읍 하양로33길 6-7 (동서리 1083),,115,2.0,사용,미등록,경상북도 경산시 하양읍 하양로33길 6-7,35.91808341,128.824707426
2104,200425,아니오,아니오,신매삼두아파트,,개별난방,아니오,아니오,,,,,수성구 달구벌대로652길 14 (신매동 155),,,,사용,미등록,대구광역시 수성구 달구벌대로652길 14,35.836791657,128.711524505
2105,200426,예,아니오,지산보성맨션,,개별난방,아니오,아니오,,,,,수성구 지범로22길 10 (지산동 1271-1),,286,3.0,사용,등록,대구광역시 수성구 지범로22길 10,35.822595486,128.634953217
2106,200427,아니오,아니오,삼정브리티시용산,감삼삼정브리티시,개별난방,아니오,예,서부안전팀,2013-03-22,, 3 월,달서구 달구벌대로 1530 (감삼동 702),,801,6.0,사용,등록,대구광역시 달서구 달구벌대로 1530,35.848597866,128.532922853
2107,200428,예,아니오,승리빌라,,개별난방,아니오,아니오,,,,,경산시 경산로34길 17 (옥산동 786-2),,8,1.0,사용,등록,경상북도 경산시 경산로34길 17,35.824048278,128.728782569
2108,200429,예,아니오,경산세광아파트,,개별난방,아니오,아니오,,,,,경산시 강변서로 267 (중방동 818-108),,36,1.0,사용,등록,경상북도 경산시 강변서로 267,35.831270386,128.732041291
2109,200430,예,아니오,삼흥타운,,개별난방,아니오,아니오,,,,,서구 달서로14길 38-11 (비산동 193-9),,12,1.0,사용,등록,대구광역시 서구 달서로14길 38-11,35.869527741,128.575256211
2110,200431,예,아니오,삼흥타운,,개별난방,아니오,아니오,,,,,서구 달서로12길 57-13 (비산동 193-1),,16,1.0,사용,등록,대구광역시 서구 달서로12길 57-13,35.869742844,128.575353457
2111,200432,예,아니오,태양아파트,,개별난방,아니오,아니오,,,,,달서구 구마로11길 13 (본리동 665-2),,32,1.0,사용,등록,대구광역시 달서구 구마로11길 13,35.838119852,128.533506856
2112,200433,아니오,아니오,진천역AK그랑폴리스,유천AK그랑폴리스,개별난방,아니오,예,서부안전팀,2013-02-28,, 2 월,달서구 월배로11길 33 (유천동 597),,"1,669",17.0,사용,등록,대구광역시 달서구 월배로11길 33,35.814301803,128.519643223
2113,200434,예,아니오,하양우방1차,,개별난방,아니오,아니오,,,,,경산시 하양읍 금락리 68,,,,사용,미등록,경상북도 경산시 하양읍 금락리 68,,
2114,200435,예,아니오,삼우궁전맨션,,개별난방,아니오,아니오,,,,,경산시 하양읍 조산천동길 16 (동서리 747-3),,66,1.0,사용,등록,경상북도 경산시 하양읍 조산천동길 16,35.915731071,128.824299046
2115,200436,예,아니오,성당보성맨션,,개별난방,아니오,아니오,,,,,달서구 당산로 7 (본리동 300-5),,215,3.0,사용,미등록,대구광역시 달서구 당산로 7,35.846919381,128.544545769
2116,200437,예,아니오,금강도운주택,,개별난방,아니오,아니오,,,,,경산시 원효로40길 17-4 (사동 580-18),,15,1.0,사용,등록,경상북도 경산시 원효로40길 17-4,35.817402407,128.7568632
2117,200438,예,아니오,금강도운주택,,개별난방,아니오,아니오,,,,,경산시 원효로40길 17-6 (사동 580-19),,15,1.0,사용,등록,경상북도 경산시 원효로40길 17-6,35.817353931,128.756984379
2118,200439,예,아니오,대아아파트,,개별난방,아니오,아니오,,,,,달서구 구마로9길 30 (본리동 644-2),,51,2.0,사용,등록,대구광역시 달서구 구마로9길 30,35.838847208,128.532472634
2119,200440,아니오,아니오,칠성M-CITY,칠성M-CITY,개별난방,아니오,예,중부안전팀,2012-05-16,, 5 월,북구 칠성시장로 10 (칠성동1가 153-4),,60,1.0,사용,등록,대구광역시 북구 칠성시장로 10,35.875224935,128.605125092
2120,200441,예,아니오,연안장미타운,,개별난방,아니오,아니오,,,,,경산시 원효로40길 17-9 (사동 567-17),,8,1.0,사용,등록,경상북도 경산시 원효로40길 17-9,35.817503863,128.757377138
2121,200442,예,아니오,연안장미타운,,개별난방,아니오,아니오,,,,,경산시 원효로42길 16 (사동 567-18),,8,1.0,사용,등록,경상북도 경산시 원효로42길 16,35.817483795,128.757547766
2122,200443,예,아니오,해성빌라,,개별난방,아니오,아니오,,,,,수성구 용학로30길 46 (지산동 1189-20),,,,사용,등록,대구광역시 수성구 용학로30길 46,35.821872531,128.627534307
2123,200444,예,아니오,해성빌라,,개별난방,아니오,아니오,,,,,수성구 용학로30길 50 (지산동 1189-21),,,,사용,등록,대구광역시 수성구 용학로30길 50,35.821832646,128.627689039
2124,200445,예,아니오,해성빌라,,개별난방,아니오,아니오,,,,,수성구 용학로30길 52 (지산동 1189-22),,,,사용,등록,대구광역시 수성구 용학로30길 52,35.821797836,128.627811059
2125,200446,아니오,아니오,루이스타,루이스타,개별난방,아니오,예,서부안전팀,2012-04-05,, 4 월,달서구 장산로 55 (용산동 612-1),,36,1.0,사용,등록,대구광역시 달서구 장산로 55,35.853641605,128.524212252
2126,200447,예,아니오,까치아파트,,개별난방,아니오,아니오,,,,,중구 남산로7길 55 (남산동 2482-459),,255,1.0,사용,등록,대구광역시 중구 남산로7길 55,35.859106877,128.579324837
2127,200448,예,아니오,유성타운,,개별난방,아니오,아니오,,,,,달서구 진천로3길 55 (진천동 385-14),,8,1.0,사용,등록,대구광역시 달서구 진천로3길 55,35.809766761,128.522911295
2128,200449,예,아니오,유성타운,,개별난방,아니오,아니오,,,,,달서구 진천로3길 53 (진천동 384-4),,8,1.0,사용,등록,대구광역시 달서구 진천로3길 53,35.809929891,128.523149721
2129,200450,예,아니오,유성타운,,개별난방,아니오,아니오,,,,,달서구 진천로3길 51 (진천동 384-3),,8,1.0,사용,등록,대구광역시 달서구 진천로3길 51,35.809727606,128.52312623
2130,200451,아니오,아니오,지산현대택시사원아파트,지산현대택시사원,개별난방,아니오,예,경산안전팀,2012-05-09,, 5 월,수성구 용학로34길 14 (지산동 1186-12),,40,1.0,사용,등록,대구광역시 수성구 용학로34길 14,35.8215672,128.62674537
2131,200452,예,아니오,중동청아빌라,,개별난방,아니오,아니오,,,,,수성구 청수로3길 61-5 (중동 498-6),,,,사용,미등록,대구광역시 수성구 청수로3길 61-5,,
2132,200453,예,아니오,청보빌라,,개별난방,아니오,아니오,,,,,동구 아양로57길 25 (지저동 818-1),,16,2.0,사용,등록,대구광역시 동구 아양로57길 25,35.892406047,128.642665536
2133,200454,예,아니오,청보빌라,,개별난방,아니오,아니오,,,,,동구 아양로57길 23 (지저동 818-7),,,,사용,등록,대구광역시 동구 아양로57길 23,35.892241897,128.642683406
2134,200455,예,아니오,메트로팔레스2단지,,개별난방,아니오,아니오,,,,,수성구 동원로 109 (만촌동 1429-6),,207,3.0,사용,등록,대구광역시 수성구 동원로 109,35.86865364,128.637461793
2135,200456,예,아니오,경남빌라,,개별난방,아니오,아니오,,,,,동구 공항로49길 2 (지저동 663-22),,8,1.0,사용,등록,대구광역시 동구 공항로49길 2,35.896857476,128.641139175
2136,200457,예,아니오,경남빌라,,개별난방,아니오,아니오,,,,,동구 공항로45길 12-1 (지저동 663-21),,8,1.0,사용,등록,대구광역시 동구 공항로45길 12-1,35.896882163,128.640940126
2137,200458,예,아니오,경남빌라,,개별난방,아니오,아니오,,,,,동구 공항로45길 12 (지저동 663),,9,1.0,사용,등록,대구광역시 동구 공항로45길 12,35.897054035,128.640990186
2138,200459,예,아니오,경북아파트,,개별난방,아니오,아니오,,,,,수성구 파동로 117-1 (파동 164-3),,20,1.0,사용,등록,대구광역시 수성구 파동로 117-1,35.814184509,128.615410619
2139,200460,예,아니오,강변다세대주택,,개별난방,아니오,아니오,,,,,동구 동촌로56길 49 (방촌동 1113-268),,11,1.0,사용,등록,대구광역시 동구 동촌로56길 49,35.877933857,128.670426791
2140,200461,예,아니오,강변다세대주택,,개별난방,아니오,아니오,,,,,동구 동촌로56길 47 (방촌동 1113-269),,11,1.0,사용,등록,대구광역시 동구 동촌로56길 47,35.877991386,128.670272635
2141,200462,예,아니오,강변다세대주택,,개별난방,아니오,아니오,,,,,동구 동촌로56길 39 (방촌동 1113-272),,8,1.0,사용,등록,대구광역시 동구 동촌로56길 39,35.878162846,128.669805438
2142,200463,예,아니오,강변다세대주택,,개별난방,아니오,아니오,,,,,동구 동촌로54길 60 (방촌동 1113-264),,6,1.0,사용,등록,대구광역시 동구 동촌로54길 60,35.878258294,128.670123352
2143,200464,예,아니오,강변다세대주택,,개별난방,아니오,아니오,,,,,동구 동촌로54길 54 (방촌동 1113-180),,7,1.0,사용,등록,대구광역시 동구 동촌로54길 54,35.878334507,128.669870276
2144,200465,예,아니오,강변다세대주택,,개별난방,아니오,아니오,,,,,동구 동촌로54길 56 (방촌동 1113-263),,7,1.0,사용,등록,대구광역시 동구 동촌로54길 56,35.878314454,128.670002076
2145,200466,예,아니오,강변다세대주택,,개별난방,아니오,아니오,,,,,동구 동촌로54길 62 (방촌동 1113-265),,7,1.0,사용,등록,대구광역시 동구 동촌로54길 62,35.878225914,128.67025257
2146,200467,예,아니오,강변다세대주택,,개별난방,아니오,아니오,,,,,동구 동촌로54길 64 (방촌동 1113-266),,6,1.0,사용,등록,대구광역시 동구 동촌로54길 64,35.878210753,128.670394909
2147,200468,예,아니오,강변다세대주택,,개별난방,아니오,아니오,,,,,동구 동촌로56길 45 (방촌동 1113-270),,8,1.0,사용,등록,대구광역시 동구 동촌로56길 45,35.878062673,128.670118604
2148,200469,예,아니오,강변다세대주택,,개별난방,아니오,아니오,,,,,동구 동촌로56길 43 (방촌동 1113-271),,8,1.0,사용,등록,대구광역시 동구 동촌로56길 43,35.878088756,128.669946209
2149,200470,예,아니오,공항하이츠빌라,,개별난방,아니오,아니오,,,,,동구 공항로45길 16 (지저동 663-1),,8,1.0,사용,등록,대구광역시 동구 공항로45길 16,35.896987766,128.641487854
2150,200471,예,아니오,공항하이츠빌라,,개별난방,아니오,아니오,,,,,동구 공항로45길 18 (지저동 663-2),,8,1.0,사용,등록,대구광역시 동구 공항로45길 18,35.896930275,128.641677849
2151,200472,예,아니오,공항하이츠빌라,,개별난방,아니오,아니오,,,,,동구 공항로45길 20 (지저동 663-8),,8,1.0,사용,등록,대구광역시 동구 공항로45길 20,35.896884399,128.641903967
2152,200473,예,아니오,공항하이츠빌라,,개별난방,아니오,아니오,,,,,동구 공항로45길 22 (지저동 663-9),,8,1.0,사용,등록,대구광역시 동구 공항로45길 22,35.89684229,128.642092512
2153,200474,예,아니오,공항하이츠빌라,,개별난방,아니오,아니오,,,,,동구 공항로45길 24 (지저동 663-10),,8,1.0,사용,등록,대구광역시 동구 공항로45길 24,35.896794025,128.642276636
2154,200475,예,아니오,공항하이츠빌라,,개별난방,아니오,아니오,,,,,동구 공항로45길 26 (지저동 663-11),,8,1.0,사용,등록,대구광역시 동구 공항로45길 26,35.89674999,128.642467821
2155,200476,예,아니오,공항하이츠빌라,,개별난방,아니오,아니오,,,,,동구 공항로51길 17-1 (지저동 662-32),,8,1.0,사용,등록,대구광역시 동구 공항로51길 17-1,35.896640794,128.642033327
2156,200477,예,아니오,공항하이츠빌라,,개별난방,아니오,아니오,,,,,동구 공항로51길 17-3 (지저동 662-31),,8,1.0,사용,등록,대구광역시 동구 공항로51길 17-3,35.896697828,128.641838882
2157,200478,예,아니오,공항하이츠빌라,,개별난방,아니오,아니오,,,,,동구 공항로49길 1-1 (지저동 662-23),,8,1.0,사용,등록,대구광역시 동구 공항로49길 1-1,35.896777919,128.641623024
2158,200479,예,아니오,공항하이츠빌라,,개별난방,아니오,아니오,,,,,동구 공항로49길 1 (지저동 663-3),,8,1.0,사용,등록,대구광역시 동구 공항로49길 1,35.896830928,128.641446537
2159,200480,예,아니오,동재빌라,,개별난방,아니오,아니오,,,,,동구 공항로51길 16-3 (지저동 642-14),,8,1.0,사용,등록,대구광역시 동구 공항로51길 16-3,35.896218113,128.64278802
2160,200481,예,아니오,동재빌라,,개별난방,아니오,아니오,,,,,동구 공항로51길 16-2 (지저동 642-13),,8,1.0,사용,등록,대구광역시 동구 공항로51길 16-2,35.896251169,128.642626723
2161,200482,예,아니오,동재빌라,,개별난방,아니오,아니오,,,,,동구 공항로51길 16 (지저동 642),,8,1.0,사용,등록,대구광역시 동구 공항로51길 16,35.896299708,128.64222694
2162,200483,예,아니오,두성빌라,,개별난방,아니오,아니오,,,,,수성구 파동로26길 12 (파동 118-302),,8,1.0,사용,등록,대구광역시 수성구 파동로26길 12,35.817766124,128.61607598
2163,200484,예,아니오,두성빌라,,개별난방,아니오,아니오,,,,,수성구 파동로26길 12-2 (파동 118-304),,4,1.0,사용,등록,대구광역시 수성구 파동로26길 12-2,35.817435532,128.616630846
2164,200485,예,아니오,두성빌라,,개별난방,아니오,아니오,,,,,수성구 파동로26길 12-3 (파동 118-305),,8,1.0,사용,등록,대구광역시 수성구 파동로26길 12-3,35.817612195,128.615985804
2165,200486,예,아니오,두성빌라,,개별난방,아니오,아니오,,,,,수성구 파동로26길 12-4 (파동 118-306),,16,2.0,사용,등록,대구광역시 수성구 파동로26길 12-4,35.817501725,128.616198396
2166,200487,예,아니오,두성빌라,,개별난방,아니오,아니오,,,,,수성구 파동로26길 12-5 (파동 118-307),,8,1.0,사용,등록,대구광역시 수성구 파동로26길 12-5,35.817297109,128.616610629
2167,200488,예,아니오,광명타운하우스,,개별난방,아니오,예,경산안전팀,2012-06-15,, 6 월,수성구 동원로2길 11-27 (만촌동 1022-49),,1,1.0,사용,제외,대구광역시 수성구 동원로2길 11-27,35.861325649,128.641689352
2168,200490,예,아니오,백산강변빌라,,개별난방,아니오,아니오,,,,,동구 동촌로42길 61-2 (방촌동 1077-15),,8,1.0,사용,등록,대구광역시 동구 동촌로42길 61-2,35.879660297,128.661801569
2169,200491,예,아니오,백산강변빌라,,개별난방,아니오,아니오,,,,,동구 동촌로42길 61-1 (방촌동 1077-14),,8,1.0,사용,등록,대구광역시 동구 동촌로42길 61-1,35.879789358,128.661614639
2170,200492,예,아니오,백산강변빌라,,개별난방,아니오,아니오,,,,,동구 동촌로42길 61 (방촌동 1077-7),,8,1.0,사용,등록,대구광역시 동구 동촌로42길 61,35.879929146,128.661396149
2171,200493,예,아니오,현대빌라트,,개별난방,아니오,아니오,,,,,동구 화랑로88길 70 (방촌동 1120-81),,3,1.0,사용,등록,대구광역시 동구 화랑로88길 70,35.874976797,128.664946129
2172,200494,예,아니오,방촌현대빌라,,개별난방,아니오,아니오,,,,,동구 화랑로80길 51 (방촌동 1120-80),,5,1.0,사용,미등록,대구광역시 동구 화랑로80길 51,35.875076371,128.665003635
2173,200495,예,아니오,현대빌라트,,개별난방,아니오,아니오,,,,,동구 화랑로88길 70 (방촌동 1120-83),,12,2.0,사용,등록,대구광역시 동구 화랑로88길 70,35.874976797,128.664946129
2174,200496,예,아니오,현대빌라트,,개별난방,아니오,아니오,,,,,동구 화랑로88길 70 (방촌동 1120-82),,6,1.0,사용,등록,대구광역시 동구 화랑로88길 70,35.874976797,128.664946129
2175,200497,예,아니오,방촌현대빌라,,개별난방,아니오,아니오,,,,,동구 화랑로88길 70-1 (방촌동 1120-87),,,,사용,미등록,대구광역시 동구 화랑로88길 70-1,35.874828522,128.665669571
2176,200498,예,아니오,명성타운,,개별난방,아니오,아니오,,,,,동구 둔산로 30 (방촌동 852-43),,16,2.0,사용,등록,대구광역시 동구 둔산로 30,35.881481308,128.672228268
2177,200499,아니오,아니오,대구경북과학기술원교직원숙소,대구경북과학기술원 교직원숙소(301-402동),중앙난방(가스),아니오,예,서부안전팀,2013-01-24,, 1 월,달성군 현풍읍 테크노중앙대로 333 (상리 50-1),,172,4.0,사용,미등록,대구광역시 달성군 현풍읍 테크노중앙대로 333,35.704926213,128.456255249
2178,200500,아니오,아니오,신천자이아파트,신천자이,개별난방,아니오,예,중부안전팀,2013-04-17,, 4 월,동구 신암로16길 25 (신천동 1503),,854,9.0,사용,등록,대구광역시 동구 신암로16길 25,35.877051171,128.611523969
2179,200501,예,아니오,월송아파트,,개별난방,아니오,아니오,,,,,달서구 상화로21길 60 (진천동 482-3),,40,1.0,사용,등록,대구광역시 달서구 상화로21길 60,35.81116229,128.52460833
2180,200502,예,아니오,월송아파트,,개별난방,아니오,아니오,,,,,달서구 상화로21길 64 (진천동 482-2),,30,1.0,사용,등록,대구광역시 달서구 상화로21길 64,35.811360599,128.52450286
2181,200503,예,아니오,부국아파트,,개별난방,아니오,아니오,,,,,달서구 월배로28안길 17-16 (진천동 214-9),,15,1.0,사용,등록,대구광역시 달서구 월배로28안길 17-16,35.814224709,128.529557682
2182,200504,예,아니오,삼영로얄팔레스,,개별난방,아니오,아니오,,,,,달서구 진천로18길 70 (진천동 560-13),,21,1.0,사용,등록,대구광역시 달서구 진천로18길 70,35.817596017,128.526509092
2183,200505,예,아니오,삼영로얄팔레스,,개별난방,아니오,아니오,,,,,달서구 진천로18길 60 (진천동 560-3),,20,1.0,사용,등록,대구광역시 달서구 진천로18길 60,35.817440376,128.526055189
2184,200506,예,아니오,진천옥산빌라,,개별난방,아니오,아니오,,,,,달서구 월배로24길 58-10 (진천동 255-53),,8,1.0,사용,등록,대구광역시 달서구 월배로24길 58-10,35.81224716,128.528442123
2185,200507,예,아니오,진천옥산빌라,,개별난방,아니오,아니오,,,,,달서구 월배로24길 58-5 (진천동 258-6),,8,1.0,사용,등록,대구광역시 달서구 월배로24길 58-5,35.812300479,128.528747998
2186,200508,예,아니오,진천옥산빌라,,개별난방,아니오,아니오,,,,,달서구 월배로24길 58-9 (진천동 258-7),,8,1.0,사용,등록,대구광역시 달서구 월배로24길 58-9,35.812126201,128.528703001
2187,200509,예,아니오,진천옥산빌라,,개별난방,아니오,아니오,,,,,달서구 상화로29길 55 (진천동 258-10),,10,1.0,사용,등록,대구광역시 달서구 상화로29길 55,35.812107555,128.529122015
2188,200510,예,아니오,진천옥산빌라,,개별난방,아니오,아니오,,,,,달서구 상화로29길 55-1 (진천동 260-3),,8,1.0,사용,등록,대구광역시 달서구 상화로29길 55-1,35.81213438,128.528921005
2189,200511,예,아니오,대도빌리지,,개별난방,아니오,아니오,,,,,달서구 월배로34길 70 (진천동 137-3),,8,1.0,사용,등록,대구광역시 달서구 월배로34길 70,35.813740981,128.531193007
2190,200512,예,아니오,대도빌리지,,개별난방,아니오,아니오,,,,,달서구 월배로34길 76 (진천동 137-4),,8,1.0,사용,등록,대구광역시 달서구 월배로34길 76,35.813579387,128.531136793
2191,200513,예,아니오,대도빌리지,,개별난방,아니오,아니오,,,,,달서구 월배로34길 80 (진천동 137-5),,8,1.0,사용,등록,대구광역시 달서구 월배로34길 80,35.813405271,128.531070839
2192,200514,예,아니오,대도빌리지,,개별난방,아니오,아니오,,,,,달서구 월배로34길 78 (진천동 139-8),,8,1.0,사용,등록,대구광역시 달서구 월배로34길 78,35.813411931,128.531293562
2193,200515,예,아니오,경진테크빌아파트,,개별난방,아니오,아니오,,,,,중구 서성로 88-5 (수창동 40-22),,19,1.0,사용,등록,대구광역시 중구 서성로 88-5,35.874613486,128.588145691
2194,200516,예,아니오,광명맨션아파트,,개별난방,아니오,아니오,,,,,중구 대봉로 230 (대봉동 44-153),,32,2.0,사용,등록,대구광역시 중구 대봉로 230,35.859133667,128.601499105
2195,200517,예,아니오,고려맨션,,개별난방,아니오,아니오,,,,,동구 신암남로23길 28 (신암동 283-4),,10,1.0,사용,등록,대구광역시 동구 신암남로23길 28,35.882912895,128.62831672
2196,200518,예,아니오,이스트타운,,개별난방,아니오,아니오,,,,,동구 아양로 158 (신암동 288-3),,19,1.0,사용,등록,대구광역시 동구 아양로 158,35.885183104,128.630360789
2197,200521,아니오,아니오,두류우정청사원아파트,두류우정청사원,개별난방,아니오,예,서부안전팀,2012-07-18,, 7 월,달서구 두류남5길 29 (두류동 1237-4),,23,1.0,사용,미등록,대구광역시 달서구 두류남5길 29,35.855948718,128.571711442
2198,200522,아니오,아니오,각산역더뉴클래스,각산역더뉴클래스,개별난방,아니오,예,경산안전팀,2012-07-11,, 7 월,동구 안심로73길 12-4 (신서동 625-4),,95,1.0,사용,등록,대구광역시 동구 안심로73길 12-4,35.869313782,128.7254926
2199,200524,예,아니오,혜성빌라,,개별난방,아니오,아니오,,,,,달성군 가창면 가창로 1109-7 (용계리 9-4),,19,3.0,사용,등록,대구광역시 달성군 가창면 가창로 1109-7,35.803362854,128.621596286
2200,200525,예,아니오,일신아파트,,개별난방,아니오,아니오,,,,,달서구 당산로45길 57 (감삼동 33-2),,40,1.0,사용,등록,대구광역시 달서구 당산로45길 57,35.855752109,128.544425602
2201,200526,예,아니오,강촌타운,,개별난방,아니오,아니오,,,,,동구 방천로1길 97 (불로동 1076-1),,12,1.0,사용,등록,대구광역시 동구 방천로1길 97,35.894452612,128.634715926
2202,200528,예,아니오,신성강변마을,,개별난방,아니오,아니오,,,,,동구 해동로 170 (검사동 1027-28),,19,1.0,사용,등록,대구광역시 동구 해동로 170,35.887066176,128.647660147
2203,200529,예,아니오,고성한백,,기타,아니오,아니오,,,,,북구 칠성남로14길 9 (고성동1가 50-38),,19,1.0,사용,등록,대구광역시 북구 칠성남로14길 9,,
2204,200530,예,아니오,궁전빌라,,개별난방,아니오,아니오,,,,,동구 반야월북로 391 (괴전동 112),,8,1.0,사용,등록,대구광역시 동구 반야월북로 391,35.873962679,128.734683145
2205,200531,예,아니오,궁전빌라,,개별난방,아니오,아니오,,,,,동구 반야월북로 389 (괴전동 112-6),,8,1.0,사용,등록,대구광역시 동구 반야월북로 389,35.873951225,128.73485383
2206,200532,예,아니오,궁전빌라,,개별난방,아니오,아니오,,,,,동구 반야월북로 339-11 (괴전동 112-8),,8,1.0,사용,등록,대구광역시 동구 반야월북로 339-11,35.873783296,128.734629169
2207,200533,예,아니오,궁전빌라,,개별난방,아니오,아니오,,,,,동구 반야월북로 339-13 (괴전동 112-9),,8,1.0,사용,등록,대구광역시 동구 반야월북로 339-13,35.873760719,128.734862294
2208,200534,예,아니오,궁전빌라,,개별난방,아니오,아니오,,,,,동구 반야월북로 339-7 (괴전동 112-12),,8,1.0,사용,등록,대구광역시 동구 반야월북로 339-7,35.873579377,128.734811496
2209,200535,예,아니오,혜성빌라,,개별난방,아니오,아니오,,,,,달성군 가창면 가창로 1109-8 (용계리 6-6),,18,5.0,사용,등록,대구광역시 달성군 가창면 가창로 1109-8,35.804396339,128.621021892
2210,200536,예,아니오,명성타운,,개별난방,아니오,아니오,,,,,서구 달구벌대로377길 17-13 (내당동 911-107),,8,1.0,사용,등록,대구광역시 서구 달구벌대로377길 17-13,35.864007013,128.568372738
2211,200537,예,아니오,명성타운,,개별난방,아니오,아니오,,,,,서구 달구벌대로377길 17-10 (내당동 911-108),,8,1.0,사용,등록,대구광역시 서구 달구벌대로377길 17-10,35.863995977,128.56880718
2212,200538,예,아니오,명성타운,,개별난방,아니오,아니오,,,,,서구 달구벌대로377길 15-8 (내당동 911-110),,8,1.0,사용,등록,대구광역시 서구 달구벌대로377길 15-8,35.863788442,128.568809198
2213,200539,예,아니오,명성타운,,개별난방,아니오,아니오,,,,,서구 달구벌대로377길 17-6 (내당동 911-109),,8,1.0,사용,등록,대구광역시 서구 달구벌대로377길 17-6,35.863934993,128.569070522
2214,200540,예,아니오,명성타운,,개별난방,아니오,아니오,,,,,서구 달구벌대로377길 15-6 (내당동 911-111),,8,1.0,사용,등록,대구광역시 서구 달구벌대로377길 15-6,35.863723877,128.56910347
2215,200541,예,아니오,태양골드타운,,개별난방,아니오,아니오,,,,,서구 평리로 318 (내당동 240-4),,18,1.0,사용,등록,대구광역시 서구 평리로 318,35.863829619,128.558182001
2216,200542,예,아니오,고려빌라,,개별난방,아니오,아니오,,,,,수성구 동대구로62길 24 (범어동 193-12),,13,1.0,사용,미등록,대구광역시 수성구 동대구로62길 24,,
2217,200543,예,아니오,삼승월드타운,,개별난방,아니오,아니오,,,,,수성구 노변로 83 (노변동 122-20),,16,1.0,사용,등록,대구광역시 수성구 노변로 83,35.839239115,128.699812224
2218,200544,예,아니오,삼승월드타운,,개별난방,아니오,아니오,,,,,수성구 노변로 85 (노변동 122-8),,8,1.0,사용,등록,대구광역시 수성구 노변로 85,35.839370397,128.699671218
2219,200545,예,아니오,삼승월드타운,,개별난방,아니오,아니오,,,,,수성구 노변로 87 (노변동 126),,8,1.0,사용,등록,대구광역시 수성구 노변로 87,35.839561346,128.699709306
2220,200546,예,아니오,노원빌라,,개별난방,아니오,아니오,,,,,북구 오봉로7길 108 (노원동2가 182),,8,1.0,사용,등록,대구광역시 북구 오봉로7길 108,35.89249419,128.571032901
2221,200547,예,아니오,동남상가아파트,,개별난방,아니오,아니오,,,,,북구 팔달로37길 32 (노원동2가 319-4),,40,1.0,사용,등록,대구광역시 북구 팔달로37길 32,,
2222,200548,예,아니오,금강2차아파트,,지역난방,아니오,아니오,,,,,달서구 비슬로540길 14 (대곡동 4),,286,3.0,사용,등록,대구광역시 달서구 비슬로540길 14,35.807639213,128.510863979
2223,200549,예,아니오,장원트윈빌두솔동,,개별난방,아니오,아니오,,,,,달서구 화암로 374 (대곡동 1023-1),,18,1.0,사용,등록,대구광역시 달서구 화암로 374,35.80683209,128.521006687
2224,200550,예,아니오,대금풀하우스2차,,개별난방,아니오,아니오,,,,,달서구 월배로28길 12-9 (진천동 223-20),,19,1.0,사용,등록,대구광역시 달서구 월배로28길 12-9,35.814756956,128.529743509
2225,200551,예,아니오,우방뉴코스모스아파트,,개별난방,아니오,아니오,,,,,남구 대명로 50 (대명동 1101),,128,2.0,사용,등록,대구광역시 남구 대명로 50,35.838247173,128.562893218
2226,200552,예,아니오,신서아너스뷰아파트,,개별난방,아니오,아니오,,,,,동구 반야월북로57길 13-6 (신서동 422-2),,19,1.0,사용,등록,대구광역시 동구 반야월북로57길 13-6,35.873795597,128.730580317
2227,200555,예,아니오,새한맨션아파트,,개별난방,아니오,아니오,,,,,남구 현충로26길 64 (대명동 1701-1),,20,1.0,사용,등록,대구광역시 남구 현충로26길 64,35.843790327,128.583587013
2228,200556,예,아니오,새한아파트,,개별난방,아니오,아니오,,,,,남구 대명로49길 28 (대명동 1701-3),,19,1.0,사용,등록,대구광역시 남구 대명로49길 28,35.842921829,128.582782124
2229,200557,예,아니오,새한아파트,,개별난방,아니오,아니오,,,,,남구 대명로49길 12 (대명동 1701-4),,40,3.0,사용,등록,대구광역시 남구 대명로49길 12,35.842412205,128.583232892
2230,200558,예,아니오,신서아너스뷰아파트,,개별난방,아니오,아니오,,,,,동구 반야월북로57길 13-8 (신서동 422-1),,,,사용,등록,대구광역시 동구 반야월북로57길 13-8,35.873980204,128.730607276
2231,200559,예,아니오,우방코스모스아파트,,개별난방,아니오,아니오,,,,,남구 대명역2길 41 (대명동 1208-1),,105,2.0,사용,등록,대구광역시 남구 대명역2길 41,35.837492254,128.56224194
2232,200560,예,아니오,우방코스모스아파트,,개별난방,아니오,아니오,,,,,남구 대명서7길 112 (대명동 1198-3),,30,1.0,사용,등록,대구광역시 남구 대명서7길 112,35.837220602,128.562115506
2233,200561,예,아니오,한성빌라,,개별난방,아니오,아니오,,,,,동구 안심로 411-5 (신서동 517-14),,8,1.0,사용,등록,대구광역시 동구 안심로 411-5,35.87017117,128.728758235
2234,200562,예,아니오,한성빌라,,개별난방,아니오,아니오,,,,,동구 안심로 411-7 (신서동 517-7),,8,1.0,사용,등록,대구광역시 동구 안심로 411-7,35.870173251,128.728569138
2235,200563,예,아니오,시지경북(1.3동),,개별난방,아니오,아니오,,,,,수성구 달구벌대로 3122 (시지동 378),,50,1.0,사용,미등록,대구광역시 수성구 달구벌대로 3122,35.841993873,128.698549704
2236,200564,예,아니오,세종맨션,,개별난방,아니오,아니오,,,,,남구 두류공원로 72 (대명동 1223-51),,39,1.0,사용,등록,대구광역시 남구 두류공원로 72,35.843669436,128.570517511
2237,200565,예,아니오,세종맨션,,개별난방,아니오,아니오,,,,,남구 두류공원로 72 (대명동 1223-7),,36,1.0,사용,등록,대구광역시 남구 두류공원로 72,35.843669436,128.570517511
2238,200566,예,아니오,일성빌라,,개별난방,아니오,아니오,,,,,남구 안지랑로20길 60-1 (대명동 896-1),,9,1.0,사용,등록,대구광역시 남구 안지랑로20길 60-1,35.83803888,128.57474305
2239,200567,예,아니오,일성빌라,,개별난방,아니오,아니오,,,,,남구 안지랑로20길 60-3 (대명동 896-2),,9,1.0,사용,등록,대구광역시 남구 안지랑로20길 60-3,35.837903185,128.574749999
2240,200568,예,아니오,일성빌라,,개별난방,아니오,아니오,,,,,남구 안지랑로20길 60-7 (대명동 896-3),,9,1.0,사용,등록,대구광역시 남구 안지랑로20길 60-7,35.837593602,128.574798806
2241,200569,예,아니오,일성빌라,,개별난방,아니오,아니오,,,,,남구 안지랑로20길 60-9 (대명동 896-4),,9,1.0,사용,등록,대구광역시 남구 안지랑로20길 60-9,35.837458508,128.574761483
2242,200570,예,아니오,대성빌라,,개별난방,아니오,아니오,,,,,동구 해동로 97 (지저동 871-3),,16,2.0,사용,등록,대구광역시 동구 해동로 97,35.890790247,128.641041641
2243,200571,예,아니오,공항3차아파트,,개별난방,아니오,아니오,,,,,동구 팔공로26길 45 (도동 20-6),,53,1.0,사용,등록,대구광역시 동구 팔공로26길 45,35.91030755,128.645897235
2244,200572,예,아니오,동양아파트,,개별난방,아니오,아니오,,,,,동구 아양로8길 32 (신암동 184-35),,46,1.0,사용,등록,대구광역시 동구 아양로8길 32,35.879090381,128.619775218
2245,200573,예,아니오,성좌아파트,,개별난방,아니오,아니오,,,,,수성구 달구벌대로530길 48 (만촌동 산 382-3),,40,1.0,사용,등록,대구광역시 수성구 달구벌대로530길 48,35.853666745,128.651294111
2246,200574,예,아니오,만촌중앙빌라2차,,개별난방,아니오,아니오,,,,,수성구 만촌로3길 9-1 (만촌동 1032-52),,8,1.0,사용,미등록,대구광역시 수성구 만촌로3길 9-1,,
2247,200575,예,아니오,매호미래하이츠,,개별난방,아니오,아니오,,,,,수성구 천을로 203 (매호동 611-6),,14,1.0,사용,등록,대구광역시 수성구 천을로 203,35.841860247,128.712617804
2248,200576,예,아니오,경북금성아파트,,개별난방,아니오,아니오,,,,,동구 화랑로73길 42 (방촌동 1072-86),,46,2.0,사용,등록,대구광역시 동구 화랑로73길 42,35.879861266,128.662169305
2249,200577,예,아니오,경북금성아파트,,개별난방,아니오,아니오,,,,,동구 화랑로73길 40 (방촌동 1084-324),,46,2.0,사용,등록,대구광역시 동구 화랑로73길 40,35.879623173,128.662515458
2250,200578,예,아니오,경북맨션,,개별난방,아니오,아니오,,,,,수성구 달구벌대로504길 37 (범어동 103-2),,29,1.0,사용,등록,대구광역시 수성구 달구벌대로504길 37,35.855567223,128.638698061
2251,200579,예,아니오,명문빌라,,개별난방,아니오,아니오,,,,,수성구 동대구로74안길 14-1 (범어동 48-26),,8,1.0,사용,등록,대구광역시 수성구 동대구로74안길 14-1,,
2252,200580,예,아니오,삼일아파트,,개별난방,아니오,아니오,,,,,수성구 동대구로73길 7 (범어동 31-10),,41,1.0,사용,등록,대구광역시 수성구 동대구로73길 7,35.862760703,128.625846116
2253,200581,예,아니오,아진아파트,,개별난방,아니오,아니오,,,,,수성구 동대구로38길 80-1 (범어동 665-3),,31,1.0,사용,등록,대구광역시 수성구 동대구로38길 80-1,35.84962406,128.627855964
2254,200582,예,아니오,아진아파트,,개별난방,아니오,아니오,,,,,수성구 동대구로38길 80-2 (범어동 644),,25,1.0,사용,등록,대구광역시 수성구 동대구로38길 80-2,,
2255,200583,예,아니오,우방범어타운,,개별난방,아니오,아니오,,,,,수성구 동대구로 226 (범어동 671),,115,2.0,사용,등록,대구광역시 수성구 동대구로 226,35.850240961,128.626284411
2256,200584,예,아니오,대웅아파트,,개별난방,아니오,아니오,,,,,북구 경진로 29 (복현동 419-42),,18,1.0,사용,등록,대구광역시 북구 경진로 29,35.894384129,128.615933037
2257,200585,예,아니오,대웅아파트,,개별난방,아니오,아니오,,,,,북구 경진로 27 (복현동 419-43),,18,1.0,사용,등록,대구광역시 북구 경진로 27,35.894521855,128.61574608
2258,200586,예,아니오,선진아파트,,개별난방,아니오,아니오,,,,,북구 경진로 75-13 (복현동 464-11),,19,1.0,사용,등록,대구광역시 북구 경진로 75-13,35.891932822,128.61979579
2259,200587,예,아니오,복현성화하이빌,,개별난방,아니오,아니오,,,,,북구 복현로 114-10 (복현동 100-5),,7,1.0,사용,등록,대구광역시 북구 복현로 114-10,35.900701502,128.620068555
2260,200588,예,아니오,목화미르하이츠,,개별난방,아니오,아니오,,,,,달서구 와룡로5길 42 (본동 904-2),,18,1.0,사용,등록,대구광역시 달서구 와룡로5길 42,35.83519655,128.534425962
2261,200589,예,아니오,본동디오빌,,개별난방,아니오,아니오,,,,,달서구 학산로19길 68 (본동 891-3),,16,1.0,사용,등록,대구광역시 달서구 학산로19길 68,35.835318795,128.536218119
2262,200590,예,아니오,창현아이빌,,개별난방,아니오,아니오,,,,,달서구 구마로14길 40 (본동 902-1),,18,1.0,사용,등록,대구광역시 달서구 구마로14길 40,35.835407998,128.534977398
2263,200591,예,아니오,구마아파트,,개별난방,아니오,아니오,,,,,달서구 대명천로51길 56 (본리동 646),,23,1.0,사용,등록,대구광역시 달서구 대명천로51길 56,35.839342148,128.533036843
2264,200592,예,아니오,구마아파트,,개별난방,아니오,아니오,,,,,달서구 대명천로51길 64 (본리동 646-2),,24,1.0,사용,등록,대구광역시 달서구 대명천로51길 64,35.838959301,128.533027914
2265,200593,예,아니오,센트로빌라,,개별난방,아니오,아니오,,,,,달서구 구마로21길 51 (본리동 369-5),,9,1.0,사용,등록,대구광역시 달서구 구마로21길 51,35.839761585,128.539118073
2266,200594,예,아니오,센트로빌라,,개별난방,아니오,아니오,,,,,달서구 구마로21길 49 (본리동 369-6),,8,1.0,사용,등록,대구광역시 달서구 구마로21길 49,35.839755901,128.539308994
2267,200595,예,아니오,방촌무궁화,,개별난방,아니오,아니오,,,,,동구 동촌로 220-2 (방촌동 1067-12),,8,1.0,사용,등록,대구광역시 동구 동촌로 220-2,35.88161749,128.663949533
2268,200596,예,아니오,그린파크아파트,,개별난방,아니오,아니오,,,,,서구 달서로33길 6 (비산동 511-47),,19,1.0,사용,등록,대구광역시 서구 달서로33길 6,35.876933123,128.570539672
2269,200597,예,아니오,그린파크아파트,,개별난방,아니오,아니오,,,,,서구 달서로33길 2 (비산동 511-46),,19,1.0,사용,등록,대구광역시 서구 달서로33길 2,35.8769281,128.570802998
2270,200598,예,아니오,그린파크아파트,,개별난방,아니오,아니오,,,,,서구 달서로33길 5 (비산동 512-16),,16,1.0,사용,등록,대구광역시 서구 달서로33길 5,35.876673633,128.570640915
2271,200599,예,아니오,그린파크2차,,개별난방,아니오,아니오,,,,,서구 문화로67길 17-11 (비산동 486-24),,16,1.0,사용,등록,대구광역시 서구 문화로67길 17-11,35.877448623,128.568656228
2272,200600,예,아니오,서봉금실타운,,개별난방,아니오,아니오,,,,,서구 달서로15길 9-7 (비산동 315-150),,8,1.0,사용,등록,대구광역시 서구 달서로15길 9-7,35.869301337,128.569593536
2273,200601,예,아니오,서봉금실타운,,개별난방,아니오,아니오,,,,,서구 국채보상로72길 34 (비산동 315-151),,16,2.0,사용,등록,대구광역시 서구 국채보상로72길 34,35.869249911,128.569815745
2274,200602,예,아니오,서봉금실타운,,개별난방,아니오,아니오,,,,,서구 국채보상로72길 36 (비산동 315-152),,16,2.0,사용,등록,대구광역시 서구 국채보상로72길 36,35.869084653,128.569834681
2275,200603,예,아니오,서봉금실타운,,개별난방,아니오,아니오,,,,,서구 국채보상로72길 40 (비산동 315-153),,16,2.0,사용,등록,대구광역시 서구 국채보상로72길 40,35.868931144,128.56985269
2276,200604,예,아니오,비산솔마을아파트,,개별난방,아니오,아니오,,,,,서구 문화로69길 13-4 (비산동 518-2),,17,1.0,사용,등록,대구광역시 서구 문화로69길 13-4,35.877548206,128.569739817
2277,200605,예,아니오,비산솔마을아파트,,개별난방,아니오,아니오,,,,,서구 문화로69길 13-2 (비산동 518-6),,18,1.0,사용,등록,대구광역시 서구 문화로69길 13-2,35.877235883,128.569809487
2278,200606,예,아니오,비산솔마을아파트,,개별난방,아니오,아니오,,,,,서구 문화로69길 13 (비산동 518-14),,16,1.0,사용,등록,대구광역시 서구 문화로69길 13,35.877273163,128.570058005
2279,200607,예,아니오,비산솔마을아파트,,개별난방,아니오,아니오,,,,,서구 문화로69길 13-1 (비산동 517-7),,16,1.0,사용,등록,대구광역시 서구 문화로69길 13-1,35.876984326,128.569811634
2280,200608,아니오,아니오,한전아파트,한전신암사택,개별난방,아니오,예,중부안전팀,2012-09-24,, 9 월,동구 신암로16길 22 (신천동 566-3),,40,2.0,사용,등록,대구광역시 동구 신암로16길 22,35.87686854,128.610752928
2281,200609,아니오,아니오,범어숲화성파크드림S,범어숲화성파크드림S,개별난방,아니오,예,경산안전팀,2013-08-09,, 8 월,수성구 동대구로 376 (범어동 2237),,503,5.0,사용,등록,대구광역시 수성구 동대구로 376,35.864171393,128.627704522
2282,200610,예,아니오,신성캐슬아파트,,개별난방,아니오,아니오,,,,,서구 문화로69길 1 (비산동 494-13),,14,1.0,사용,등록,대구광역시 서구 문화로69길 1,35.876235158,128.569912952
2283,200611,예,아니오,진산하이츠,,개별난방,아니오,아니오,,,,,서구 서대구로63길 28-16 (비산동 1476),,16,1.0,사용,등록,대구광역시 서구 서대구로63길 28-16,35.888833658,128.5578231
2284,200612,예,아니오,산격강변빌라,,개별난방,아니오,아니오,,,,,북구 연암로31길 22 (산격동 785-4),,6,1.0,사용,등록,대구광역시 북구 연암로31길 22,35.898537597,128.594339856
2285,200613,예,아니오,산격강변빌라,,개별난방,아니오,아니오,,,,,북구 연암로31길 20 (산격동 785-7),,8,1.0,사용,등록,대구광역시 북구 연암로31길 20,35.898381334,128.594276283
2286,200614,예,아니오,산격강변빌라,,개별난방,아니오,아니오,,,,,북구 연암로31길 14 (산격동 785-9),,8,1.0,사용,등록,대구광역시 북구 연암로31길 14,35.898028776,128.594195517
2287,200615,예,아니오,청구타운아파트,,개별난방,아니오,아니오,,,,,수성구 수성로19길 42 (상동 247-4),,75,1.0,사용,등록,대구광역시 수성구 수성로19길 42,35.833992572,128.608997376
2288,200616,예,아니오,궁전빌라,,개별난방,아니오,아니오,,,,,달서구 월배로28길 71 (상인동 338-15),,8,1.0,사용,등록,대구광역시 달서구 월배로28길 71,35.813938828,128.532580875
2289,200617,예,아니오,궁전빌라,,개별난방,아니오,아니오,,,,,달서구 월배로28길 67-3 (상인동 338-14),,8,1.0,사용,등록,대구광역시 달서구 월배로28길 67-3,35.814132737,128.532743492
2290,200618,예,아니오,궁전빌라,,개별난방,아니오,아니오,,,,,달서구 월배로28길 67-2 (상인동 338-13),,6,1.0,사용,등록,대구광역시 달서구 월배로28길 67-2,35.8142784,128.53248346
2291,200619,예,아니오,궁전빌라,,개별난방,아니오,아니오,,,,,달서구 월배로28길 67-1 (상인동 338-5),,8,1.0,사용,등록,대구광역시 달서구 월배로28길 67-1,35.814349184,128.53229981
2292,200620,예,아니오,아산빌라,,개별난방,아니오,아니오,,,,,달서구 월곡로51길 23-11 (상인동 225-20),,8,1.0,사용,등록,대구광역시 달서구 월곡로51길 23-11,35.816474304,128.538513973
2293,200621,예,아니오,아산빌라,,개별난방,아니오,아니오,,,,,달서구 월곡로51길 23-13 (상인동 225-3),,8,1.0,사용,등록,대구광역시 달서구 월곡로51길 23-13,35.816642879,128.538663778
2294,200622,예,아니오,아산빌라,,개별난방,아니오,아니오,,,,,달서구 월곡로51길 23-15 (상인동 225-7),,8,1.0,사용,등록,대구광역시 달서구 월곡로51길 23-15,35.816491362,128.538830242
2295,200623,예,아니오,성경로얄센트로아파트,,개별난방,아니오,아니오,,,,,북구 노원로10길 105 (노원동2가 189-2),,40,1.0,사용,등록,대구광역시 북구 노원로10길 105,35.89123037,128.573239776
2296,200624,예,아니오,미래파크뷰,,개별난방,아니오,아니오,,,,,달서구 장기로10길 29 (성당동 525-3),,18,1.0,사용,등록,대구광역시 달서구 장기로10길 29,35.844538218,128.55503017
2297,200625,예,아니오,영광빌라,,개별난방,아니오,아니오,,,,,달서구 월배로65안길 81 (송현동 1926-6),,8,1.0,사용,등록,대구광역시 달서구 월배로65안길 81,35.828311748,128.548150776
2298,200626,예,아니오,중앙명문빌라,,개별난방,아니오,아니오,,,,,달서구 송현동1길 59 (송현동 1926-2),,8,1.0,사용,등록,대구광역시 달서구 송현동1길 59,35.828383578,128.547872332
2299,200627,예,아니오,강변빌라,,개별난방,아니오,아니오,,,,,수성구 신천동로 432 (수성동4가 1195-5),,9,1.0,사용,등록,대구광역시 수성구 신천동로 432,35.862667246,128.611251942
2300,200628,예,아니오,강변빌라,,개별난방,아니오,아니오,,,,,수성구 신천동로 432-5 (수성동4가 1195-8),,8,1.0,사용,등록,대구광역시 수성구 신천동로 432-5,35.862604849,128.611363696
2301,200629,예,아니오,강변빌라,,개별난방,아니오,아니오,,,,,수성구 신천동로 432-2 (수성동4가 1195-9),,8,1.0,사용,등록,대구광역시 수성구 신천동로 432-2,35.862509321,128.611229904
2302,200630,예,아니오,강변빌라,,개별난방,아니오,아니오,,,,,수성구 신천동로 432-3 (수성동4가 1195-10),,8,1.0,사용,등록,대구광역시 수성구 신천동로 432-3,35.862421871,128.611373413
2303,200631,예,아니오,강변빌라,,개별난방,아니오,아니오,,,,,수성구 신천동로 432-4 (수성동4가 1195-11),,8,1.0,사용,등록,대구광역시 수성구 신천동로 432-4,35.862507393,128.611466783
2304,200632,예,아니오,한도노블리스,,개별난방,아니오,아니오,,,,,수성구 들안로67길 12 (수성동4가 1022-21),,16,1.0,사용,등록,대구광역시 수성구 들안로67길 12,35.860711303,128.617226193
2305,200633,예,아니오,한도노블리스,,개별난방,아니오,아니오,,,,,수성구 들안로67길 8 (수성동4가 1022-23),,16,1.0,사용,등록,대구광역시 수성구 들안로67길 8,35.860424409,128.617198248
2306,200634,예,아니오,신기동부프라자,,개별난방,아니오,아니오,,,,,동구 율하동로 144 (신기동 174-4),,60,2.0,사용,등록,대구광역시 동구 율하동로 144,35.872372045,128.703034645
2307,200636,예,아니오,상인한빛아파트,,개별난방,아니오,아니오,,,,,달서구 월배로32길 23 (상인동 327-12),,18,1.0,사용,등록,대구광역시 달서구 월배로32길 23,35.815571422,128.531854786
2308,200637,예,아니오,상인부민아파트,,개별난방,아니오,아니오,,,,,달서구 월배로32길 29 (상인동 327-13),,24,2.0,사용,등록,대구광역시 달서구 월배로32길 29,35.815440954,128.53202535
2309,200638,예,아니오,상인명문아파트,,개별난방,아니오,아니오,,,,,달서구 월배로32길 9 (상인동 327-1),,18,1.0,사용,등록,대구광역시 달서구 월배로32길 9,35.81599419,128.531327684
2310,200639,예,아니오,효성빌라,,개별난방,아니오,아니오,,,,,동구 반야월북로59길 38 (신서동 452-1),,16,2.0,사용,등록,대구광역시 동구 반야월북로59길 38,35.873788164,128.732834106
2311,200640,예,아니오,금오아파트,,개별난방,아니오,아니오,,,,,동구 국채보상로171길 41 (신천동 768-51),,36,1.0,사용,등록,대구광역시 동구 국채보상로171길 41,35.869396769,128.62203368
2312,200641,예,아니오,청원빌라,,개별난방,아니오,아니오,,,,,북구 연암로 135-4 (산격동 799-5),,8,1.0,사용,등록,대구광역시 북구 연암로 135-4,35.896775302,128.594732323
2313,200642,예,아니오,청원빌라,,개별난방,아니오,아니오,,,,,북구 연암로 139-5 (산격동 799-8),,8,1.0,사용,등록,대구광역시 북구 연암로 139-5,35.896962385,128.594556505
2314,200643,예,아니오,청원빌라,,개별난방,아니오,아니오,,,,,북구 연암로 139-3 (산격동 799-11),,8,1.0,사용,등록,대구광역시 북구 연암로 139-3,35.896963616,128.594764932
2315,200644,예,아니오,석궁빌라,,개별난방,아니오,아니오,,,,,동구 장등로 36-8 (신천동 123-3),,8,1.0,사용,등록,대구광역시 동구 장등로 36-8,35.87031115,128.624235154
2316,200645,예,아니오,태웅빌라,,개별난방,아니오,아니오,,,,,동구 동대구로83길 16-16 (신천동 117-3),,8,1.0,사용,등록,대구광역시 동구 동대구로83길 16-16,35.869888039,128.624659009
2317,200646,예,아니오,용산모닝빌,,개별난방,아니오,아니오,,,,,달서구 달구벌대로301길 14-13 (용산동 211-5),,19,1.0,사용,등록,대구광역시 달서구 달구벌대로301길 14-13,35.850821561,128.532656221
2318,200647,예,아니오,제네스빌,,개별난방,아니오,아니오,,,,,서구 원대로 21-8 (원대동1가 39-1),,18,1.0,사용,등록,대구광역시 서구 원대로 21-8,35.879706772,128.579518822
2319,200648,예,아니오,원대신시장상가,,개별난방,아니오,아니오,,,,,서구 달서로54길 12 (원대동3가 1434-29),,43,2.0,사용,미등록,대구광역시 서구 달서로54길 12,35.884851207,128.575395966
2320,200649,예,아니오,목화빌라,,개별난방,아니오,아니오,,,,,북구 구암로 83-20 (읍내동 1126-14),,5,1.0,사용,등록,대구광역시 북구 구암로 83-20,35.93324026,128.550100297
2321,200650,예,아니오,목화빌라,,개별난방,아니오,아니오,,,,,북구 구암로 83-17 (읍내동 1126-15),,8,1.0,사용,등록,대구광역시 북구 구암로 83-17,35.933036655,128.549881471
2322,200651,예,아니오,삼일빌라,,개별난방,아니오,아니오,,,,,북구 칠곡중앙대로129길 7-3 (읍내동 312-4),,16,2.0,사용,등록,대구광역시 북구 칠곡중앙대로129길 7-3,35.953115199,128.553185604
2323,200652,예,아니오,삼일빌라,,개별난방,아니오,아니오,,,,,북구 칠곡중앙대로129길 7-5 (읍내동 312-5),,16,2.0,사용,등록,대구광역시 북구 칠곡중앙대로129길 7-5,35.952944112,128.553094499
2324,200653,예,아니오,가람빌라,,개별난방,아니오,아니오,,,,,동구 해동로 135 (입석동 938-11),,6,1.0,사용,등록,대구광역시 동구 해동로 135,35.888875063,128.644706153
2325,200654,예,아니오,대선빌라,,개별난방,아니오,아니오,,,,,동구 동촌로6길 22 (입석동 935-25),,8,1.0,사용,등록,대구광역시 동구 동촌로6길 22,35.888871398,128.645693593
2326,200655,예,아니오,아크로파트,,개별난방,아니오,아니오,,,,,수성구 수성로35길 25 (중동 415-1),,12,1.0,사용,등록,대구광역시 수성구 수성로35길 25,35.841463275,128.610643531
2327,200656,예,아니오,팔공팔레스,,개별난방,아니오,아니오,,,,,동구 팔공로 529-13 (지묘동 84-10),,20,1.0,사용,등록,대구광역시 동구 팔공로 529-13,35.945077501,128.645967945
2328,200657,예,아니오,팔공팔레스,,개별난방,아니오,아니오,,,,,동구 팔공로 519-1 (지묘동 85-7),,19,1.0,사용,등록,대구광역시 동구 팔공로 519-1,35.944963227,128.646233959
2329,200658,예,아니오,팔공팔레스,,개별난방,아니오,아니오,,,,,동구 팔공로 529-9 (지묘동 85-2),,14,1.0,사용,등록,대구광역시 동구 팔공로 529-9,35.945207708,128.646403177
2330,200659,예,아니오,달산하이츠빌라,,개별난방,아니오,아니오,,,,,북구 옥산로17길 41-1 (침산동 415-10),,8,1.0,사용,등록,대구광역시 북구 옥산로17길 41-1,35.88816638,128.585786906
2331,200660,예,아니오,달산하이츠빌라,,개별난방,아니오,아니오,,,,,북구 옥산로17길 39 (침산동 415-13),,8,1.0,사용,등록,대구광역시 북구 옥산로17길 39,35.887940343,128.585835338
2332,200661,예,아니오,그랜드캐슬,,개별난방,아니오,아니오,,,,,북구 침산남로32길 16 (침산동 226-5),,8,1.0,사용,등록,대구광역시 북구 침산남로32길 16,35.886584681,128.592201741
2333,200662,예,아니오,그랜드캐슬,,개별난방,아니오,아니오,,,,,북구 침산로 116-1 (침산동 244-7),,16,1.0,사용,등록,대구광역시 북구 침산로 116-1,35.88659535,128.591705025
2334,200663,예,아니오,태전동신원아파트,,개별난방,아니오,아니오,,,,,북구 칠곡중앙대로53길 35 (태전동 682-1),,18,1.0,사용,등록,대구광역시 북구 칠곡중앙대로53길 35,35.918225602,128.543009681
2335,200664,예,아니오,이지예아파트,,개별난방,아니오,아니오,,,,,북구 칠곡중앙대로54길 59 (태전동 1074-31),,18,1.0,사용,등록,대구광역시 북구 칠곡중앙대로54길 59,35.924995537,128.548793271
2336,200665,예,아니오,해원빌라,,개별난방,아니오,아니오,,,,,북구 태전로19길 7-5 (태전동 316-7),,8,1.0,사용,등록,대구광역시 북구 태전로19길 7-5,35.927379319,128.541305762
2337,200666,예,아니오,해원빌라,,개별난방,아니오,아니오,,,,,북구 태전로19길 7-7 (태전동 316),,16,2.0,사용,등록,대구광역시 북구 태전로19길 7-7,35.927448867,128.54152613
2338,200667,예,아니오,청림리더스,,개별난방,아니오,아니오,,,,,수성구 파동로 233 (파동 36-23),,18,1.0,사용,등록,대구광역시 수성구 파동로 233,35.823402742,128.610628723
2339,200668,예,아니오,청림리더스,,개별난방,아니오,아니오,,,,,수성구 파동로 237 (파동 36-16),,18,1.0,사용,등록,대구광역시 수성구 파동로 237,35.823739799,128.610468196
2340,200669,예,아니오,장미아파트,,개별난방,아니오,아니오,,,,,서구 달서로15길 44 (평리동 1139),,10,1.0,사용,등록,대구광역시 서구 달서로15길 44,35.86846406,128.567634211
2341,200670,예,아니오,태양빌라,,개별난방,아니오,아니오,,,,,서구 국채보상로48길 64 (평리동 1356-12),,8,1.0,사용,등록,대구광역시 서구 국채보상로48길 64,35.865063445,128.558622508
2342,200671,예,아니오,한라자연맨션,,개별난방,아니오,아니오,,,,,수성구 용학로40길 9 (지산동 1195-2),,20,1.0,사용,등록,대구광역시 수성구 용학로40길 9,35.820907298,128.630119356
2343,200672,예,아니오,한라자연맨션,,개별난방,아니오,아니오,,,,,수성구 용학로40길 17 (지산동 1195-5),,20,1.0,사용,등록,대구광역시 수성구 용학로40길 17,35.82027789,128.630135983
2344,200673,예,아니오,황금대공원빌라,,개별난방,아니오,아니오,,,,,수성구 청솔로4길 56 (황금동 692-12),,8,1.0,사용,미등록,대구광역시 수성구 청솔로4길 56,,
2345,200674,예,아니오,황금대공원빌라,,개별난방,아니오,아니오,,,,,수성구 청솔로4길 56-3 (황금동 692-15),,8,1.0,사용,미등록,대구광역시 수성구 청솔로4길 56-3,,
2346,200675,예,아니오,황금대공원빌라,,개별난방,아니오,아니오,,,,,수성구 청솔로4길 56-2 (황금동 692-14),,8,1.0,사용,미등록,대구광역시 수성구 청솔로4길 56-2,,
2347,200676,예,아니오,황금봉황빌라,,개별난방,아니오,아니오,,,,,수성구 청솔로 12-8 (황금동 743-29),,6,1.0,사용,미등록,대구광역시 수성구 청솔로 12-8,,
2348,200677,예,아니오,다인주택사랑마을아파트,,개별난방,아니오,아니오,,,,,수성구 범어천로 23-18 (황금동 703-20),,19,1.0,사용,등록,대구광역시 수성구 범어천로 23-18,35.849286382,128.62209534
2349,200678,예,아니오,다인주택사랑마을,,개별난방,아니오,아니오,,,,,수성구 범어천로 27-10 (황금동 704-3),,17,1.0,사용,등록,대구광역시 수성구 범어천로 27-10,35.849601992,128.62247653
2350,200679,예,아니오,효목명성,,개별난방,아니오,아니오,,,,,동구 화랑로25길 60 (효목동 637-1),,32,1.0,사용,미등록,대구광역시 동구 화랑로25길 60,35.878321194,128.643199373
2351,200680,예,아니오,청솔아파트,,개별난방,아니오,아니오,,,,,동구 효신로16길 88 (효목동 288-2),,18,1.0,사용,등록,대구광역시 동구 효신로16길 88,35.879689311,128.634994697
2352,200681,예,아니오,청솔아파트,,개별난방,아니오,아니오,,,,,동구 효신로16길 80 (효목동 288-3),,19,1.0,사용,등록,대구광역시 동구 효신로16길 80,35.879574726,128.634713571
2353,200682,예,아니오,초원아파트,,개별난방,아니오,아니오,,,,,동구 효목로9길 57 (효목동 421-2),,25,1.0,사용,등록,대구광역시 동구 효목로9길 57,35.877778411,128.635898151
2354,200683,아니오,아니오,경산사동사랑으로부영6차,사동부영6차,개별난방,아니오,예,경산안전팀,2012-11-28,,11 월,경산시 백자로10길 11 (사동 148),,"1,395",21.0,사용,등록,경상북도 경산시 백자로10길 11,35.810499654,128.754564603
2355,200684,예,아니오,장기궁전,,개별난방,아니오,아니오,,,,,달서구 용산로14길 83 (장기동 540-6),,39,1.0,사용,미등록,대구광역시 달서구 용산로14길 83,,
2356,200686,예,아니오,장기궁전,,개별난방,아니오,아니오,,,,,달서구 용산로12길 77 (장기동 845),,37,1.0,사용,미등록,대구광역시 달서구 용산로12길 77,35.842805308,128.534384406
2357,200687,예,아니오,장기궁전,,개별난방,아니오,아니오,,,,,달서구 용산로14길 86 (장기동 542-4),,39,1.0,사용,미등록,대구광역시 달서구 용산로14길 86,,
2358,200688,아니오,아니오,입석유선아덴힐즈,입석아덴힐즈,개별난방,아니오,예,경산안전팀,2012-12-11,,12 월,동구 동촌로1길 15 (입석동 932-224),,42,1.0,사용,등록,대구광역시 동구 동촌로1길 15,35.892357686,128.645937796
2359,200689,아니오,아니오,세비앙오피스텔,오프라임세비앙오피스텔,개별난방,아니오,예,중부안전팀,2013-01-22,, 1 월,수성구 동대구로59길 14-2 (범어동 790-2),,98,1.0,사용,등록,대구광역시 수성구 동대구로59길 14-2,35.857508932,128.62416108
2360,200690,아니오,아니오,이시아폴리스더샵2차,이시아폴리스더샵2차,개별난방,아니오,예,북부안전팀,2013-03-06,, 3 월,동구 팔공로 274 (봉무동 1522),,750,11.0,사용,등록,대구광역시 동구 팔공로 274,35.92680213,128.642247706
2361,200691,예,아니오,광명타운하우스,,개별난방,아니오,아니오,,,,,수성구 동원로2길 11-66 (만촌동 1022-53),,1,1.0,사용,제외,대구광역시 수성구 동원로2길 11-66,35.860960103,128.641275521
2362,200692,예,아니오,광명타운하우스,,개별난방,아니오,아니오,,,,,수성구 동원로2길 11-22 (만촌동 1022-56),,1,1.0,사용,제외,대구광역시 수성구 동원로2길 11-22,35.861015535,128.641741296
2363,200693,예,아니오,화신청림맨션,,개별난방,아니오,아니오,,,,,경산시 자인면 북사로 17 (북사리 190),,19,1.0,사용,등록,경상북도 경산시 자인면 북사로 17,35.822244621,128.823399511
2364,200694,아니오,아니오,강변일성트루엘,강변 일성트루엘,개별난방,아니오,예,중부안전팀,2013-12-17,,12 월,북구 침산남로 215 (침산동 1755),,323,3.0,사용,등록,대구광역시 북구 침산남로 215,35.887254189,128.599383949
2365,200695,예,아니오,한신아파트,,개별난방,아니오,아니오,,,,,달서구 와룡로14길 53 (본리동 350-2),,140,3.0,사용,등록,대구광역시 달서구 와룡로14길 53,35.837781908,128.540527356
2366,200696,예,아니오,광명타운하우스,,개별난방,아니오,아니오,,,,,수성구 동원로2길 11-35 (만촌동 1022-4),,1,1.0,사용,제외,대구광역시 수성구 동원로2길 11-35,35.861447925,128.640807832
2367,200697,예,아니오,광명타운하우스,,개별난방,아니오,아니오,,,,,수성구 동원로2길 11-33 (만촌동 1022-44),,1,1.0,사용,제외,대구광역시 수성구 동원로2길 11-33,35.861451403,128.640961471
2368,200698,예,아니오,광명타운하우스,,개별난방,아니오,아니오,,,,,수성구 동원로2길 11-32 (만촌동 1022-45),,1,1.0,사용,제외,대구광역시 수성구 동원로2길 11-32,35.861386373,128.641110144
2369,200699,예,아니오,광명타운하우스,,개별난방,아니오,아니오,,,,,수성구 동원로2길 11-31 (만촌동 1022-46),,1,1.0,사용,제외,대구광역시 수성구 동원로2길 11-31,35.861336346,128.64124804
2370,200700,예,아니오,광명타운하우스,,개별난방,아니오,아니오,,,,,수성구 동원로2길 11-30 (만촌동 1022-47),,1,1.0,사용,제외,대구광역시 수성구 동원로2길 11-30,35.861291807,128.641376895
2371,200701,예,아니오,광명타운하우스,,개별난방,아니오,아니오,,,,,수성구 동원로2길 11-28 (만촌동 1022-48),,1,1.0,사용,제외,대구광역시 수성구 동원로2길 11-28,35.861294152,128.641541704
2372,200703,예,아니오,광명타운하우스,,개별난방,아니오,아니오,,,,,수성구 동원로2길 11-26 (만촌동 1022-82),,1,1.0,사용,제외,대구광역시 수성구 동원로2길 11-26,35.861312391,128.641842097
2373,200704,예,아니오,광명타운하우스,,개별난방,아니오,아니오,,,,,수성구 동원로2길 11-25 (만촌동 1022-81),,1,1.0,사용,제외,대구광역시 수성구 동원로2길 11-25,35.861178456,128.64189034
2374,200705,예,아니오,광명타운하우스,,개별난방,아니오,아니오,,,,,수성구 동원로2길 11-23 (만촌동 1022-80),,1,1.0,사용,제외,대구광역시 수성구 동원로2길 11-23,35.861039093,128.641933496
2375,200706,예,아니오,광명타운하우스,,개별난방,아니오,아니오,,,,,수성구 동원로2길 11-21 (만촌동 1022-79),,1,1.0,사용,제외,대구광역시 수성구 동원로2길 11-21,35.860888217,128.641982007
2376,200707,예,아니오,광명타운하우스,,개별난방,아니오,아니오,,,,,수성구 동원로2길 11-15 (만촌동 1022-58),,1,1.0,사용,제외,대구광역시 수성구 동원로2길 11-15,35.860849198,128.641623199
2377,200708,예,아니오,광명타운하우스,,개별난방,아니오,아니오,,,,,수성구 동원로2길 11-12 (만촌동 1022-59),,1,1.0,사용,제외,대구광역시 수성구 동원로2길 11-12,35.860835898,128.641406508
2378,200709,예,아니오,광명타운하우스,,개별난방,아니오,아니오,,,,,수성구 동원로2길 11-64 (만촌동 1022-60),,1,1.0,사용,제외,대구광역시 수성구 동원로2길 11-64,35.860814676,128.641253302
2379,200710,예,아니오,광명타운하우스,,개별난방,아니오,아니오,,,,,수성구 동원로2길 11-13 (만촌동 1022-54),,1,1.0,사용,제외,대구광역시 수성구 동원로2길 11-13,35.860981895,128.641433587
2380,200711,예,아니오,광명타운하우스,,개별난방,아니오,아니오,,,,,수성구 동원로2길 11-14 (만촌동 1022-55),,1,1.0,사용,제외,대구광역시 수성구 동원로2길 11-14,35.86098925,128.641589252
2381,200712,예,아니오,광명타운하우스,,개별난방,아니오,아니오,,,,,수성구 동원로2길 11-24 (만촌동 1022-50),,1,1.0,사용,제외,대구광역시 수성구 동원로2길 11-24,35.861147243,128.641659847
2382,200713,예,아니오,광명타운하우스,,개별난방,아니오,아니오,,,,,수성구 동원로2길 11-29 (만촌동 1022-51),,1,1.0,사용,제외,대구광역시 수성구 동원로2길 11-29,35.861123936,128.641506642
2383,200714,예,아니오,광명타운하우스,,개별난방,아니오,아니오,,,,,수성구 동원로2길 11-68 (만촌동 1022-52),,1,1.0,사용,제외,대구광역시 수성구 동원로2길 11-68,35.8611098,128.64132518
2384,200715,예,아니오,광명타운하우스,,개별난방,아니오,아니오,,,,,수성구 동원로2길 11-70 (만촌동 1022-42),,1,1.0,사용,제외,대구광역시 수성구 동원로2길 11-70,35.861190156,128.641087342
2385,200716,예,아니오,광명타운하우스,,개별난방,아니오,아니오,,,,,수성구 동원로2길 11-34 (만촌동 1022-43),,1,1.0,사용,제외,대구광역시 수성구 동원로2길 11-34,35.861251604,128.640943775
2386,200717,예,아니오,광명타운하우스,,개별난방,아니오,아니오,,,,,수성구 동원로2길 11-69 (만촌동 1022-41),,1,1.0,사용,제외,대구광역시 수성구 동원로2길 11-69,35.861052933,128.641060495
2387,200718,예,아니오,광명타운하우스,,개별난방,아니오,아니오,,,,,수성구 동원로2길 11-38 (만촌동 1022-40),,1,1.0,사용,제외,대구광역시 수성구 동원로2길 11-38,35.861079999,128.640913271
2388,200719,예,아니오,광명타운하우스,,개별난방,아니오,아니오,,,,,수성구 동원로2길 11-67 (만촌동 1022-38),,1,1.0,사용,제외,대구광역시 수성구 동원로2길 11-67,35.860905602,128.641037848
2389,200720,예,아니오,광명타운하우스,,개별난방,아니오,아니오,,,,,수성구 동원로2길 11-40 (만촌동 1022-39),,1,1.0,사용,제외,대구광역시 수성구 동원로2길 11-40,35.860928817,128.640896147
2390,200721,예,아니오,광명타운하우스,,개별난방,아니오,아니오,,,,,수성구 동원로2길 11-65 (만촌동 1022-37),,1,1.0,사용,제외,대구광역시 수성구 동원로2길 11-65,35.860763321,128.641013086
2391,200722,예,아니오,광명타운하우스,,개별난방,아니오,아니오,,,,,수성구 동원로2길 11-42 (만촌동 1022-36),,1,1.0,사용,제외,대구광역시 수성구 동원로2길 11-42,35.860780983,128.640872051
2392,200723,예,아니오,광명타운하우스,,개별난방,아니오,아니오,,,,,수성구 동원로2길 11-63 (만촌동 1022-34),,1,1.0,사용,제외,대구광역시 수성구 동원로2길 11-63,35.860592317,128.640980526
2393,200724,예,아니오,광명타운하우스,,개별난방,아니오,아니오,,,,,수성구 동원로2길 11-45 (만촌동 1022-35),,1,1.0,사용,제외,대구광역시 수성구 동원로2길 11-45,35.86061217,128.640833256
2394,200725,예,아니오,광명타운하우스,,개별난방,아니오,아니오,,,,,수성구 동원로2길 11-61 (만촌동 1022-33),,1,1.0,사용,제외,대구광역시 수성구 동원로2길 11-61,35.860436008,128.640955552
2395,200726,예,아니오,광명타운하우스,,개별난방,아니오,아니오,,,,,수성구 동원로2길 11-47 (만촌동 1022-32),,1,1.0,사용,제외,대구광역시 수성구 동원로2길 11-47,35.860461163,128.640803583
2396,200727,예,아니오,광명타운하우스,,개별난방,아니오,아니오,,,,,수성구 동원로2길 11-59 (만촌동 1022-30),,1,1.0,사용,제외,대구광역시 수성구 동원로2길 11-59,35.860287999,128.640929615
2397,200728,예,아니오,광명타운하우스,,개별난방,아니오,아니오,,,,,수성구 동원로2길 11-49 (만촌동 1022-31),,1,1.0,사용,제외,대구광역시 수성구 동원로2길 11-49,35.860315516,128.640777257
2398,200729,예,아니오,광명타운하우스,,개별난방,아니오,아니오,,,,,수성구 동원로2길 11-57 (만촌동 1022-29),,1,1.0,사용,제외,대구광역시 수성구 동원로2길 11-57,35.860145425,128.640907216
2399,200730,예,아니오,광명타운하우스,,개별난방,아니오,아니오,,,,,수성구 동원로2길 11-51 (만촌동 1022-28),,1,1.0,사용,제외,대구광역시 수성구 동원로2길 11-51,35.860130297,128.64074795
2400,200731,예,아니오,광명타운하우스,,개별난방,아니오,아니오,,,,,수성구 동원로2길 11-3 (만촌동 1022-67),,1,1.0,사용,제외,대구광역시 수성구 동원로2길 11-3,35.860190416,128.641266581
2401,200732,예,아니오,광명타운하우스,,개별난방,아니오,아니오,,,,,수성구 동원로2길 11-1 (만촌동 1022-68),,1,1.0,사용,제외,대구광역시 수성구 동원로2길 11-1,35.860163054,128.641115313
2402,200733,예,아니오,광명타운하우스,,개별난방,아니오,아니오,,,,,수성구 동원로2길 11-5 (만촌동 1022-66),,1,1.0,사용,제외,대구광역시 수성구 동원로2길 11-5,35.860349404,128.641286558
2403,200734,예,아니오,광명타운하우스,,개별난방,아니오,아니오,,,,,수성구 동원로2길 11-58 (만촌동 1022-65),,1,1.0,사용,제외,대구광역시 수성구 동원로2길 11-58,35.86032811,128.641134014
2404,200735,예,아니오,광명타운하우스,,개별난방,아니오,아니오,,,,,수성구 동원로2길 11-7 (만촌동 1022-63),,1,1.0,사용,제외,대구광역시 수성구 동원로2길 11-7,35.860505147,128.641329918
2405,200736,예,아니오,광명타운하우스,,개별난방,아니오,아니오,,,,,수성구 동원로2길 11-60 (만촌동 1022-64),,1,1.0,사용,제외,대구광역시 수성구 동원로2길 11-60,35.860489321,128.641178938
2406,200737,예,아니오,광명타운하우스,,개별난방,아니오,아니오,,,,,수성구 동원로2길 11-9 (만촌동 1022-62),,1,1.0,사용,제외,대구광역시 수성구 동원로2길 11-9,35.860650308,128.641356639
2407,200738,예,아니오,광명타운하우스,,개별난방,아니오,아니오,,,,,수성구 동원로2길 11-62 (만촌동 1022-61),,1,1.0,사용,제외,대구광역시 수성구 동원로2길 11-62,35.860618892,128.641202288
2408,200739,예,아니오,광명타운하우스,,개별난방,아니오,아니오,,,,,수성구 동원로2길 11-11 (만촌동 1022-75),,1,1.0,사용,제외,대구광역시 수성구 동원로2길 11-11,35.860660205,128.641558056
2409,200740,예,아니오,광명타운하우스,,개별난방,아니오,아니오,,,,,수성구 동원로2길 11-19 (만촌동 1022-77),,1,1.0,사용,제외,대구광역시 수성구 동원로2길 11-19,35.860694903,128.641857012
2410,200741,예,아니오,광명타운하우스,,개별난방,아니오,아니오,,,,,수성구 동원로2길 11-20 (만촌동 1022-78),,1,1.0,사용,제외,대구광역시 수성구 동원로2길 11-20,35.86071164,128.642007957
2411,200742,예,아니오,광명타운하우스,,개별난방,아니오,아니오,,,,,수성구 동원로2길 11-10 (만촌동 1022-74),,1,1.0,사용,제외,대구광역시 수성구 동원로2길 11-10,35.86052027,128.641574505
2412,200743,예,아니오,광명타운하우스,,개별난방,아니오,아니오,,,,,수성구 동원로2길 11-8 (만촌동 1022-73),,1,1.0,사용,제외,대구광역시 수성구 동원로2길 11-8,35.860384919,128.641601855
2413,200744,예,아니오,광명타운하우스,,개별난방,아니오,아니오,,,,,수성구 동원로2길 11-6 (만촌동 1022-72),,1,1.0,사용,제외,대구광역시 수성구 동원로2길 11-6,35.860244597,128.641623029
2414,200745,예,아니오,광명타운하우스,,개별난방,아니오,아니오,,,,,수성구 동원로2길 11-4 (만촌동 1022-71),,1,1.0,사용,제외,대구광역시 수성구 동원로2길 11-4,35.860233215,128.641469141
2415,200746,예,아니오,광명타운하우스,,개별난방,아니오,아니오,,,,,수성구 동원로2길 11-36 (만촌동 1022-15),,1,1.0,사용,제외,대구광역시 수성구 동원로2길 11-36,35.861331051,128.640744599
2416,200747,예,아니오,광명타운하우스,,개별난방,아니오,아니오,,,,,수성구 동원로2길 11-37 (만촌동 1022-16),,1,1.0,사용,제외,대구광역시 수성구 동원로2길 11-37,35.861172874,128.640719021
2417,200748,예,아니오,광명타운하우스,,개별난방,아니오,아니오,,,,,수성구 동원로2길 11-39 (만촌동 1022-17),,1,1.0,사용,제외,대구광역시 수성구 동원로2길 11-39,35.861053464,128.640682118
2418,200749,예,아니오,광명타운하우스,,개별난방,아니오,아니오,,,,,수성구 동원로2길 11-41 (만촌동 1022-18),,1,1.0,사용,제외,대구광역시 수성구 동원로2길 11-41,35.860918569,128.640679492
2419,200750,예,아니오,광명타운하우스,,개별난방,아니오,아니오,,,,,수성구 동원로2길 11-43 (만촌동 1022-19),,1,1.0,사용,제외,대구광역시 수성구 동원로2길 11-43,35.860778296,128.64063865
2420,200751,예,아니오,광명타운하우스,,개별난방,아니오,아니오,,,,,수성구 동원로2길 11-46 (만촌동 1022-20),,1,1.0,사용,제외,대구광역시 수성구 동원로2길 11-46,35.860641316,128.640630912
2421,200752,예,아니오,광명타운하우스,,개별난방,아니오,아니오,,,,,수성구 동원로2길 11-48 (만촌동 1022-21),,1,1.0,사용,제외,대구광역시 수성구 동원로2길 11-48,35.860510163,128.640604949
2422,200753,예,아니오,광명타운하우스,,개별난방,아니오,아니오,,,,,수성구 동원로2길 11-50 (만촌동 1022-22),,1,1.0,사용,제외,대구광역시 수성구 동원로2길 11-50,35.860350374,128.640528189
2423,200754,예,아니오,광명타운하우스,,개별난방,아니오,아니오,,,,,수성구 동원로2길 11-52 (만촌동 1022-23),,1,1.0,사용,제외,대구광역시 수성구 동원로2길 11-52,35.860205467,128.640519335
2424,200755,예,아니오,광명타운하우스,,개별난방,아니오,아니오,,,,,수성구 동원로2길 11-53 (만촌동 1022-24),,1,1.0,사용,제외,대구광역시 수성구 동원로2길 11-53,35.860068338,128.64054667
2425,200756,예,아니오,광명타운하우스,,개별난방,아니오,아니오,,,,,수성구 동원로2길 11-55 (만촌동 1022-26),,1,1.0,사용,제외,대구광역시 수성구 동원로2길 11-55,35.859933396,128.6407575
2426,200757,아니오,아니오,광명타운하우스,광명타운하우스,개별난방,아니오,예,수성안전팀,2012-06-15,, 6 월,수성구 동원로2길 11-56 (만촌동 1022-27),,1,1.0,사용,제외,대구광역시 수성구 동원로2길 11-56,35.8599603,128.640899309
2427,200758,아니오,아니오,시지반도유보라,시지반도유보라,개별난방,아니오,예,경산안전팀,2012-10-19,,10 월,수성구 욱수천로 87 (신매동 162),,262,4.0,사용,등록,대구광역시 수성구 욱수천로 87,35.835803505,128.71168069
2428,200761,예,아니오,푸르미칠곡마을,,개별난방,아니오,아니오,,,,,북구 칠곡중앙대로 515 (읍내동 1214),,15,1.0,사용,미등록,대구광역시 북구 칠곡중앙대로 515,35.941560632,128.550068128
2429,200762,아니오,아니오,정평그린시티,정평그린시티,개별난방,아니오,예,경산안전팀,2013-01-07,, 1 월,경산시 대학로13길 20-4 (정평동 255-161),,29,1.0,사용,등록,경상북도 경산시 대학로13길 20-4,35.835883182,128.730108622
2430,200763,아니오,아니오,삼풍아파트,삼풍아파트,개별난방,아니오,예,중부안전팀,2012-12-10,,12 월,수성구 용학로 22 (두산동 929-1),,72,6.0,사용,등록,대구광역시 수성구 용학로 22,35.825300713,128.611726123
2431,200764,예,아니오,범어에스케이뷰아파트1단지,,개별난방,아니오,아니오,,,,,수성구 범어로 75 (범어동 2234),,124,2.0,사용,등록,대구광역시 수성구 범어로 75,35.856354965,128.634501106
2432,200765,예,아니오,삼승월드타운,,개별난방,아니오,아니오,,,,,수성구 노변로 81 (노변동 121-2),,19,1.0,사용,등록,대구광역시 수성구 노변로 81,35.839019769,128.699780963
2433,200766,예,아니오,송현월성아파트,,개별난방,아니오,아니오,,,,,달서구 월배로67길 52 (송현동 1909-27),,59,1.0,사용,등록,대구광역시 달서구 월배로67길 52,35.826664904,128.54413296
2434,200767,아니오,아니오,침산태왕아너스로뎀,침산태왕아너스로뎀,개별난방,아니오,예,중부안전팀,2013-11-11,,11 월,북구 침산로21길 39 (침산동 385-10),,366,1.0,사용,등록,대구광역시 북구 침산로21길 39,35.886105738,128.586528926
2435,200768,아니오,아니오,침산동2차쌍용예가,침산2차쌍용예가,개별난방,아니오,예,중부안전팀,2013-08-21,, 8 월,북구 성북로9길 12 (침산동 1750),,657,8.0,사용,등록,대구광역시 북구 성북로9길 12,35.892205666,128.588422558
2436,200769,아니오,아니오,하이웰아파트,,개별난방,아니오,아니오,,,,,경산시 진량읍 금호강변로 830-11 (부기리 565-6),,,,사용,미등록,경상북도 경산시 진량읍 금호강변로 830-11,35.905489582,128.821994412
2437,200770,아니오,아니오,범어풀비체아파트,범어풀비체,개별난방,아니오,예,경산안전팀,2013-01-17,, 1 월,수성구 범어로 61 (범어동 2236),,138,1.0,사용,등록,대구광역시 수성구 범어로 61,35.854489032,128.635339319
2438,200771,아니오,아니오,오페라코오롱하늘채,칠성오페라코오롱하늘채,개별난방,아니오,예,중부안전팀,2014-04-28,, 4 월,북구 중앙대로 540 (칠성동2가 723),,539,4.0,사용,등록,대구광역시 북구 중앙대로 540,35.881235081,128.596869924
2439,200772,아니오,아니오,수성못코오롱하늘채,수성못코오롱하늘채,개별난방,아니오,예,중부안전팀,2013-05-13,, 5 월,수성구 파동로 222 (파동 53),,832,14.0,사용,등록,대구광역시 수성구 파동로 222,35.822470924,128.611825637
2440,200773,아니오,아니오,한솔타미우스,한솔오피스텔(타미우스),개별난방,아니오,예,중부안전팀,2013-06-12,, 6 월,수성구 청수로24길 41 (두산동 88),,114,1.0,사용,등록,대구광역시 수성구 청수로24길 41,35.837938849,128.62132248
2441,200774,아니오,아니오,복현푸르지오,복현푸르지오,개별난방,아니오,예,중부안전팀,2013-11-26,,11 월,북구 동북로 345 (복현동 694),,"1,199",17.0,사용,등록,대구광역시 북구 동북로 345,35.890016607,128.627903548
2442,200775,아니오,아니오,범어역아이위시,범어역아이위시타워,개별난방,아니오,예,중부안전팀,2013-09-10,, 9 월,수성구 동대구로59길 14-19 (범어동 792-43),,196,1.0,사용,등록,대구광역시 수성구 동대구로59길 14-19,35.858180672,128.623433971
2443,200776,아니오,아니오,송은오피스텔,다사읍송은오피스텔,개별난방,아니오,예,서부안전팀,2013-05-31,, 5 월,달성군 다사읍 왕선로 59 (매곡리 315),,106,1.0,사용,등록,대구광역시 달성군 다사읍 왕선로 59,35.865073629,128.463810752
2444,200777,아니오,아니오,진천역AK그랑폴리스,AK그랑폴리스주상복합,개별난방,아니오,예,서부안전팀,2013-02-25,, 2 월,달서구 월배로 51 (유천동 595),,212,2.0,사용,등록,대구광역시 달서구 월배로 51,35.81362296,128.519655841
2445,200782,아니오,아니오,미소시티,본동미소시티(본동아파트2호),개별난방,아니오,예,서부안전팀,2013-06-27,, 6 월,달서구 와룡로9길 37 (본동 741),,39,1.0,사용,등록,대구광역시 달서구 와룡로9길 37,35.836573224,128.534666645
2446,200783,아니오,아니오,행복시티,본동행복시티(본동아파트1호),개별난방,아니오,예,서부안전팀,2013-06-27,, 6 월,달서구 와룡로9길 41 (본동 741-1),,40,1.0,사용,등록,대구광역시 달서구 와룡로9길 41,35.836532952,128.53447791
2447,200784,아니오,아니오,이시아폴리스더샵3차,봉무이시아폴리스더샵3차,개별난방,아니오,예,북부안전팀,2013-11-04,,11 월,동구 팔공로51길 10 (봉무동 1530),,"1,686",21.0,사용,등록,대구광역시 동구 팔공로51길 10,35.923541588,128.635959511
2448,200785,아니오,아니오,자인시장,자인시장,개별난방,아니오,예,경산안전팀,2013-05-13,, 5 월,경산시 자인면 자인로 206-4 (서부리 254),,10,1.0,사용,등록,경상북도 경산시 자인면 자인로 206-4,35.81646113,128.822976552
2449,200786,아니오,아니오,신흥아파트,신흥아파트가동,개별난방,아니오,예,중부안전팀,2014-04-11,, 4 월,서구 달서천로76길 8 (원대동1가 640),,48,1.0,사용,등록,대구광역시 서구 달서천로76길 8,35.882250414,128.575142448
2450,200788,아니오,아니오,인터불고코아시스,인터불고코아시스,개별난방,아니오,예,중부안전팀,2014-01-15,, 1 월,중구 명륜로 19 (남산동 437-1),,310,1.0,사용,등록,대구광역시 중구 명륜로 19,35.864743026,128.588999212
2451,200789,아니오,아니오,우방아이유쉘아파트,율하우방아이유쉘,개별난방,아니오,예,경산안전팀,2013-11-20,,11 월,동구 금호강변로3길 22 (율하동 1093),,902,20.0,사용,등록,대구광역시 동구 금호강변로3길 22,35.869677139,128.687434649
2452,200790,예,아니오,녹원맨션,,열병합(Co-gen),아니오,아니오,,,,,수성구 무학로 187 (지산동 761-8),764-8341,96,2.0,사용,등록,대구광역시 수성구 무학로 187,35.83057892,128.629077098
2453,200791,예,아니오,초원아파트,,개별난방,아니오,아니오,,,,,수성구 달구벌대로530길 57 (만촌동 857-32),,20,1.0,사용,등록,대구광역시 수성구 달구벌대로530길 57,35.853415465,128.651620862
2454,200792,아니오,예,,방촌강남밸리스B동,개별난방,아니오,아니오,,,,,동구 동촌로 299 (방촌동 857-120),,26,1.0,사용,,대구광역시 동구 동촌로 299,35.879242371,128.672505478
2455,200793,아니오,아니오,이시아폴리스더샵4차,이시아폴리스더샵4차,개별난방,아니오,예,북부안전팀,2014-05-21,, 5 월,동구 팔공로53길 40 (봉무동 1529),,774,9.0,사용,등록,대구광역시 동구 팔공로53길 40,35.926462901,128.636585862
2456,200795,예,아니오,가람타운,,개별난방,아니오,아니오,,,,,동구 신암로16길 17 (신천동 551-31),,258,1.0,사용,등록,대구광역시 동구 신암로16길 17,35.877698943,128.611134863
2457,200796,예,아니오,가람타운,,개별난방,아니오,아니오,,,,,동구 신암로16길 33 (신천동 551-35),,558,4.0,사용,등록,대구광역시 동구 신암로16길 33,35.875294628,128.610927909
2458,200797,아니오,아니오,극동스타클래스남산,극동스타클래스,개별난방,아니오,예,중부안전팀,2014-04-08,, 4 월,중구 남산로 30 (남산동 3000),,946,10.0,사용,등록,대구광역시 중구 남산로 30,35.859174769,128.583167543
2459,200798,아니오,아니오,인테라뱅하우스,하양도시형생활주택(인테라뱅하우스),개별난방,아니오,예,경산안전팀,2013-11-26,,11 월,경산시 하양읍 대학로305길 48 (금락리 116-3),,122,1.0,사용,등록,경상북도 경산시 하양읍 대학로305길 48,35.911363138,128.816901219
2460,200799,아니오,아니오,반월당효성해링턴플레이스,남산더루벤스(효성해링턴플레이스),개별난방,아니오,예,중부안전팀,2014-06-30,, 6 월,중구 중앙대로66길 20 (남산동 3006),,499,5.0,사용,등록,대구광역시 중구 중앙대로66길 20,35.861337891,128.593175137
2461,200800,예,아니오,중리진달래1차아파트,,개별난방,아니오,아니오,,,,,서구 국채보상로36길 39 (중리동 76-1),,110,2.0,사용,등록,대구광역시 서구 국채보상로36길 39,35.866402561,128.552295967
2462,200801,예,아니오,중리진달래1차아파트,,개별난방,아니오,아니오,,,,,서구 국채보상로36길 49 (중리동 80-1),,85,2.0,사용,등록,대구광역시 서구 국채보상로36길 49,35.865277737,128.552074998
2463,200802,아니오,아니오,대호시티,대호시티(장기동아파트),개별난방,아니오,예,서부안전팀,2014-01-15,, 1 월,달서구 용산로12길 86 (장기동 548-6),,53,1.0,사용,등록,대구광역시 달서구 용산로12길 86,35.842358529,128.535391887
2464,200803,아니오,아니오,수성벨루체,수성벨로체,개별난방,아니오,예,경산안전팀,2013-11-29,,11 월,수성구 용학로40길 28 (지산동 1333-10),,87,4.0,사용,등록,대구광역시 수성구 용학로40길 28,35.819713674,128.629283052
2465,200804,아니오,아니오,펜타힐즈서한이다음,펜타힐즈서한이다음,개별난방,아니오,예,경산안전팀,2014-09-30,, 9 월,경산시 옥산로 217 (중산동 624),,784,5.0,사용,등록,경상북도 경산시 옥산로 217,35.835322983,128.71905687
2466,200806,아니오,아니오,e편한세상월배,e편한세상월배,개별난방,아니오,예,서부안전팀,2014-09-03,, 9 월,달서구 월성로 132 (월성동 1835),,932,8.0,사용,등록,대구광역시 달서구 월성로 132,35.82793638,128.522683728
2467,200807,아니오,아니오,대신센트럴자이,대신센트럴자이,개별난방,아니오,예,중부안전팀,2014-10-31,,10 월,중구 달구벌대로 1955 (대신동 2106),,"1,147",13.0,사용,등록,대구광역시 중구 달구벌대로 1955,35.863873467,128.577714793
2468,200809,아니오,아니오,대구금호엘에이치천년나무1단지,금호천년나무1단지(A1BL),개별난방,아니오,예,북부안전팀,2014-07-31,, 7 월,북구 한강로 55 (사수동 837),,"1,088",8.0,사용,등록,대구광역시 북구 한강로 55,35.898338933,128.51542657
2469,200810,아니오,아니오,대구혁신에듀포레,대구혁신LH5단지,신서(집단에너지),아니오,예,경산안전팀,2013-10-30,,10 월,동구 과학로 45 (각산동 1061),,350,5.0,사용,등록,대구광역시 동구 과학로 45,35.882731462,128.716255562
2470,200811,예,아니오,태양골든하이츠,,개별난방,아니오,아니오,,,,,서구 평리로 225 (중리동 119-1),,19,2.0,사용,등록,대구광역시 서구 평리로 225,35.862388677,128.548040621
2471,200812,아니오,아니오,노마즈하우스,노마즈하우스,개별난방,아니오,예,중부안전팀,2013-12-30,,12 월,중구 공평로 105 (교동 8),,530,1.0,사용,등록,대구광역시 중구 공평로 105,35.873435107,128.600953089
2472,200813,아니오,아니오,대구테크노폴리스서한이다음,테크노폴리스서한이다음,개별난방,아니오,예,서부안전팀,2014-10-24,,10 월,달성군 현풍읍 테크노상업로 33 (중리 486),,637,11.0,사용,등록,대구광역시 달성군 현풍읍 테크노상업로 33,35.69159815,128.452733401
2473,200814,아니오,아니오,유성푸르나임,동대구유성푸르나임,개별난방,아니오,예,경산안전팀,2014-10-27,,10 월,동구 동부로22길 48 (신천동 292-6),,861,2.0,사용,등록,대구광역시 동구 동부로22길 48,35.872498249,128.626082776
2474,200815,아니오,아니오,테라스하임,세비앙테라스하임오피스텔,개별난방,아니오,예,중부안전팀,2014-03-31,, 3 월,수성구 동대구로59길 14-14 (범어동 547-34),,31,1.0,사용,등록,대구광역시 수성구 동대구로59길 14-14,35.858236603,128.624071884
2475,200816,아니오,아니오,대구월배아이파크,월배아이파크,지역난방,아니오,예,서부안전팀,2014-12-10,,12 월,달서구 조암남로 182 (유천동 605),,"1,296",13.0,사용,등록,대구광역시 달서구 조암남로 182,35.815615341,128.513252314
2476,200817,아니오,아니오,검사광성,,개별난방,아니오,아니오,,,,,동구 둔산로 311-1 (검사동 276-1),,40,1.0,사용,미등록,대구광역시 동구 둔산로 311-1,,
2477,200818,아니오,아니오,대구혁신엘에이치천년나무3단지,대구혁신LH천년나무3단지(B-3BL),신서(집단에너지),아니오,예,경산안전팀,2014-08-01,, 8 월,동구 과학로13길 30 (각산동 1043),,448,6.0,사용,등록,대구광역시 동구 과학로13길 30,35.886449534,128.718334115
2478,200819,아니오,아니오,엠코시티,엠코시티(장기동아파트2),개별난방,아니오,예,서부안전팀,2014-05-30,, 5 월,달서구 용산로12길 88 (장기동 548-15),,42,1.0,사용,등록,대구광역시 달서구 용산로12길 88,35.842399055,128.5356169
2479,200820,아니오,아니오,서한이다음레이크뷰,서한이다음레이크뷰,개별난방,아니오,예,서부안전팀,2014-11-12,,11 월,달서구 상화로58길 35 (도원동 1464),,633,8.0,사용,등록,대구광역시 달서구 상화로58길 35,35.807379815,128.546000769
2480,200821,아니오,아니오,동대구서한코보스카운티,,개별난방,아니오,아니오,,,,,동구 동부로22길 2 (신천동 285-1),,,,사용,미등록,대구광역시 동구 동부로22길 2,35.87621726,128.6267505
2481,200822,아니오,아니오,대구옥포LH허브시티,옥포LH허브시티(A-1BL),개별난방,아니오,예,서부안전팀,2015-02-13,, 2 월,달성군 옥포읍 비슬로 1941 (강림리 1099),,815,10.0,사용,등록,대구광역시 달성군 옥포읍 비슬로 1941,35.782290151,128.435561051
2482,200823,아니오,아니오,대구옥포LH천년나무2단지,옥포보금A-2블록아파트(천연나무2),개별난방,아니오,예,서부안전팀,2014-10-31,,10 월,달성군 옥포읍 돌미로 51 (강림리 1105),,"1,366",12.0,사용,등록,대구광역시 달성군 옥포읍 돌미로 51,35.780071265,128.439668575
2483,200824,아니오,아니오,화산샬레아파트,범어화산샬레(평광),개별난방,아니오,예,경산안전팀,2014-03-26,, 3 월,수성구 청호로 411-3 (범어동 2238),,169,2.0,사용,등록,대구광역시 수성구 청호로 411-3,35.853923891,128.63781611
2484,200826,아니오,아니오,황금동해피하우스2IN1,황금해피하우스,개별난방,아니오,예,중부안전팀,2014-07-02,, 7 월,수성구 동대구로25길 24-11 (황금동 860),,176,1.0,사용,등록,대구광역시 수성구 동대구로25길 24-11,,
2485,200827,아니오,아니오,에스앤시티,SN오피스텔 A동,개별난방,아니오,예,서부안전팀,2014-06-03,, 6 월,달서구 월곡로 294-2 (상인동 70-3),,30,1.0,사용,등록,대구광역시 달서구 월곡로 294-2,35.819565383,128.537666095
2486,200828,아니오,아니오,에스앤시티,SN오피스텔 B동,개별난방,아니오,예,서부안전팀,2014-05-29,, 5 월,달서구 월곡로 294-1 (상인동 70-2),,30,1.0,사용,등록,대구광역시 달서구 월곡로 294-1,35.819935876,128.53736058
2487,200829,아니오,아니오,에스앤시티,SN오피스텔C동,개별난방,아니오,예,서부안전팀,2014-06-03,, 6 월,달서구 월곡로 294 (상인동 70-1),,30,1.0,사용,등록,대구광역시 달서구 월곡로 294,35.820105999,128.537068813
2488,200830,아니오,아니오,강북이진캐스빌,강북 이진캐스빌,개별난방,아니오,예,북부안전팀,2015-03-16,, 3 월,북구 칠곡중앙대로51길 50 (태전동 1181),,475,6.0,사용,등록,대구광역시 북구 칠곡중앙대로51길 50,35.916814619,128.54439623
2489,200831,아니오,아니오,죽전역한양아이클래스,한양아이클래스,개별난방,아니오,예,서부안전팀,2014-11-25,,11 월,달서구 장기로 228 (감삼동 504-1),,386,1.0,사용,등록,대구광역시 달서구 장기로 228,35.844065595,128.535450968
2490,200832,아니오,아니오,대구세천한라비발디,세천한라비발디아파트,개별난방,아니오,예,서부안전팀,2015-11-23,,11 월,달성군 다사읍 세천로 187 (세천리 1566-1),,"1,204",9.0,사용,등록,대구광역시 달성군 다사읍 세천로 187,35.875629504,128.481973409
2491,200837,아니오,아니오,신현대아파트,,개별난방,아니오,아니오,,,,,경산시 하양읍 하양로33길 6-7 (동서리 1083),,,,사용,등록,경상북도 경산시 하양읍 하양로33길 6-7,35.91808341,128.824707426
2492,200838,아니오,아니오,브라운스톤강북,금호지구B2블럭주공(브라운스톤 금호),개별난방,아니오,예,북부안전팀,2015-03-09,, 3 월,북구 내곡로 89 (사수동 789),,959,9.0,사용,등록,대구광역시 북구 내곡로 89,35.902066682,128.514138171
2493,200839,아니오,아니오,강변해맞이타운,강변해맞이타운,개별난방,아니오,예,경산안전팀,2014-11-06,,11 월,동구 동촌로2길 3 (입석동 950-1),,42,1.0,사용,등록,대구광역시 동구 동촌로2길 3,35.890594277,128.64508877
2494,200840,아니오,아니오,대구혁신도시서한이다음,혁신도시 서한이다음1차,신서(집단에너지),아니오,예,경산안전팀,2015-01-19,, 1 월,동구 이노밸리로29길 56 (각산동 1029),,479,9.0,사용,등록,대구광역시 동구 이노밸리로29길 56,35.883072305,128.714435222
2495,200841,아니오,아니오,하나리움퀸즈파크,테크노폴리스하나리움,개별난방,아니오,예,서부안전팀,2015-01-13,, 1 월,달성군 유가읍 테크노북로 164 (봉리 601),,908,11.0,사용,등록,대구광역시 달성군 유가읍 테크노북로 164,35.69559989,128.463210879
2496,200843,아니오,아니오,수성롯데캐슬THEFIRST,수성롯데캐슬더퍼스트2단지,개별난방,아니오,예,중부안전팀,2015-08-24,, 8 월,수성구 수성로69길 65 (수성동1가 819),,306,6.0,사용,등록,대구광역시 수성구 수성로69길 65,35.856045677,128.609517791
2497,200844,아니오,아니오,수성롯데캐슬THEFIRST,수성롯데캐슬더퍼스트1단지,개별난방,아니오,예,중부안전팀,2015-08-24,, 8 월,수성구 수성로69길 70 (수성동1가 818),,479,7.0,사용,등록,대구광역시 수성구 수성로69길 70,35.858284956,128.610486347
2498,200846,아니오,아니오,루체른아파트,하양금락리아파트(루체른),개별난방,아니오,예,경산안전팀,2014-07-15,, 7 월,경산시 하양읍 아낙고개길8길 3 (금락리 77-2),,19,1.0,사용,등록,경상북도 경산시 하양읍 아낙고개길8길 3,35.915278692,128.815250147
2499,200849,아니오,아니오,오피스텔햇뜰,조일빌딩(햇뜰오피스텔),개별난방,아니오,예,서부안전팀,2014-06-11,, 6 월,달서구 달구벌대로251안길 6 (이곡동 1220-16),,72,1.0,사용,등록,대구광역시 달서구 달구벌대로251안길 6,35.852358497,128.50576881
2500,200850,아니오,아니오,오성파크,오성파크빌,개별난방,아니오,예,경산안전팀,2014-11-14,,11 월,동구 동촌로16길 22 (검사동 990-6),,56,1.0,사용,등록,대구광역시 동구 동촌로16길 22,35.886846761,128.650670988
2501,200851,아니오,아니오,범어역풀비체투인원,범어역풀비체투인원,개별난방,아니오,예,중부안전팀,2014-11-21,,11 월,수성구 동대구로59길 14-1 (범어동 790-10),,138,1.0,사용,등록,대구광역시 수성구 동대구로59길 14-1,35.857665062,128.62368461
2502,200852,아니오,아니오,국채보상공원화성파크드림CITY,화성파크드림 CITY,개별난방,아니오,예,중부안전팀,2015-08-17,, 8 월,중구 국채보상로 655 (동인동2가 51),,928,1.0,사용,등록,대구광역시 중구 국채보상로 655,35.870102189,128.602278837
2503,200853,아니오,아니오,이시아태왕아너스,이시아폴리스태왕아너스타워,개별난방,아니오,예,북부안전팀,2015-03-16,, 3 월,동구 팔공로 241 (봉무동 1551-2),,550,1.0,사용,등록,대구광역시 동구 팔공로 241,35.920092009,128.640630447
2504,200854,아니오,아니오,신화오피스,한종희원룸,개별난방,아니오,예,서부안전팀,2014-10-29,,10 월,달서구 와룡로17길 9 (본리동 394-1),,46,1.0,사용,등록,대구광역시 달서구 와룡로17길 9,35.840270414,128.536182714
2505,200855,아니오,아니오,용산동미르젠도시형생활주택,용산미르젠도시형생활주택,개별난방,아니오,예,서부안전팀,2014-10-31,,10 월,달서구 달구벌대로283길 50 (용산동 996),,54,1.0,사용,등록,대구광역시 달서구 달구벌대로283길 50,35.853293854,128.52412282
2506,200856,아니오,아니오,블루앤파크,신천U-PARK(블루엔파크),개별난방,아니오,예,중부안전팀,2015-08-28,, 1 월,동구 동대구로83길 14 (신천동 116-9),,47,1.0,사용,등록,대구광역시 동구 동대구로83길 14,,
2507,200857,아니오,아니오,에코폴리스동화아이위시,서재1차 동화아이위시(에코폴리스),개별난방,아니오,예,서부안전팀,2015-10-28,,10 월,달성군 다사읍 서재로12길 38 (서재리 1118),,839,6.0,사용,등록,대구광역시 달성군 다사읍 서재로12길 38,35.867623544,128.492980967
2508,200858,아니오,아니오,이편한세상범어,e-편한세상범어,개별난방,아니오,예,중부안전팀,2015-07-14,, 7 월,수성구 들안로78길 45 (범어동 2240),,842,10.0,사용,등록,대구광역시 수성구 들안로78길 45,35.865759011,128.621432013
2509,200859,아니오,아니오,한의기술응용센터기숙사동,한의기술응용센터 기숙사동,개별난방,아니오,예,경산안전팀,2015-02-11,, 2 월,동구 첨단로 70 (신서동 1146),,32,1.0,사용,등록,대구광역시 동구 첨단로 70,35.882417038,128.732480228
2510,200860,아니오,아니오,대구혁신도시서한이다음2차아파트,서한이다음아파트2차,신서(집단에너지),아니오,예,경산안전팀,2015-06-04,, 6 월,동구 이노밸리로29길 34 (각산동 1030),,429,8.0,사용,등록,대구광역시 동구 이노밸리로29길 34,35.88064671,128.713875085
2511,200862,아니오,아니오,대구테크노원힐데스하임,테크노폴리스힐데스하임아파트,개별난방,아니오,예,서부안전팀,2015-09-16,, 9 월,달성군 유가읍 테크노북로9길 42 (봉리 622),,670,10.0,사용,등록,대구광역시 달성군 유가읍 테크노북로9길 42,35.693272147,128.467322587
2512,200863,아니오,아니오,경산코아루아파트,경산코아루아파트,개별난방,아니오,예,경산안전팀,2015-07-10,, 7 월,경산시 압량읍 압독3로 36 (신대리 481),,403,5.0,사용,등록,경상북도 경산시 압량읍 압독3로 36,35.84281638,128.76577879
2513,200864,아니오,아니오,힐트리움,솔고개주상복합아파트(힐트리움),개별난방,아니오,예,서부안전팀,2015-03-05,, 3 월,달서구 월배로 367 (송현동 1927-7),,27,1.0,사용,등록,대구광역시 달서구 월배로 367,35.827803632,128.548555096
2514,200865,아니오,아니오,부띠크시티오피스텔,부띠크시티오피스텔,개별난방,아니오,예,경산안전팀,2014-12-15,,12 월,동구 동부로22길 14 (신천동 286-2),,482,1.0,사용,등록,대구광역시 동구 동부로22길 14,35.875499551,128.626533614
2515,200866,아니오,아니오,이화오피스텔,,개별난방,아니오,아니오,,,,,달서구 달구벌대로309길 5 (죽전동 269-17),,,,사용,미등록,대구광역시 달서구 달구벌대로309길 5,35.850388062,128.53490598
2516,200867,아니오,아니오,진성제뉴어리,진성제뉴어리(동호동진성타운),개별난방,아니오,예,경산안전팀,2015-06-12,, 6 월,동구 경안로 776 (동호동 111-6),,27,1.0,사용,등록,대구광역시 동구 경안로 776,35.871447864,128.713982205
2517,200868,아니오,아니오,강변아이파크,검사강변아이파크,개별난방,아니오,예,경산안전팀,2014-10-31,,10 월,동구 해동로 230 (검사동 975-7),,42,1.0,사용,등록,대구광역시 동구 해동로 230,35.884371925,128.653373552
2518,200869,아니오,아니오,성당클래식명가아파트,성당못역클래식명가,개별난방,아니오,예,서부안전팀,2015-05-28,, 5 월,달서구 성당로 19 (성당동 211-6),,42,1.0,사용,등록,대구광역시 달서구 성당로 19,35.839190995,128.558409445
2519,200870,아니오,예,,파동 다세대,개별난방,아니오,예,중부안전팀,2015-06-24,, 6 월,수성구 파동로30길 46 (파동 118-319),,44,5.0,사용,,대구광역시 수성구 파동로30길 46,35.820322903,128.616387195
2520,200871,아니오,아니오,우미린더포레스트,테크노풀리스 우미린포레스트,개별난방,아니오,예,서부안전팀,2015-08-31,, 8 월,달성군 유가읍 테크노북로9길 16 (봉리 621),,827,10.0,사용,등록,대구광역시 달성군 유가읍 테크노북로9길 16,35.692041078,128.464909775
2521,200872,아니오,아니오,이스트뷰파크,동촌아이파크(이스트뷰파크),개별난방,아니오,예,경산안전팀,2015-05-22,, 5 월,동구 동촌로11길 20 (검사동 1000-39),,103,1.0,사용,등록,대구광역시 동구 동촌로11길 20,35.88900209,128.650630645
2522,200873,아니오,아니오,각산역더뉴클래스2차,각산역더뉴클레스2,개별난방,아니오,예,경산안전팀,2015-06-12,, 6 월,동구 반야월로 360 (신서동 518-1),,230,2.0,사용,등록,대구광역시 동구 반야월로 360,35.871082824,128.728312033
2523,200874,아니오,아니오,옥곡태왕아너스고은아파트,경산옥곡태왕아너스고은아파트,개별난방,아니오,예,경산안전팀,2015-10-13,,10 월,경산시 옥실길 56 (옥곡동 85-12),,225,3.0,사용,등록,경상북도 경산시 옥실길 56,35.811521868,128.729944819
2524,200875,아니오,아니오,대구테크노폴리스호반베르디움,테크노폴리스호반베르디움,개별난방,아니오,예,서부안전팀,2015-12-04,,12 월,달성군 유가읍 테크노대로5길 58 (봉리 605),,770,12.0,사용,등록,대구광역시 달성군 유가읍 테크노대로5길 58,35.693799544,128.467294795
2525,200876,아니오,아니오,경산신대우미린,경산신대 우미린,개별난방,아니오,예,경산안전팀,2015-10-29,,10 월,경산시 압량읍 압독2로 37 (신대리 482),,445,6.0,사용,등록,경상북도 경산시 압량읍 압독2로 37,35.841048593,128.767227809
2526,200877,아니오,아니오,대봉태왕아너스,대봉동 태왕아너스아파트,개별난방,아니오,예,중부안전팀,2015-10-19,,10 월,중구 동덕로 55 (대봉동 758),,410,6.0,사용,등록,대구광역시 중구 동덕로 55,35.859950305,128.603897388
2527,200878,아니오,아니오,신천역까사밀라,신천풀비체site1(신천역까사밀라),개별난방,아니오,예,중부안전팀,2015-04-02,, 4 월,동구 동부로 29 (신천동 538-3),,182,1.0,사용,등록,대구광역시 동구 동부로 29,35.874417518,128.615642598
2528,200879,아니오,아니오,신천역까사밀라,신천풀비체site2(신천역까사밀라),개별난방,아니오,예,중부안전팀,2015-05-22,, 5 월,동구 동부로 33 (신천동 538-15),,184,1.0,사용,등록,대구광역시 동구 동부로 33,35.874594468,128.616095861
2529,200880,아니오,아니오,대구테크노폴리스진아리채아파트,테크노폴리스진아리채아파트,개별난방,아니오,예,서부안전팀,2016-03-31,, 3 월,달성군 유가읍 테크노대로5길 79 (봉리 603),,730,11.0,사용,등록,대구광역시 달성군 유가읍 테크노대로5길 79,35.695528097,128.46579892
2530,200881,아니오,아니오,태왕아너스로뎀플러스,태왕아너스로뎀플러스,개별난방,아니오,예,북부안전팀,2016-02-22,, 2 월,북구 옥산로 87 (칠성동2가 89-1),,319,1.0,사용,등록,대구광역시 북구 옥산로 87,35.884821666,128.585413501
2531,200882,아니오,아니오,부띠끄시티테라스,테라스오피스텔(부띠그시티테라스),개별난방,아니오,예,경산안전팀,2016-01-27,, 1 월,동구 동부로26길 5 (신천동 331-1),,510,1.0,사용,등록,대구광역시 동구 동부로26길 5,35.875485463,128.628189514
2532,200883,아니오,아니오,대구혁신엘에이치이노힐즈,대구신서B-5BL LH아파트(이노힐즈),신서(집단에너지),아니오,예,경산안전팀,2015-11-16,,11 월,동구 메디밸리로 35 (사복동 838),,487,7.0,사용,등록,대구광역시 동구 메디밸리로 35,35.875353131,128.749275303
2533,200884,아니오,아니오,율하역엘크루아파트,율하역엘크루아파트,개별난방,아니오,예,경산안전팀,2015-11-06,,11 월,동구 안심로7길 7 (용계동 1060),,329,8.0,사용,등록,대구광역시 동구 안심로7길 7,35.872708451,128.690114526
2534,200885,아니오,아니오,효성그린밸리,효성그린밸리,개별난방,아니오,예,경산안전팀,2015-05-04,, 5 월,동구 동촌로11길 35 (검사동 756-452),,64,1.0,사용,등록,대구광역시 동구 동촌로11길 35,35.888722854,128.65226646
2535,200886,아니오,아니오,청솔한아름아파트,이천동주상복합아파트(청솔한아름),개별난방,아니오,예,중부안전팀,2015-06-19,, 6 월,남구 이천로 144 (이천동 407-7),,30,1.0,사용,등록,대구광역시 남구 이천로 144,35.85395802,128.598788573
2536,200887,아니오,아니오,복현3차서한이다음,복현3차서한이다음,개별난방,아니오,예,북부안전팀,2015-11-16,,11 월,북구 복현로 130 (복현동 701),,392,5.0,사용,등록,대구광역시 북구 복현로 130,35.900890267,128.619029568
2537,200888,아니오,아니오,월성협성휴포레,월성 협성휴포레 아파트,개별난방,아니오,예,서부안전팀,2016-05-12,, 5 월,달서구 조암로10길 11 (월성동 1863),,996,11.0,사용,등록,대구광역시 달서구 조암로10길 11,35.825488231,128.520752032
2538,200889,아니오,아니오,효성파크,,개별난방,아니오,아니오,,,,,동구 동촌역사로3길 42 (입석동 893-20),,,,사용,등록,대구광역시 동구 동촌역사로3길 42,35.890766523,128.649590544
2539,200890,아니오,아니오,SG펠리체,SG펠리체(사정),개별난방,아니오,예,경산안전팀,2015-05-28,, 5 월,경산시 중앙로2길 16 (사정동 85-3),,34,4.0,사용,등록,경상북도 경산시 중앙로2길 16,35.81785703,128.728843987
2540,200891,아니오,아니오,대구신서혁신엘에이치천년나무6단지,대구신서A-2BL LH아파트(천년나무6단지),신서(집단에너지),아니오,예,경산안전팀,2015-12-07,,12 월,동구 과학로 23 (각산동 1062),,"1,028",8.0,사용,등록,대구광역시 동구 과학로 23,35.881158857,128.716154513
2541,200892,아니오,아니오,대구테크노폴리스남해오네뜨1차,테크노폴리스남해오네뜨아파트(1차),개별난방,아니오,예,서부안전팀,2015-08-07,, 8 월,달성군 현풍읍 테크노북로4길 11 (중리 480),,792,10.0,사용,등록,대구광역시 달성군 현풍읍 테크노북로4길 11,35.696301579,128.455425844
2542,200893,아니오,아니오,대구테크노폴리스남해오네뜨2차,테크노폴리스 남해오네뜨2차,개별난방,아니오,예,서부안전팀,2015-12-11,,12 월,달성군 유가읍 테크노대로5길 57 (봉리 604),,759,11.0,사용,등록,대구광역시 달성군 유가읍 테크노대로5길 57,35.694893047,128.464476996
2543,200894,아니오,아니오,수성아이위시타워오피스텔,수성I-WISH 타워오피스텔,개별난방,아니오,예,중부안전팀,2015-08-04,, 8 월,수성구 명덕로 410 (수성동2가 175),,84,1.0,사용,등록,대구광역시 수성구 명덕로 410,35.854151839,128.615028782
2544,200895,아니오,아니오,율하롯데캐슬TOPCLASS,율하롯데캐슬아파트,개별난방,아니오,예,경산안전팀,2015-10-20,,10 월,동구 율하서로 23 (율하동 1216),,447,6.0,사용,등록,대구광역시 동구 율하서로 23,35.865595229,128.693090821
2545,200896,아니오,아니오,이편한세상경산신대아파트,경산e편한세상아파트,개별난방,아니오,예,경산안전팀,2015-09-25,, 9 월,경산시 압량읍 압독로 38-10 (신대리 709),,358,6.0,사용,등록,경상북도 경산시 압량읍 압독로 38-10,35.835560149,128.768181978
2546,200897,아니오,아니오,센트럴파크 대현,대현3지구LH아파트(센트럴파크),개별난방,아니오,예,북부안전팀,2016-03-11,, 3 월,북구 대현남로6길 20 (대현동 535),,"1,106",8.0,사용,등록,대구광역시 북구 대현남로6길 20,35.880421226,128.608531446
2547,200898,아니오,아니오,대구테크노폴리스엘에이치천년나무1단지,테크노폴리스LH아파트(A-1BL천년나무1단지),개별난방,아니오,예,서부안전팀,2015-11-23,,11 월,달성군 현풍읍 테크노북로2길 10 (중리 487),,"1,390",8.0,사용,등록,대구광역시 달성군 현풍읍 테크노북로2길 10,35.69132661,128.450370244
2548,200899,아니오,아니오,대구테크노폴리스반도유보라아이비파크,테크노폴리스 반도유보라아파트(아이비파크),개별난방,아니오,예,서부안전팀,2015-11-26,,11 월,달성군 유가읍 테크노대로 195 (봉리 627),,845,12.0,사용,등록,대구광역시 달성군 유가읍 테크노대로 195,35.689969256,128.467399744
2549,200900,아니오,아니오,부림썬빌리지,부림썬빌리지,개별난방,아니오,예,북부안전팀,2016-02-05,, 2 월,서구 서대구로 328 (비산동 1317),,26,1.0,사용,등록,대구광역시 서구 서대구로 328,35.886736274,128.558387153
2550,200901,아니오,아니오,대웅플러스타운,대웅플러스타운,개별난방,아니오,예,경산안전팀,2015-09-24,, 9 월,동구 반야월로30길 15 (신기동 122-3),,41,1.0,사용,등록,대구광역시 동구 반야월로30길 15,35.871938453,128.705063374
2551,200902,아니오,아니오,경산푸르지오,경산푸르지오아파트,개별난방,아니오,예,경산안전팀,2015-10-30,,10 월,경산시 압량읍 압독4로 12 (신대리 703),,754,10.0,사용,등록,경상북도 경산시 압량읍 압독4로 12,35.838196514,128.766951225
2552,200903,아니오,아니오,대구테크노폴리스엘에이치천년나무2단지,테크노폴리스LH아파트(A-2BL천년나무2단지),개별난방,아니오,예,서부안전팀,2015-12-07,,12 월,달성군 현풍읍 테크노북로2길 30 (중리 488),,"1,126",7.0,사용,등록,대구광역시 달성군 현풍읍 테크노북로2길 30,35.691022382,128.4526019
2553,200904,아니오,아니오,동대구파크뷰,동대구신세계시티(파크뷰),개별난방,아니오,예,중부안전팀,2015-12-07,,12 월,동구 신암남로 82 (신암동 207-12),,50,1.0,사용,등록,대구광역시 동구 신암남로 82,35.879547507,128.624982408
2554,200905,아니오,아니오,장미아파트,장미아파트,개별난방,아니오,예,경산안전팀,2015-08-03,, 8 월,수성구 달구벌대로 2494 (범어동 198-6),,24,1.0,사용,등록,대구광역시 수성구 달구벌대로 2494,35.858512455,128.635506341
2555,200906,아니오,아니오,방촌로하스,방촌로하스,개별난방,아니오,예,경산안전팀,2015-07-27,, 7 월,동구 동촌로 169 (방촌동 1010-45),,24,1.0,사용,등록,대구광역시 동구 동촌로 169,35.883822931,128.659337999
2556,200907,아니오,아니오,대구옥포엘에이치천년나무3단지,옥포 B-1BL LH아파트(LH천년나무 3단지),개별난방,아니오,예,서부안전팀,2016-02-03,, 2 월,달성군 옥포읍 돌미로2길 15 (강림리 1133),,791,13.0,사용,등록,대구광역시 달성군 옥포읍 돌미로2길 15,35.777103425,128.438248918
2557,200908,아니오,아니오,코레일빌,동대구역종사원숙소(코레일빌),개별난방,아니오,예,중부안전팀,2015-10-08,,10 월,동구 동부로15길 89 (신암동 294-1),,22,1.0,사용,등록,대구광역시 동구 동부로15길 89,35.877475265,128.622563683
2558,200909,아니오,아니오,금호서한이다음,금호서한이다음아파트,개별난방,아니오,예,북부안전팀,2016-06-01,, 6 월,북구 한강로 17 (사수동 833),,977,9.0,사용,등록,대구광역시 북구 한강로 17,35.897384683,128.512177651
2559,200910,아니오,아니오,사월역파인누리1차,사월역파인누리아파트(1차),개별난방,아니오,예,경산안전팀,2015-10-19,,10 월,수성구 달구벌대로659길 22 (사월동 435-4),,28,1.0,사용,등록,대구광역시 수성구 달구벌대로659길 22,35.837648446,128.718049996
2560,200911,아니오,아니오,경산한신휴플러스아파트,경산한신휴플러스,개별난방,아니오,예,경산안전팀,2015-12-03,,12 월,경산시 압량읍 김유신로 11 (신대리 702),,354,7.0,사용,등록,경상북도 경산시 압량읍 김유신로 11,35.838865894,128.768885326
2561,200912,아니오,아니오,센텀리움,센텀리움,개별난방,아니오,예,중부안전팀,2016-03-11,, 3 월,중구 국채보상로101길 53 (시장북로 9-2),,32,2.0,사용,등록,대구광역시 중구 국채보상로101길 53,35.872616937,128.583196295
2562,200913,아니오,아니오,북죽곡엠코타운더솔레뉴,북죽곡엠코타운더솔레뉴,개별난방,아니오,예,서부안전팀,2016-05-19,, 5 월,달성군 다사읍 세천로 160 (세천리 1588),,"1,096",10.0,사용,등록,대구광역시 달성군 다사읍 세천로 160,35.874417101,128.480233881
2563,200914,아니오,아니오,MH엘퍼스트오페라,오페라하이렉스오피스텔,개별난방,아니오,예,중부안전팀,2015-09-11,, 9 월,북구 침산로21길 41 (칠성동2가 1-2),,396,1.0,사용,등록,대구광역시 북구 침산로21길 41,35.886199411,128.585960352
2564,200915,아니오,아니오,호반베르디움더클래스,호반베르디움2차아파트,개별난방,아니오,예,서부안전팀,2016-03-16,, 3 월,달성군 유가읍 테크노대로5길 80 (봉리 659),,887,13.0,사용,등록,대구광역시 달성군 유가읍 테크노대로5길 80,35.695575235,128.469152596
2565,200916,아니오,아니오,안심역우방아이유쉘,안심역우방아이유쉘아파트,개별난방,아니오,예,경산안전팀,2016-03-29,, 3 월,동구 금강로21길 10 (괴전동 652),,351,4.0,사용,등록,대구광역시 동구 금강로21길 10,35.866079504,128.73367234
2566,200918,아니오,아니오,죽곡한신휴플러스,,개별난방,아니오,아니오,,,,,달성군 다사읍 대실역남로 50 (죽곡리 870),,,,사용,미등록,대구광역시 달성군 다사읍 대실역남로 50,35.852602683,128.464050027
2567,200920,아니오,아니오,수성롯데캐슬더퍼스트3단지,수성롯데캐슬더퍼스트3단지,개별난방,아니오,예,중부안전팀,2015-08-24,, 8 월,수성구 수성로69길 41 (수성동1가 822),,194,2.0,사용,등록,대구광역시 수성구 수성로69길 41,35.855358494,128.610911346
2568,200921,아니오,아니오,대구혁신도시서한이다음3차,혁신도시 서한이다음3차,신서(집단에너지),아니오,예,경산안전팀,2016-03-25,, 3 월,동구 혁신대로 443 (대림동 885),,380,6.0,사용,등록,대구광역시 동구 혁신대로 443,35.874934109,128.745759779
2569,200922,아니오,아니오,대구혁신도시서한이다음4차,혁신도시 서한이다음4차,신서(집단에너지),아니오,예,경산안전팀,2016-03-28,, 3 월,동구 초례로 50 (숙천동 388),,244,7.0,사용,등록,대구광역시 동구 초례로 50,35.878399825,128.752729548
2570,200923,아니오,아니오,대구테크노폴리스화성파크드림,테크노폴리스화성파크드림아파트,개별난방,아니오,예,서부안전팀,2016-07-12,, 7 월,달성군 유가읍 테크노북로 165 (봉리 595),,639,10.0,사용,등록,대구광역시 달성군 유가읍 테크노북로 165,35.697253554,128.461315521
2571,200924,아니오,아니오,해성센트럴파크,해성센트럴파크 주상복합,개별난방,아니오,예,경산안전팀,2015-11-20,,11 월,경산시 경안로33길 2 (중방동 878-7),,56,1.0,사용,등록,경상북도 경산시 경안로33길 2,35.822155855,128.737388148
2572,200926,아니오,아니오,중앙시티라이프,에르하임(중앙시티라이프),개별난방,아니오,예,중부안전팀,2015-11-30,,11 월,중구 국채보상로 543 (상서동 17),,106,1.0,사용,등록,대구광역시 중구 국채보상로 543,35.870746914,128.590180133
2573,200927,아니오,아니오,중방동발트하임,발트하임,개별난방,아니오,예,경산안전팀,2016-01-13,, 1 월,경산시 경안로33길 24 (중방동 873-12),,25,1.0,사용,등록,경상북도 경산시 경안로33길 24,35.821464486,128.734861567
2574,200928,아니오,아니오,대구국가산단반도유보라아이비파크,대구 달성2차 산업단지 반도유보라아파트,개별난방,아니오,예,서부안전팀,2016-10-31,,10 월,달성군 구지면 과학마을로3길 14 (응암리 1199),,813,9.0,사용,등록,대구광역시 달성군 구지면 과학마을로3길 14,35.657925849,128.419739945
2575,200929,아니오,아니오,효성아파트,효성아파트(진량효성),개별난방,아니오,예,경산안전팀,2015-12-24,,12 월,경산시 진량읍 대학로 1062-1 (신상리 754),,56,1.0,사용,등록,경상북도 경산시 진량읍 대학로 1062-1,35.876066437,128.812640789
2576,200930,아니오,아니오,제일풍경채더퍼스트,테크노폴리스 제일풍경채1차(더퍼스트),개별난방,아니오,예,서부안전팀,2016-05-13,, 5 월,달성군 현풍읍 테크노상업로 49 (중리 484),,601,11.0,사용,등록,대구광역시 달성군 현풍읍 테크노상업로 49,35.693194326,128.454034571
2577,200931,아니오,아니오,미진이지비아,옥포 미진이지비아,개별난방,아니오,예,서부안전팀,2017-01-23,, 1 월,달성군 옥포읍 비슬로447길 56 (본리리 2590),,"1,278",10.0,사용,등록,대구광역시 달성군 옥포읍 비슬로447길 56,35.794499708,128.46669448
2578,200932,아니오,아니오,에코폴리스동화아이위시2차,서재2차 동화아이위시,개별난방,아니오,예,서부안전팀,2016-08-11,, 8 월,달성군 다사읍 서재로7길 23 (서재리 1125),,933,8.0,사용,등록,대구광역시 달성군 다사읍 서재로7길 23,35.86809118,128.490662778
2579,200933,아니오,아니오,대구월배2차아이파크,월배2차 I-PARK아파트,지역난방,아니오,예,서부안전팀,2016-05-19,, 5 월,달서구 월배로5길 76 (유천동 612),,"2,134",19.0,사용,등록,대구광역시 달서구 월배로5길 76,35.819193034,128.513598516
2580,200935,아니오,아니오,오성펠리체,비산동오성펠리체,개별난방,아니오,예,중부안전팀,2015-12-09,,12 월,서구 북비산로71길 1 (비산동 39-1),,31,1.0,사용,등록,대구광역시 서구 북비산로71길 1,35.879803532,128.572265987
2581,200936,아니오,아니오,대구역센트럴자이,대구역센트럴자이,개별난방,아니오,예,중부안전팀,2017-09-20,, 9 월,중구 서성로 99 (수창동 173),,"1,245",7.0,사용,등록,대구광역시 중구 서성로 99,35.875437908,128.587530821
2582,200937,아니오,아니오,동진파크뷰,동진파크뷰,개별난방,아니오,예,경산안전팀,2015-12-21,,12 월,동구 반야월로22길 3 (율하동 133-9),,30,1.0,사용,등록,대구광역시 동구 반야월로22길 3,35.872795234,128.699781038
2583,200938,아니오,아니오,옥포대성베르힐4단지,대성베르힐4단지,개별난방,아니오,예,서부안전팀,2016-09-09,, 9 월,달성군 옥포읍 돌미로 70 (교항리 2964),,"1,067",19.0,사용,등록,대구광역시 달성군 옥포읍 돌미로 70,35.779443305,128.441484792
2584,200939,아니오,아니오,동촌미소타운,제이원아파트(동촌미소),개별난방,아니오,예,경산안전팀,2015-12-24,,12 월,동구 동촌역사로2길 5 (검사동 756-437),,48,1.0,사용,등록,대구광역시 동구 동촌역사로2길 5,35.88774987,128.65413321
2585,200940,아니오,아니오,에스지펠리체,SG펠리체,개별난방,아니오,예,경산안전팀,2015-10-27,,10 월,동구 신암남로28길 16 (신암동 351-12),,42,1.0,사용,등록,대구광역시 동구 신암남로28길 16,35.88187674,128.631859366
2586,200941,아니오,아니오,동호동오피스텔,,개별난방,아니오,아니오,,,,,동구 경안로 706-13 (동호동 354),,,,사용,미등록,대구광역시 동구 경안로 706-13,35.865345026,128.715385627
2587,200942,아니오,아니오,본리아델하임시티,본리동아델하임시티,개별난방,아니오,예,서부안전팀,2015-11-19,,11 월,달서구 와룡로16길 27-7 (본리동 366-4),,40,1.0,사용,등록,대구광역시 달서구 와룡로16길 27-7,35.839624614,128.538565574
2588,200943,아니오,아니오,경원BD한우리타운,한우리타운,개별난방,아니오,예,북부안전팀,2015-11-02,,11 월,북구 태전로 9 (태전동 158),,24,1.0,사용,등록,대구광역시 북구 태전로 9,35.921376062,128.545453319
2589,200944,아니오,아니오,나나바루아,대명동아파트,개별난방,아니오,예,중부안전팀,2015-10-15,,10 월,남구 대명복개로4길 104 (대명동 1623-6),,36,1.0,사용,등록,대구광역시 남구 대명복개로4길 104,35.839857037,128.565435044
2590,200945,아니오,아니오,파크하임,본리늘푸르리아파트(본리파크하임),개별난방,아니오,예,서부안전팀,2016-02-22,, 2 월,달서구 대명천로43길 46 (본리동 392),,33,1.0,사용,등록,대구광역시 달서구 대명천로43길 46,35.839694266,128.535783831
2591,200946,아니오,아니오,조은사람조은집,조은사람조은집,개별난방,아니오,예,경산안전팀,2015-10-30,,10 월,경산시 삼성현로37길 5 (사정동 254-1),,24,3.0,사용,등록,경상북도 경산시 삼성현로37길 5,35.817001285,128.723669738
2592,200947,아니오,아니오,태전역더뉴클래스,태전역더뉴클래스,개별난방,아니오,예,북부안전팀,2016-03-28,, 3 월,북구 태전로 1 (태전동 206-10),,118,2.0,사용,등록,대구광역시 북구 태전로 1,35.920341728,128.545909815
2593,200948,아니오,아니오,대구혁신도시서원프레시빌,서원프레시빌,개별난방,아니오,예,경산안전팀,2016-05-26,, 5 월,동구 반야월북로27길 21-8 (각산동 909),,154,3.0,사용,등록,대구광역시 동구 반야월북로27길 21-8,35.875336098,128.712251884
2594,200949,아니오,아니오,대구메디스퀘어,대구메디스퀘어,개별난방,아니오,예,중부안전팀,2016-07-22,, 7 월,중구 달구벌대로 2094 (남산동 927-9),,162,1.0,사용,등록,대구광역시 중구 달구벌대로 2094,35.865281114,128.59258865
2595,200950,아니오,아니오,대화타워펠리스Ⅱ,대화타워펠레스2,개별난방,아니오,예,경산안전팀,2016-04-22,, 4 월,경산시 경안로39길 49 (중방동 328-1),,75,1.0,사용,등록,경상북도 경산시 경안로39길 49,35.822299575,128.732468685
2596,200951,아니오,아니오,불로서한이다음,불로서한이다음아파트,개별난방,아니오,예,경산안전팀,2016-08-19,, 8 월,동구 공항로 148 (불로동 962),,299,6.0,사용,등록,대구광역시 동구 공항로 148,35.899643429,128.631295871
2597,200952,아니오,아니오,엘리시아,엘리시아,개별난방,아니오,예,북부안전팀,2016-03-14,, 3 월,북구 칠곡중앙대로51길 36 (태전동 647-4),,18,1.0,사용,등록,대구광역시 북구 칠곡중앙대로51길 36,35.916947274,128.544960857
2598,200953,아니오,아니오,(주)서한,,개별난방,아니오,아니오,,,,,동구 공항로 148 (불로동 962),,,,사용,미등록,대구광역시 동구 공항로 148,35.899643429,128.631295871
2599,200954,아니오,아니오,하양코아루,하양코아루아파트,개별난방,아니오,예,경산안전팀,2016-03-18,, 3 월,경산시 하양읍 하양로37길 17 (동서리 1216),,314,4.0,사용,등록,경상북도 경산시 하양읍 하양로37길 17,35.918713736,128.826840051
2600,200955,아니오,아니오,교대역동서프라임36.5,교대역 동서프라임 36.5,개별난방,아니오,예,중부안전팀,2017-03-30,, 3 월,남구 이천로19길 81 (대명동 3060),,268,4.0,사용,등록,대구광역시 남구 이천로19길 81,35.851054727,128.593776199
2601,200956,아니오,아니오,침산화성파크드림,침산화성파크드림,개별난방,아니오,예,북부안전팀,2017-08-17,, 8 월,북구 성북로 70 (침산동 1761),,"1,640",8.0,사용,등록,대구광역시 북구 성북로 70,35.89206773,128.5921229
2602,200957,아니오,아니오,강산애아파트2차,강산애아파트2차,개별난방,아니오,예,경산안전팀,2016-11-30,,11 월,경산시 청운2로 74 (조영동 572-1),,79,2.0,사용,등록,경상북도 경산시 청운2로 74,35.842630537,128.756425192
2603,200958,아니오,예,,칠곡3지구현대2차(101-103동),개별난방,아니오,예,북부안전팀,2001-05-23,, 5 월,북구 구리로 254 (국우동 1110-3),,,,사용,,대구광역시 북구 구리로 254,35.94777995,128.577384182
2604,200959,아니오,예,,지산시영5단지,개별난방,아니오,예,경산안전팀,1991-10-24,,10 월,수성구 용학로 325 (지산동 1297),,,,사용,,대구광역시 수성구 용학로 325,35.824078384,128.642454309
2605,200960,아니오,아니오,펜타힐즈더샵1차,경산 포스코 펜타힐즈더샵 1차,개별난방,아니오,예,경산안전팀,2017-04-04,, 4 월,경산시 펜타힐즈2로 60 (중산동 643),,"1,696",9.0,사용,등록,경상북도 경산시 펜타힐즈2로 60,35.828147582,128.720792285
2606,200961,아니오,아니오,동대구역부띠끄시티드라마오피스텔,드라마오피스텔(부띠끄시티),개별난방,아니오,예,경산안전팀,2015-12-07,,12 월,동구 동부로26길 16 (신천동 326-21),,326,1.0,사용,등록,대구광역시 동구 동부로26길 16,35.874706876,128.627620927
2607,200963,아니오,아니오,리버팰리스,리버펠리스,개별난방,아니오,예,북부안전팀,2016-04-25,, 4 월,북구 한강로8길 13-17 (금호동 817),,29,1.0,사용,등록,대구광역시 북구 한강로8길 13-17,35.895001766,128.519789047
2608,200964,아니오,아니오,범어라온프라이빗,범어동라온프라이빗,개별난방,아니오,예,중부안전팀,2016-10-17,,10 월,수성구 동대구로55길 11 (범어동 775-14),,207,3.0,사용,등록,대구광역시 수성구 동대구로55길 11,35.854021042,128.623923982
2609,200965,아니오,아니오,만촌신동아파밀리에,신동아파밀리에,개별난방,아니오,예,경산안전팀,2016-06-30,, 6 월,수성구 화랑로34길 173 (만촌동 276-1),,92,2.0,사용,등록,대구광역시 수성구 화랑로34길 173,35.873640983,128.654754229
2610,200966,아니오,아니오,펠리체,본리동 펠리체,개별난방,아니오,예,서부안전팀,2016-05-24,, 5 월,달서구 와룡로16길 27-3 (본리동 366-5),,49,1.0,사용,등록,대구광역시 달서구 와룡로16길 27-3,35.839435729,128.538543204
2611,200967,아니오,아니오,드림팰리스,드림펠리스,개별난방,아니오,예,중부안전팀,2016-06-30,, 6 월,남구 대명로 83 (대명동 1623-14),,36,1.0,사용,등록,대구광역시 남구 대명로 83,35.839685413,128.566968469
2612,200968,아니오,아니오,장기협성휴포레,장기동협성휴포레,개별난방,아니오,예,서부안전팀,2016-07-19,, 7 월,달서구 장기로 252 (장기동 535),,155,2.0,사용,등록,대구광역시 달서구 장기로 252,35.84413972,128.53272101
2613,200969,아니오,아니오,영남대역코아루더테라스,영남대역 코아루 더 테라스,개별난방,아니오,예,경산안전팀,2016-06-03,, 6 월,경산시 궁당로 55 (임당동 522),,148,4.0,사용,등록,경상북도 경산시 궁당로 55,35.844069353,128.749564307
2614,200970,아니오,아니오,다산펠리스,다산펠리스,개별난방,아니오,예,서부안전팀,2016-04-14,, 4 월,고령군 다산면 상곡길 41 (상곡리 151-4),,27,1.0,사용,등록,경상북도 고령군 다산면 상곡길 41,35.824231853,128.449693236
2615,200971,아니오,아니오,과학마을청아람,과학마을청아람아파트,개별난방,아니오,예,서부안전팀,2016-10-07,,10 월,달성군 구지면 과학마을로 70 (응암리 1210),,895,9.0,사용,등록,대구광역시 달성군 구지면 과학마을로 70,35.655752351,128.420388285
2616,200972,아니오,아니오,만촌3차화성파크드림,만촌3차화성파크드림,개별난방,아니오,예,경산안전팀,2016-03-18,, 3 월,수성구 교학로 13 (만촌동 1479),,410,5.0,사용,등록,대구광역시 수성구 교학로 13,35.853849678,128.652944594
2617,200973,아니오,아니오,더테라스,다채움아파트(더 테라스),개별난방,아니오,예,경산안전팀,2016-08-19,, 8 월,수성구 화랑로 158 (만촌동 1331-2),,22,1.0,사용,등록,대구광역시 수성구 화랑로 158,35.875189621,128.643262705
2618,200974,아니오,아니오,신서공원아파트,신서동 공원아파트,개별난방,아니오,예,경산안전팀,2016-07-12,, 7 월,동구 반야월북로 312 (신서동 468-4),,31,1.0,사용,등록,대구광역시 동구 반야월북로 312,35.872547753,128.731606891
2619,200975,아니오,아니오,대구금호엘에이치천년나무5단지,대구금호A-3BL LH아파트(천년나무 5단지),개별난방,아니오,예,북부안전팀,2016-11-14,,11 월,북구 내곡로 69 (사수동 787),,"1,252",7.0,사용,등록,대구광역시 북구 내곡로 69,35.902290872,128.511803385
2620,200976,아니오,아니오,대구신서혁신엘에이치천년나무13단지,대구신서A-5BL아파트(천년나무 13단지),신서(집단에너지),아니오,예,경산안전팀,2016-08-19,, 8 월,동구 초례로 66 (숙천동 386),,340,3.0,사용,등록,대구광역시 동구 초례로 66,35.881673184,128.752631534
2621,200977,아니오,아니오,대구신서혁신엘에이치천년나무14단지,대구신서A-6BL아파트(천년나무 14단지),신서(집단에너지),아니오,예,경산안전팀,2016-08-19,, 8 월,동구 초례로16길 3 (숙천동 381),,178,2.0,사용,등록,대구광역시 동구 초례로16길 3,35.882791165,128.752308925
2622,200978,아니오,아니오,비아리츠아파트,비아리츠아파트,개별난방,아니오,예,경산안전팀,2016-05-11,, 5 월,동구 공항로45길 8 (지저동 666-2),,24,1.0,사용,등록,대구광역시 동구 공항로45길 8,35.897058863,128.640634024
2623,200979,아니오,아니오,수성아이파크,수성 I-PARK 아파트,개별난방,아니오,예,중부안전팀,2016-08-26,, 8 월,수성구 파동로22길 15 (파동 1000),,455,6.0,사용,등록,대구광역시 수성구 파동로22길 15,35.813323654,128.617998742
2624,200980,아니오,아니오,대구역유림노르웨이숲,대구역유림노르웨이숲,개별난방,아니오,예,북부안전팀,2017-10-27,,10 월,북구 칠성남로26길 11 (칠성동2가 736),,368,3.0,사용,등록,대구광역시 북구 칠성남로26길 11,35.877204881,128.592852826
2625,200981,아니오,아니오,죽곡한신휴플러스,죽곡한신휴플러스아파트,CES(집단에너지),아니오,예,서부안전팀,2016-04-14,, 4 월,달성군 다사읍 대실역남로 50 (죽곡리 870),,933,7.0,사용,등록,대구광역시 달성군 다사읍 대실역남로 50,35.852602683,128.464050027
2626,200982,아니오,아니오,DH아인스,DH아인스,개별난방,아니오,예,경산안전팀,2016-10-07,,10 월,동구 효목로 47 (효목동 354-2),,22,1.0,사용,등록,대구광역시 동구 효목로 47,35.877637983,128.639694606
2627,200983,아니오,아니오,오성파크2차,오성파크빌2차,개별난방,아니오,예,경산안전팀,2016-11-29,,11 월,동구 장등로 46 (신천동 101-4),,72,1.0,사용,등록,대구광역시 동구 장등로 46,35.87139635,128.62414028
2628,200984,아니오,아니오,에코폴리스동화아이위시3차,서재3차동화아이위시아파트,개별난방,아니오,예,서부안전팀,2017-06-08,, 6 월,달성군 다사읍 서재로7길 25 (서재리 1131),,"1,553",15.0,사용,등록,대구광역시 달성군 다사읍 서재로7길 25,35.868657894,128.489018607
2629,200985,아니오,아니오,로뎀아파트,로뎀아파트,개별난방,아니오,예,서부안전팀,2016-08-22,, 8 월,달서구 월배로23길 60 (진천동 559-2),,39,1.0,사용,등록,대구광역시 달서구 월배로23길 60,35.81736465,128.525706455
2630,200986,아니오,아니오,칸타빌,칸타빌평리아파트,개별난방,아니오,예,서부안전팀,2016-07-12,, 7 월,서구 서대구로 152-1 (평리동 1094-5),,42,1.0,사용,등록,대구광역시 서구 서대구로 152-1,35.871591027,128.555315356
2631,200987,아니오,아니오,대구금호엘에이치천년나무8단지,대구금호A-2블럭LH아파트(LH천년나무 8단지),개별난방,아니오,예,북부안전팀,2016-03-14,, 3 월,북구 내곡로 15 (사수동 771),,"1,022",6.0,사용,등록,대구광역시 북구 내곡로 15,35.898945004,128.508846992
2632,200988,아니오,아니오,태왕아너스리버파크,태왕아너스리버파크,개별난방,아니오,예,경산안전팀,2016-09-30,, 9 월,동구 공항로54길 51 (지저동 931),,132,2.0,사용,등록,대구광역시 동구 공항로54길 51,35.891954986,128.639533533
2633,200989,아니오,아니오,이편한세상대구금호,대구금호이편한세상,개별난방,아니오,예,북부안전팀,2017-03-21,, 3 월,북구 내곡로 49 (사수동 784),,602,7.0,사용,등록,대구광역시 북구 내곡로 49,35.900549541,128.509670584
2634,200990,아니오,아니오,킹스턴파크,킹스턴파크,개별난방,아니오,예,서부안전팀,2016-12-01,,12 월,서구 서대구로 42 (내당동 244-10),,42,1.0,사용,등록,대구광역시 서구 서대구로 42,35.861722289,128.556812132
2635,200991,아니오,아니오,세천삼정그린코아더베스트아파트1단지,북죽곡 삼정그린코아 더베스트 1단지,CES(집단에너지),아니오,예,경산안전팀,2017-02-08,, 2 월,달성군 다사읍 세천북로 10 (세천리 1566-3),,316,5.0,사용,등록,대구광역시 달성군 다사읍 세천북로 10,35.875824234,128.479822344
2636,200992,아니오,아니오,세천삼정그린코아더베스트아파트2단지,북죽곡 삼정그린코아 더베스트 2단지,CES(집단에너지),아니오,예,서부안전팀,2017-02-08,, 2 월,달성군 다사읍 세천북로 20 (세천리 1566-2),,254,3.0,사용,등록,대구광역시 달성군 다사읍 세천북로 20,35.876409849,128.479335788
2637,200993,아니오,아니오,만촌역태왕아너스,만촌역태왕아너스,개별난방,아니오,예,경산안전팀,2016-09-07,, 9 월,수성구 달구벌대로522길 17 (만촌동 1481),,69,1.0,사용,등록,대구광역시 수성구 달구벌대로522길 17,35.856833888,128.647924436
2638,200994,아니오,아니오,대구테크노폴리스엘에이치천년나무3단지,대구테크노폴리스LH천년나무3단지(A-7BL),개별난방,아니오,예,서부안전팀,2017-02-20,, 2 월,달성군 현풍읍 테크노북로4길 27 (중리 481),,"1,022",4.0,사용,등록,대구광역시 달성군 현풍읍 테크노북로4길 27,35.69411032,128.456160943
2639,200995,아니오,아니오,현우팰리스,현우팰리스아파트,개별난방,아니오,예,중부안전팀,2016-09-02,, 9 월,남구 대명로 140 (대명동 910-1),,100,2.0,사용,등록,대구광역시 남구 대명로 140,35.838916924,128.572872863
2640,200996,아니오,아니오,경산풀리비에,경산폴리비에,개별난방,아니오,예,경산안전팀,2017-02-16,, 2 월,경산시 옥산로 49 (사정동 326),,110,3.0,사용,등록,경상북도 경산시 옥산로 49,35.819378344,128.726654817
2641,200997,아니오,아니오,갤러리아수아파트,갤러리아 수,개별난방,아니오,예,북부안전팀,2016-10-26,,10 월,북구 침산로 246 (침산동 620-7),,68,1.0,사용,등록,대구광역시 북구 침산로 246,35.897962825,128.589465728
2642,200998,아니오,아니오,미소타운,미소시티오피스텔,개별난방,아니오,예,서부안전팀,2016-12-06,,12 월,달서구 달구벌대로251안길 10 (이곡동 1220-15),,37,1.0,사용,등록,대구광역시 달서구 달구벌대로251안길 10,35.852361591,128.506131432
2643,200999,아니오,아니오,매천역더뉴클래스,매천역 더 뉴클래스,개별난방,아니오,예,북부안전팀,2017-06-20,, 6 월,북구 학정로 17-26 (태전동 1212),,144,3.0,사용,등록,대구광역시 북구 학정로 17-26,35.91496961,128.54496413
2644,201000,아니오,아니오,현대썬앤빌,북죽곡 현대썬앤빌,CES(집단에너지),아니오,예,서부안전팀,2017-01-25,, 1 월,달성군 다사읍 세천로 182-10 (세천리 1587),,283,3.0,사용,등록,대구광역시 달성군 다사읍 세천로 182-10,35.873477192,128.480046274
2645,201001,아니오,아니오,궁전맨션,동화궁전맨션,개별난방,아니오,예,서부안전팀,2016-07-26,, 7 월,고령군 대가야읍 중앙로 3 (쾌빈리 433-1),,165,2.0,사용,등록,경상북도 고령군 대가야읍 중앙로 3,35.731677381,128.267863585
2646,201002,아니오,아니오,소망모자원,소망모자원,개별난방,아니오,예,서부안전팀,2016-06-28,, 6 월,서구 새방로25길 46 (상리동 644-3),,56,2.0,사용,미등록,대구광역시 서구 새방로25길 46,35.866214411,128.525429403
2647,201003,아니오,아니오,대구테크노폴리스4단지,대구 테크노 A-10BL. 아파트(테크노폴리스4단지),개별난방,아니오,예,서부안전팀,2017-05-26,, 5 월,달성군 유가읍 테크노상업로 111 (봉리 602),,922,9.0,사용,등록,대구광역시 달성군 유가읍 테크노상업로 111,35.694837166,128.461291792
2648,201004,아니오,아니오,대구노원한신더휴,대구 노원1단지 LH(노원한신더휴),개별난방,아니오,예,북부안전팀,2017-06-08,, 6 월,북구 노원로10길 40 (노원동3가 1227),,"1,580",12.0,사용,등록,대구광역시 북구 노원로10길 40,35.891275979,128.570018773
2649,201005,아니오,아니오,동촌모노스,모노스아파트,개별난방,아니오,예,경산안전팀,2017-04-20,, 4 월,동구 동촌역사로3길 5 (검사동 756-447),,32,1.0,사용,등록,대구광역시 동구 동촌역사로3길 5,35.888667988,128.652847715
2650,201006,아니오,아니오,각산역더뉴클래스3차,각산역 더 뉴클래스 3차,개별난방,아니오,예,경산안전팀,2017-10-11,,10 월,동구 신서로 75 (신서동 1013-2),,76,1.0,사용,등록,대구광역시 동구 신서로 75,35.874731732,128.723497847
2651,201007,아니오,아니오,우진스카이,노원동아파트(우진SKY),개별난방,아니오,예,북부안전팀,2016-12-09,,12 월,북구 오봉로 36-9 (노원동1가 153),,30,1.0,사용,등록,대구광역시 북구 오봉로 36-9,35.890832562,128.57802724
2652,201008,아니오,아니오,옥포이진캐스빌,옥포이진캐스빌,개별난방,아니오,예,서부안전팀,2016-12-30,,12 월,달성군 옥포읍 비슬로 2001 (교항리 2892),,474,9.0,사용,등록,대구광역시 달성군 옥포읍 비슬로 2001,35.783158927,128.441288422
2653,201009,아니오,아니오,효성노블시티,효성노블시티(서호동아파트),개별난방,아니오,예,경산안전팀,2016-11-08,,11 월,동구 경안로109길 41 (서호동 7-15),,60,1.0,사용,등록,대구광역시 동구 경안로109길 41,35.871429175,128.709288815
2654,201010,아니오,아니오,도담도담채아파트,도담도담채 아파트,개별난방,아니오,예,서부안전팀,2016-11-29,,11 월,달서구 와룡로16길 27-18 (본리동 368-1),,25,1.0,사용,등록,대구광역시 달서구 와룡로16길 27-18,35.840010919,128.538913436
2655,201011,아니오,아니오,수정아파트,수정맨션1차,개별난방,아니오,예,서부안전팀,2017-03-02,, 3 월,고령군 대가야읍 주산순환길 157 (연조리 183),,95,4.0,사용,등록,경상북도 고령군 대가야읍 주산순환길 157,35.733300544,128.267400484
2656,201012,아니오,아니오,수정아파트,수정맨션2차,개별난방,아니오,예,서부안전팀,2017-02-27,, 2 월,고령군 대가야읍 주산순환길 156 (연조리 183-4),,73,2.0,사용,등록,경상북도 고령군 대가야읍 주산순환길 156,35.732496934,128.267489432
2657,201013,아니오,아니오,마크팰리스범어,마크팰리스 범어,개별난방,아니오,예,경산안전팀,2017-09-22,, 9 월,수성구 동대구로 336 (범어동 177-3),,890,1.0,사용,등록,대구광역시 수성구 동대구로 336,35.860341295,128.627350296
2658,201014,아니오,아니오,대구테크노폴리스일동미라주더파크,테크노폴리스 일동미라주,개별난방,아니오,예,서부안전팀,2016-11-24,,11 월,달성군 현풍읍 테크노북로2길 9 (중리 485),,870,10.0,사용,등록,대구광역시 달성군 현풍읍 테크노북로2길 9,35.69234561,128.450234787
2659,201015,아니오,아니오,스카이더뷰아파트,신기스카이뷰,개별난방,아니오,예,경산안전팀,2016-11-17,,11 월,동구 반야월로26길 12 (신기동 160-39),,28,1.0,사용,등록,대구광역시 동구 반야월로26길 12,35.872496902,128.701137775
2660,201016,아니오,아니오,브라운스톤범어,브라운스톤범어,개별난방,아니오,예,경산안전팀,2017-04-18,, 4 월,수성구 동대구로 354 (범어동 175-1),,440,2.0,사용,등록,대구광역시 수성구 동대구로 354,35.861763995,128.627637323
2661,201018,아니오,아니오,수목원서한이다음아파트,수목원 서한이다음,지역난방,아니오,예,서부안전팀,2018-03-02,, 3 월,달서구 한실로6길 123 (대곡동 1126),,849,12.0,사용,등록,대구광역시 달서구 한실로6길 123,35.796233032,128.530165574
2662,201019,아니오,아니오,가야아파트,가야아파트,개별난방,아니오,예,서부안전팀,2017-09-28,, 9 월,고령군 대가야읍 연조2길 23 (연조리 486-1),,50,2.0,사용,등록,경상북도 고령군 대가야읍 연조2길 23,35.731724326,128.26428632
2663,201020,아니오,아니오,하양2차코아루,경산하양코아루2차,개별난방,아니오,예,경산안전팀,2016-12-06,,12 월,경산시 하양읍 하양로37길 19 (동서리 1218),,441,6.0,사용,등록,경상북도 경산시 하양읍 하양로37길 19,35.919263839,128.826863247
2664,201021,아니오,아니오,더테라스,더테라스(대명동주상복합),개별난방,아니오,예,중부안전팀,2017-02-13,, 2 월,남구 현충로 245 (대명동 2137-3),,28,1.0,사용,등록,대구광역시 남구 현충로 245,35.854320482,128.582756009
2665,201022,아니오,아니오,SG펠리체,SG펠리체(내당),개별난방,아니오,예,서부안전팀,2016-12-29,,12 월,서구 달구벌대로371길 20-1 (내당동 908-9),,60,5.0,사용,등록,대구광역시 서구 달구벌대로371길 20-1,35.86254941,128.567499785
2666,201023,아니오,아니오,하양코아루3차,하양코아루3차,개별난방,아니오,예,경산안전팀,2017-08-28,, 8 월,경산시 하양읍 하양로37길 33 (동서리 1220),,212,4.0,사용,등록,경상북도 경산시 하양읍 하양로37길 33,35.919933843,128.828621395
2667,201024,아니오,아니오,제일풍경채센트럴,테크노폴리스 제일풍경채2아파트,개별난방,아니오,예,서부안전팀,2016-11-15,,11 월,달성군 유가읍 테크노대로 165 (봉리 625),,"1,029",16.0,사용,등록,대구광역시 달성군 유가읍 테크노대로 165,35.691325967,128.464355375
2668,201025,아니오,예,,.,CES(집단에너지),아니오,아니오,서부안전팀,2017-06-27,,,달성군 다사읍 세천남로 35 (세천리 1703-1),,"1,457",15.0,사용,,대구광역시 달성군 다사읍 세천남로 35,35.870246042,128.478557841
2669,201026,아니오,아니오,조은아트빌,본동오피스텔(조은아트빌),개별난방,아니오,예,서부안전팀,2017-03-09,, 3 월,달서구 와룡로 33 (본동 888-2),,46,1.0,사용,등록,대구광역시 달서구 와룡로 33,35.842273455,128.539075699
2670,201028,아니오,아니오,평리힐스2차,평리힐스2차,개별난방,아니오,예,서부안전팀,2017-02-01,, 2 월,서구 북비산로 260 (평리동 669-5),,52,1.0,사용,등록,대구광역시 서구 북비산로 260,35.878943357,128.561686624
2671,201029,아니오,아니오,퍼플하임수성,,중앙난방(가스),아니오,아니오,,,,,수성구 청수로 108 (두산동 13),,,,사용,미등록,대구광역시 수성구 청수로 108,35.839800879,128.619826968
2672,201031,아니오,아니오,해피리버아파트,해피리버아파트,개별난방,아니오,예,서부안전팀,2016-12-26,,12 월,달성군 다사읍 세천북로7길 14-5 (세천리 133),,32,1.0,사용,등록,대구광역시 달성군 다사읍 세천북로7길 14-5,35.876730319,128.476417399
2673,201032,아니오,아니오,대구경북과학기술원기숙사,"대구경북과학기술원기숙사(205,206,207동)",개별난방,아니오,예,서부안전팀,2017-01-26,, 1 월,달성군 현풍읍 테크노중앙대로 333 (상리 50-1),,545,3.0,사용,미등록,대구광역시 달성군 현풍읍 테크노중앙대로 333,35.704926213,128.456255249
2674,201033,아니오,아니오,대구신서혁신LH천년나무10단지,대구신서A-3BL아파트(천년나무 10단지),신서(집단에너지),아니오,예,경산안전팀,2016-12-08,,12 월,동구 메디밸리로 18 (사복동 851),,"1,100",6.0,사용,등록,대구광역시 동구 메디밸리로 18,35.874191562,128.750127418
2675,201034,아니오,아니오,동대구반도유보라,신천동 반도유보라,개별난방,아니오,예,경산안전팀,2017-11-30,,11 월,동구 송라로16길 11 (신천동 1507),,764,9.0,사용,등록,대구광역시 동구 송라로16길 11,35.875695265,128.617770554
2676,201035,아니오,아니오,태왕아너스리버파크2차,태왕아너스리버파크2차,개별난방,아니오,예,경산안전팀,2017-05-11,, 5 월,동구 공항로54길 60 (지저동 932),,78,1.0,사용,등록,대구광역시 동구 공항로54길 60,35.892086388,128.639036092
2677,201039,예,아니오,칠성연합빌라,,개별난방,아니오,아니오,,,,,북구 칠성시장로 87-48 (칠성동2가 402-8),,16,2.0,사용,등록,대구광역시 북구 칠성시장로 87-48,35.882599812,128.600219993
2678,201040,예,아니오,칠성연합빌라,,개별난방,아니오,아니오,,,,,북구 칠성시장로 87-50 (칠성동2가 402-7),,16,1.0,사용,등록,대구광역시 북구 칠성시장로 87-50,35.882753043,128.60007531
2679,201041,예,아니오,칠성연합빌라,,개별난방,아니오,아니오,,,,,북구 칠성시장로 87-52 (칠성동2가 402-6),,8,1.0,사용,등록,대구광역시 북구 칠성시장로 87-52,35.882683875,128.599869634
2680,201042,아니오,아니오,신암W스퀘어,동구 신암동 W스퀘어,개별난방,아니오,예,중부안전팀,2017-09-01,, 9 월,동구 신암남로 103 (신암동 259-6),,151,1.0,사용,등록,대구광역시 동구 신암남로 103,35.880743004,128.62718065
2681,201043,아니오,아니오,각산서한이다음,각산동 서한이다음,개별난방,아니오,예,북부안전팀,2017-12-28,,12 월,동구 반야월북로 167 (각산동 1177),,372,5.0,사용,등록,대구광역시 동구 반야월북로 167,35.873370721,128.715906297
2682,201044,아니오,아니오,칸타빌황금아파트,황금칸타빌,개별난방,아니오,예,중부안전팀,2017-02-13,, 2 월,수성구 희망로 215 (황금동 687-1),,22,1.0,사용,등록,대구광역시 수성구 희망로 215,35.846513613,128.622521936
2683,201045,아니오,아니오,안심역코오롱하늘채,안심역코오롱하늘채,개별난방,아니오,예,경산안전팀,2017-10-20,,10 월,동구 금강로21길 30 (괴전동 654),,728,8.0,사용,등록,대구광역시 동구 금강로21길 30,35.866606082,128.733090496
2684,201046,아니오,아니오,대구역서원프레시빌,대구역 서원 프레시빌,개별난방,아니오,예,북부안전팀,2017-06-13,, 6 월,북구 칠성남로 176 (칠성동2가 302-105),,204,2.0,사용,등록,대구광역시 북구 칠성남로 176,35.876567301,128.599495522
2685,201047,아니오,아니오,이안경산진량아파트,경산이안아파트,개별난방,아니오,예,경산안전팀,2017-09-20,, 9 월,경산시 진량읍 일연로 747 (선화리 1990),,540,6.0,사용,등록,경상북도 경산시 진량읍 일연로 747,35.8758618,128.803773074
2686,201048,아니오,아니오,월배역라온프라이빗,월배역 라온프라이빗,지역난방,아니오,예,서부안전팀,2018-01-10,, 1 월,달서구 월배로33길 53 (진천동 72),,258,4.0,사용,등록,대구광역시 달서구 월배로33길 53,35.817488565,128.528811279
2687,201049,아니오,아니오,한라하우젠트센트럴파크,한라하우젠트센트럴파크,개별난방,아니오,예,서부안전팀,2017-07-05,, 7 월,달성군 유가읍 테크노중앙대로 240 (봉리 606-2),,299,1.0,사용,등록,대구광역시 달성군 유가읍 테크노중앙대로 240,35.692170804,128.45822813
2688,201050,아니오,아니오,제일풍경채프라임,제일풍경채프라임(세천),CES(집단에너지),아니오,예,서부안전팀,2017-06-27,, 6 월,달성군 다사읍 세천남로 35 (세천리 1703-1),,"1,457",15.0,사용,등록,대구광역시 달성군 다사읍 세천남로 35,35.870246042,128.478557841
2689,201051,아니오,아니오,대실역 태왕아너스,죽곡청아람5단지(태왕아너스),CES(집단에너지),아니오,예,서부안전팀,2017-08-10,, 8 월,달성군 다사읍 대실역남로 11 (죽곡리 814),,742,7.0,사용,등록,대구광역시 달성군 다사읍 대실역남로 11,35.856305621,128.465383844
2690,201052,아니오,아니오,대구옥포르상트레빌,대구옥포S-1BL 아파트(르상트레빌),개별난방,아니오,예,서부안전팀,2019-05-24,, 5 월,달성군 옥포읍 금계길 12 (교항리 3008),,442,7.0,사용,등록,대구광역시 달성군 옥포읍 금계길 12,35.784485958,128.448052806
2691,201053,아니오,아니오,화인탑펠리스,탑팰리스,개별난방,아니오,예,북부안전팀,2017-07-03,, 7 월,북구 옥산로 95 (칠성동2가 90),,26,1.0,사용,등록,대구광역시 북구 옥산로 95,35.884704114,128.58603048
2692,201054,아니오,아니오,e편한세상대신,대신e편한세상아파트,개별난방,아니오,예,중부안전팀,2018-05-25,, 5 월,중구 달구벌대로 1943 (대신동 2110),,467,7.0,사용,등록,대구광역시 중구 달구벌대로 1943,35.863602293,128.576826855
2693,201055,아니오,아니오,대구혁신센텀힐즈,대구신서A-7BL LH아파트(혁신센텀힐즈),신서(집단에너지),아니오,예,경산안전팀,2017-10-23,,10 월,동구 혁신대로 450 (대림동 887),,822,8.0,사용,등록,대구광역시 동구 혁신대로 450,35.873354437,128.745521701
2694,201056,아니오,아니오,토담주택,토담아파트,개별난방,아니오,예,서부안전팀,2017-07-26,, 7 월,고령군 대가야읍 쾌빈3길 11 (쾌빈리 590),,49,1.0,사용,등록,경상북도 고령군 대가야읍 쾌빈3길 11,35.733318768,128.271300296
2695,201057,아니오,아니오,동양블루스카이,동양블루스카이,개별난방,아니오,예,경산안전팀,2017-07-19,, 7 월,동구 신암남로 146 (신암동 348-1),,30,1.0,사용,등록,대구광역시 동구 신암남로 146,35.882307385,128.630865042
2696,201058,아니오,아니오,대구혁신LH4단지,대구신서혁신 A-1BL 아파트(LH4단지),신서(집단에너지),아니오,예,경산안전팀,2017-06-26,, 6 월,동구 경안로 956 (각산동 1054),,572,7.0,사용,등록,대구광역시 동구 경안로 956,35.886036127,128.719231456
2697,201059,아니오,아니오,협성휴포레강북아파트,협성휴포레강북,개별난방,아니오,예,북부안전팀,2017-05-24,, 5 월,북구 태암남로 60 (태전동 1186),,756,8.0,사용,등록,대구광역시 북구 태암남로 60,35.921742606,128.551196781
2698,201060,아니오,아니오,센트럴시티오피스텔,센트럴타워 오피스텔(하서동 오피스텔),개별난방,아니오,예,중부안전팀,2017-09-26,, 9 월,중구 국채보상로 522 (하서동 34-2),,398,1.0,사용,등록,대구광역시 중구 국채보상로 522,35.869805178,128.587764794
2699,201061,아니오,아니오,범어효성해링턴플레이스,범어 효성해링턴플레이스,개별난방,아니오,예,경산안전팀,2017-11-08,,11 월,수성구 청호로 433 (범어동 2250),,179,2.0,사용,등록,대구광역시 수성구 청호로 433,35.855593772,128.640045496
2700,201062,아니오,아니오,태왕아너스르네상스,검사동 태왕아너스(르네상스),개별난방,아니오,예,경산안전팀,2017-11-20,,11 월,동구 동촌로 100 (검사동 1111),,516,10.0,사용,등록,대구광역시 동구 동촌로 100,35.886033869,128.651760575
2701,201063,아니오,아니오,두류역아이작큐브오피스텔,아이작큐브 오피스텔,개별난방,아니오,예,서부안전팀,2018-02-06,, 2 월,달서구 달구벌대로 1770 (두류동 150-3),,432,1.0,사용,등록,대구광역시 달서구 달구벌대로 1770,35.857961226,128.558867337
2702,201064,아니오,아니오,대구경북과학기술원기숙사,.,개별난방,아니오,아니오,서부안전팀,2017-06-14,,,달성군 현풍읍 테크노중앙대로 333 (상리 50-1),,358,2.0,사용,미등록,대구광역시 달성군 현풍읍 테크노중앙대로 333,35.704926213,128.456255249
2703,201065,아니오,아니오,안심역서원프레시빌,안심역서원프레시빌,개별난방,아니오,예,경산안전팀,2018-03-29,, 3 월,동구 안심로 477 (괴전동 125),,234,3.0,사용,등록,대구광역시 동구 안심로 477,35.872395733,128.735324969
2704,201066,아니오,아니오,스카이뷰,드스카이뷰(대가야스카이2차),개별난방,아니오,예,서부안전팀,2017-05-17,, 5 월,고령군 대가야읍 쾌빈2길 6 (쾌빈리 394-1),,29,1.0,사용,등록,경상북도 고령군 대가야읍 쾌빈2길 6,35.732327015,128.271232982
2705,201067,아니오,아니오,성당못역서원프레시빌,성당못역 서원프레시빌,개별난방,아니오,예,서부안전팀,2018-03-15,, 3 월,남구 대명로 20 (대명동 1122-2),,63,1.0,사용,등록,대구광역시 남구 대명로 20,35.837787955,128.559820345
2706,201068,아니오,아니오,화원이진캐스빌,화원 이진캐스빌,개별난방,아니오,예,서부안전팀,2017-08-07,, 8 월,달성군 화원읍 비슬로 2545 (천내리 918),,911,9.0,사용,등록,대구광역시 달성군 화원읍 비슬로 2545,35.803486043,128.493952212
2707,201069,아니오,아니오,경산삼도뷰엔빌W,백천삼도뷰엔빌W,개별난방,아니오,예,경산안전팀,2018-04-23,, 4 월,경산시 경청로222길 34 (백천동 619),,"1,213",12.0,사용,등록,경상북도 경산시 경청로222길 34,35.803355619,128.742568093
2708,201070,아니오,아니오,앞산서한이다음,앞산 서한이다음,개별난방,아니오,예,중부안전팀,2018-02-01,, 2 월,남구 신촌길 94 (봉덕동 1637),,128,2.0,사용,등록,대구광역시 남구 신촌길 94,35.838027102,128.604128953
2709,201071,아니오,아니오,하양휴가오피스텔,하양휴가오피스텔,개별난방,아니오,예,경산안전팀,2017-03-17,, 3 월,경산시 하양읍 대경로 653 (금락리 161-32),,96,1.0,사용,등록,경상북도 경산시 하양읍 대경로 653,35.907833843,128.812806428
2710,201072,아니오,아니오,학정역효성해링턴플레이스,읍내 효성해링턴플레이스,개별난방,아니오,예,북부안전팀,2018-07-05,, 7 월,북구 관음로 295 (읍내동 1449),,467,5.0,사용,등록,대구광역시 북구 관음로 295,35.954277529,128.553037761
2711,201073,아니오,아니오,감삼에이원,에이원플러스 주상복합,개별난방,아니오,예,서부안전팀,2018-08-20,, 8 월,달서구 와룡로 145 (감삼동 479),,68,1.0,사용,등록,대구광역시 달서구 와룡로 145,35.845935452,128.536594636
2712,201074,아니오,아니오,스마트하우스10,죽곡아파트(스마트하우스10),개별난방,아니오,예,서부안전팀,2018-10-17,,10 월,달성군 다사읍 달구벌대로174길 10-17 (죽곡리 25-1),,48,1.0,사용,등록,대구광역시 달성군 다사읍 달구벌대로174길 10-17,35.859654224,128.462212974
2713,201075,아니오,아니오,로하스남산,남산동 로하스,개별난방,아니오,예,중부안전팀,2018-01-29,, 1 월,중구 남산로6안길 47 (남산동 2118-2),,51,1.0,사용,등록,대구광역시 중구 남산로6안길 47,35.856875603,128.586164141
2714,201076,아니오,아니오,협성휴포레경산대평,경산 협성휴포레아파트,개별난방,아니오,예,경산안전팀,2018-03-12,, 3 월,경산시 대평길 8 (대평동 463),,494,4.0,사용,등록,경상북도 경산시 대평길 8,35.842554123,128.731091242
2715,201077,아니오,아니오,대구율하율하숲,대구율하1 3BL. NHF(율하숲),개별난방,아니오,예,경산안전팀,2018-07-26,, 7 월,동구 금호강변로3길 35 (율하동 1102),,234,4.0,사용,등록,대구광역시 동구 금호강변로3길 35,35.867469857,128.688827434
2716,201078,아니오,아니오,펜타힐즈더샵2차(삭제),,개별난방,아니오,아니오,,,,,경산시 옥산동 505,,,,사용,미등록,경상북도 경산시 옥산동 505,,
2717,201079,아니오,아니오,남산역화성파크드림,남산역화성파크드림,개별난방,아니오,예,중부안전팀,2018-07-30,, 7 월,중구 남산로7길 7 (남산동 3012),,415,5.0,사용,등록,대구광역시 중구 남산로7길 7,35.858672719,128.5823317
2718,201080,아니오,아니오,설화.명곡역프리미어힐,명곡프리미어힐,개별난방,아니오,예,서부안전팀,2017-11-24,,11 월,달성군 화원읍 비슬로506길 11 (명곡리 236-2),,100,1.0,사용,등록,대구광역시 달성군 화원읍 비슬로506길 11,35.80068546,128.495123322
2719,201081,아니오,아니오,협성휴포레이시아폴리스,이시아폴리스 협성휴포레,개별난방,아니오,예,북부안전팀,2018-02-22,, 2 월,동구 팔공로 260 (봉무동 1537),,752,9.0,사용,등록,대구광역시 동구 팔공로 260,35.92284882,128.642546853
2720,201082,아니오,아니오,대구테크노폴리스중흥에스-클래스포디움,대구테크노폴리스 중흥S클래스,개별난방,아니오,예,서부안전팀,2018-02-19,, 2 월,달성군 유가읍 테크노순환로 423 (쌍계리 633),,710,11.0,사용,등록,대구광역시 달성군 유가읍 테크노순환로 423,35.699940593,128.46745157
2721,201083,아니오,아니오,반월당클래시아2차,대구 봉산동 클래시아2차,개별난방,아니오,예,중부안전팀,2018-06-11,, 6 월,중구 명륜로23길 106 (봉산동 50),,330,1.0,사용,등록,대구광역시 중구 명륜로23길 106,35.864753814,128.594834097
2722,201084,아니오,아니오,봉덕한라하우젠트퍼스트아파트,봉덕한라하우젠트퍼스트,개별난방,아니오,예,중부안전팀,2017-12-21,,12 월,남구 봉덕로21길 53-16 (봉덕동 1638),,186,4.0,사용,등록,대구광역시 남구 봉덕로21길 53-16,35.847088988,128.599829709
2723,201085,아니오,아니오,오페라삼정그린코아더베스트,오페라삼정그린코아 더베스트,개별난방,아니오,예,북부안전팀,2017-09-27,, 9 월,북구 침산로 100 (칠성동2가 733),,713,7.0,사용,등록,대구광역시 북구 침산로 100,35.885182626,128.591263607
2724,201087,아니오,아니오,칠성시장상가아파트,칠성시장상가아파트,개별난방,아니오,예,북부안전팀,2017-09-26,, 9 월,북구 칠성남로 221 (칠성동1가 276-175),,27,2.0,사용,미등록,대구광역시 북구 칠성남로 221,35.876450309,128.60468818
2725,201088,아니오,아니오,옥포대성베르힐6단지,옥포대성베르힐2차,개별난방,아니오,예,서부안전팀,2018-06-08,, 6 월,달성군 옥포읍 돌미로8길 19 (교항리 2998),,391,7.0,사용,등록,대구광역시 달성군 옥포읍 돌미로8길 19,35.781903685,128.450891383
2726,201089,아니오,아니오,범어라온프라이빗2차,라온프라이빗 2차,개별난방,아니오,예,중부안전팀,2018-09-14,, 9 월,수성구 청호로 438 (범어동 2252),,206,5.0,사용,등록,대구광역시 수성구 청호로 438,35.85551432,128.641049725
2727,201090,아니오,아니오,힐스테이트황금동,현대힐스테이트 아파트,개별난방,아니오,예,경산안전팀,2018-04-11,, 4 월,수성구 청수로 274 (황금동 985),,782,8.0,사용,등록,대구광역시 수성구 청수로 274,35.839768089,128.637550653
2728,201091,아니오,아니오,시지3차서한이다음,시지3차 서한이다음,개별난방,아니오,예,중부안전팀,2018-09-13,, 9 월,수성구 달구벌대로669길 20-20 (사월동 650),,383,6.0,사용,등록,대구광역시 수성구 달구벌대로669길 20-20,35.836787751,128.723820578
2729,201092,아니오,아니오,MH엘퍼스트동성로,엘퍼스트 오피스텔,개별난방,아니오,예,북부안전팀,2018-09-13,, 9 월,중구 서성로14길 53 (북내동 5),,70,1.0,사용,등록,대구광역시 중구 서성로14길 53,35.872918375,128.59040562
2730,201093,아니오,아니오,지산아이위시네이처,지산I-WISH 네이처,개별난방,아니오,예,중부안전팀,2018-06-08,, 6 월,수성구 용학로40길 27 (지산동 1197-1),,33,1.0,사용,등록,대구광역시 수성구 용학로40길 27,35.819454799,128.630030489
2731,201094,아니오,아니오,대구대곡수목원호정포레스트,대구대곡2지구 S블럭(호정포레스트),지역난방,아니오,예,서부안전팀,2018-10-30,,10 월,달서구 갈밭남로 17 (대곡동 1103),,"1,124",12.0,사용,등록,대구광역시 달서구 갈밭남로 17,35.79915557,128.530078485
2732,201095,아니오,아니오,학교법인계명대학교호산동,학교법인 계명대학교 호산동,개별난방,아니오,예,서부안전팀,2018-08-21,, 8 월,달서구 달구벌대로 1019 (호산동 105-1),,17,1.0,사용,등록,대구광역시 달서구 달구벌대로 1019,35.853437513,128.478931279
2733,201096,아니오,아니오,영남네오빌,영남네오빌 아파트,개별난방,아니오,예,북부안전팀,2018-05-16,, 5 월,북구 공항로 87-16 (복현동 159-3),,48,2.0,사용,등록,대구광역시 북구 공항로 87-16,35.900631107,128.624623636
2734,201097,아니오,아니오,우신미가뷰아파트,달성우신미가뷰,개별난방,아니오,예,서부안전팀,2018-09-21,, 9 월,달성군 논공읍 금포로 75-20 (금포리 1630),,701,8.0,사용,등록,대구광역시 달성군 논공읍 금포로 75-20,35.769033894,128.426938965
2735,201098,아니오,아니오,대구금호스타힐스엔에이치에프6단지,대구금호 B-1BL(금호스타힐스6단지),개별난방,아니오,예,북부안전팀,2018-05-28,, 5 월,북구 내곡로 70 (사수동 803),,904,8.0,사용,등록,대구광역시 북구 내곡로 70,35.901219314,128.512407758
2736,201099,아니오,아니오,대구대곡수목원제일풍경채,제일풍경채아파트(수목원),지역난방,아니오,예,서부안전팀,2018-07-24,, 7 월,달서구 갈밭남로 12 (대곡동 1123),,982,12.0,사용,등록,대구광역시 달서구 갈밭남로 12,35.798796135,128.531491811
2737,201100,아니오,아니오,죽전역코오롱하늘채,코오롱하늘채아파트,지역난방,아니오,예,서부안전팀,2019-02-25,, 2 월,달서구 용산로12길 77 (장기동 845),,476,4.0,사용,등록,대구광역시 달서구 용산로12길 77,35.842805308,128.534384406
2738,201101,아니오,아니오,앞산리슈빌앤리마크,대명동기업형임대 1단지(앞산리슈빌앤리마크),개별난방,아니오,예,중부안전팀,2018-08-06,, 8 월,남구 안지랑로 73 (대명동 3062),,299,8.0,사용,등록,대구광역시 남구 안지랑로 73,35.837431609,128.570744139
2739,201102,아니오,아니오,앞산리슈빌앤리마크,대명동기업형임대2단지(앞산리슈빌앤리마크),개별난방,아니오,예,중부안전팀,2018-09-10,, 9 월,남구 안지랑로 74 (대명동 3066),,110,3.0,사용,등록,대구광역시 남구 안지랑로 74,35.837778124,128.571929183
2740,201103,아니오,아니오,빌리브범어,더하우스범어,개별난방,아니오,예,중부안전팀,2018-09-03,, 9 월,수성구 청호로 418 (범어동 2253),,227,5.0,사용,등록,대구광역시 수성구 청호로 418,35.853337903,128.639078845
2741,201104,아니오,아니오,수성알파시티동화아이위시,수성알파시티 동화아이위시,개별난방,아니오,예,중부안전팀,2018-12-12,,12 월,수성구 알파시티2로 48 (시지동 591),,698,10.0,사용,등록,대구광역시 수성구 알파시티2로 48,35.837975345,128.69303965
2742,201105,아니오,아니오,서희스타힐스테이,금호지구서희스타힐스,개별난방,아니오,예,북부안전팀,2018-12-14,,12 월,북구 내곡로 90 (사수동 812),,591,5.0,사용,등록,대구광역시 북구 내곡로 90,35.901040904,128.51485915
2743,201106,예,아니오,월성우방타운,,지역난방,아니오,아니오,,,,,달서구 학산로2길 10 (월성동 500-13),,255,2.0,사용,등록,대구광역시 달서구 학산로2길 10,35.826207034,128.530851751
2744,201107,아니오,아니오,클래식명가,,개별난방,아니오,아니오,,,,,달서구 장기로 206 (감삼동 337-14),,,,사용,미등록,대구광역시 달서구 장기로 206,35.84370437,128.537867988
2745,201108,아니오,아니오,로제티움,로제티움,개별난방,아니오,예,중부안전팀,2018-11-22,,11 월,수성구 교학로8길 25 (만촌동 1482),,18,1.0,사용,미등록,대구광역시 수성구 교학로8길 25,35.851832051,128.65039231
2746,201109,아니오,아니오,펜타힐즈푸르지오,경산펜타힐즈푸르지오,개별난방,아니오,예,경산안전팀,2019-03-25,, 3 월,경산시 펜타힐즈2로 20 (중산동 663),,753,5.0,사용,등록,경상북도 경산시 펜타힐즈2로 20,35.826570765,128.718173731
2747,201110,아니오,아니오,한신더휴웨스턴팰리스,한신더휴 1BL(한신더휴웨스턴팰리스1단지),개별난방,아니오,예,북부안전팀,2019-02-15,, 2 월,북구 매전로4길 32 (매천동 750),,919,8.0,사용,등록,대구광역시 북구 매전로4길 32,35.90622797,128.541898121
2748,201111,아니오,아니오,한신더휴이스턴팰리스,한신더휴 2BL(한신더휴웨스턴팰리스2단지),개별난방,아니오,예,북부안전팀,2019-02-15,, 2 월,북구 매전로4길 31 (매천동 753),,683,7.0,사용,등록,대구광역시 북구 매전로4길 31,35.905962338,128.54400204
2749,201112,아니오,아니오,이안동대구,신암동 대우 이안아파트,개별난방,아니오,예,경산안전팀,2018-11-09,,11 월,동구 송라로28길 14 (신암동 1833),,931,12.0,사용,등록,대구광역시 동구 송라로28길 14,35.878979333,128.615927075
2750,201113,아니오,아니오,대구대곡LH천년나무1단지,대구대곡LH천년나무1단지(A-BL.),지역난방,아니오,예,서부안전팀,2018-12-03,,12 월,달서구 갈밭로 33 (대곡동 1098),,810,5.0,사용,등록,대구광역시 달서구 갈밭로 33,35.801664339,128.530094761
2751,201114,아니오,아니오,대구연경엘에이치천년나무1단지,대구연경A-3BL LH아파트(천년나무1단지),개별난방,아니오,예,북부안전팀,2019-01-17,, 1 월,북구 동화천로 280 (연경동 1081),,600,2.0,사용,등록,대구광역시 북구 동화천로 280,35.940773927,128.621396747
2752,201115,아니오,아니오,동촌드림파크,드림파크아파트,개별난방,아니오,예,경산안전팀,2018-07-02,, 7 월,동구 해동로 177 (검사동 991-103),,29,1.0,사용,등록,대구광역시 동구 해동로 177,35.887190637,128.648513926
2753,201116,예,아니오,태전삼성,,개별난방,아니오,아니오,,,,,북구 칠곡중앙대로52길 19 (태전동 608-14),,,,사용,미등록,대구광역시 북구 칠곡중앙대로52길 19,35.920087842,128.547894291
2754,201117,아니오,아니오,경산임당호반베르디움,경산임당호반베르디움,개별난방,아니오,예,경산안전팀,2018-11-12,,11 월,경산시 남매공원로 6 (계양동 769),,587,7.0,사용,등록,경상북도 경산시 남매공원로 6,35.83230977,128.742017172
2755,201118,아니오,아니오,펜타힐즈더샵2차,경산 포스코 펜타힐즈2차,개별난방,아니오,예,경산안전팀,2018-06-11,, 6 월,경산시 펜타힐즈2로 40 (중산동 655),,791,4.0,사용,등록,경상북도 경산시 펜타힐즈2로 40,35.826908497,128.718937107
2756,201119,아니오,아니오,협성휴포레죽곡,죽곡 협성휴포레,개별난방,아니오,예,서부안전팀,2018-11-21,,11 월,달성군 다사읍 달구벌대로174길 50 (죽곡리 876),,783,10.0,사용,등록,대구광역시 달성군 다사읍 달구벌대로174길 50,35.859495481,128.459140191
2757,201120,아니오,아니오,죽곡삼정그린코아더베스트,죽곡 삼정그린코아 더베스트,CES(집단에너지),아니오,예,서부안전팀,2018-12-06,,12 월,달성군 다사읍 다사로 50 (매곡리 1568),,"1,054",8.0,사용,등록,대구광역시 달성군 다사읍 다사로 50,35.864351524,128.460356018
2758,201122,아니오,아니오,국가산단서한이다음아파트,서한 국가산업단지 A2-2BL(서한이다음),개별난방,아니오,예,서부안전팀,2019-08-09,, 8 월,달성군 현풍읍 국가산단대로70길 41 (대리 1176),,"1,038",11.0,사용,등록,대구광역시 달성군 현풍읍 국가산단대로70길 41,35.661598147,128.423183571
2759,201123,아니오,아니오,국민주택,고령국민주택,개별난방,아니오,예,서부안전팀,2018-09-07,, 9 월,고령군 대가야읍 고헌1길 14 (고아리 107-4),,60,2.0,사용,등록,경상북도 고령군 대가야읍 고헌1길 14,35.727518177,128.269905883
2760,201124,아니오,아니오,옥포지구서한이다음,옥포 서한이다음,개별난방,아니오,예,서부안전팀,2019-12-30,,12 월,달성군 옥포읍 돌미로6길 5 (교항리 2984),,688,8.0,사용,등록,대구광역시 달성군 옥포읍 돌미로6길 5,35.781052496,128.447783825
2761,201125,아니오,아니오,평리동헤리티지APT,평리 헤리티지 아파트,개별난방,아니오,예,북부안전팀,2019-01-11,, 1 월,서구 국채보상로 303 (평리동 1053-5),,24,1.0,사용,등록,대구광역시 서구 국채보상로 303,35.872214942,128.564173694
2762,201126,아니오,아니오,죽전역인터불고라비다아파트,죽전역 인터불고 라비다,개별난방,아니오,예,서부안전팀,2020-02-03,, 2 월,달서구 와룡로 148 (감삼동 280-2),,198,1.0,사용,등록,대구광역시 달서구 와룡로 148,35.845903499,128.537680314
2763,201127,아니오,아니오,다인로얄팰리스동성로,다인로얄팰리스동성로,개별난방,아니오,예,수성안전팀,2024-05-24,, 5 월,중구 국채보상로 525 (하서동 28-1),,713,1.0,사용,등록,대구광역시 중구 국채보상로 525,35.870710699,128.588034427
2764,201128,아니오,아니오,만촌삼정그린코아에듀파크,만촌삼정그린코아 에듀파크,개별난방,아니오,예,수성안전팀,2019-09-27,, 9 월,수성구 교학로 65 (만촌동 1483),,774,10.0,사용,등록,대구광역시 수성구 교학로 65,35.847697883,128.652759391
2765,201129,아니오,아니오,루오,포아스(대하오피스텔),개별난방,아니오,예,중부안전팀,2019-02-14,, 2 월,중구 공평로 26-17 (삼덕동2가 128-9),,35,1.0,사용,미등록,대구광역시 중구 공평로 26-17,35.866225953,128.601051874
2766,201130,아니오,아니오,봉덕화성파크드림,봉덕동 화성파크드림,개별난방,아니오,예,중부안전팀,2019-07-01,, 7 월,남구 대봉로14길 30 (봉덕동 1639),,332,3.0,사용,등록,대구광역시 남구 대봉로14길 30,35.842854006,128.605323094
2767,201131,아니오,아니오,상인역모아엘가파크뷰,백조2차아파트(모아엘가파크뷰),개별난방,아니오,예,서부안전팀,2019-10-02,,10 월,달서구 상화북로 162 (상인동 1600),,598,5.0,사용,등록,대구광역시 달서구 상화북로 162,35.810597543,128.541756141
2768,201132,아니오,아니오,벨리온시티,밸리온시티오피스텔,개별난방,아니오,예,서부안전팀,2018-12-04,,12 월,달서구 와룡로 147 (감삼동 478),,85,1.0,사용,등록,대구광역시 달서구 와룡로 147,35.846074656,128.536302535
2769,201133,아니오,아니오,해동디오팰리스,해동디오팰리스,개별난방,아니오,예,서부안전팀,2018-12-20,,12 월,고령군 대가야읍 대가야로 1533 (쾌빈리 6-1),,375,4.0,사용,등록,경상북도 고령군 대가야읍 대가야로 1533,35.743695174,128.27407603
2770,201134,아니오,아니오,대구대곡수목원풍경그린,대구대곡2-B BL 아파트(수목원풍경그린),지역난방,아니오,예,서부안전팀,2019-06-21,, 6 월,달서구 갈밭남로 64 (대곡동 1138),,395,7.0,사용,등록,대구광역시 달서구 갈밭남로 64,35.801552178,128.535131964
2771,201135,아니오,아니오,에코프랜들리,에코프랜들리,개별난방,아니오,예,서부안전팀,2019-04-15,, 4 월,달서구 구마로53길 22 (성당동 221-7),,48,1.0,사용,등록,대구광역시 달서구 구마로53길 22,35.838744503,128.557194748
2772,201136,아니오,아니오,고산역화성파크드림,고산역화성파크드림,개별난방,아니오,예,수성안전팀,2019-10-24,,10 월,수성구 달구벌대로 3122 (시지동 378),,112,1.0,사용,등록,대구광역시 수성구 달구벌대로 3122,35.841993873,128.698549704
2773,201137,아니오,아니오,수성헤센더테라스오피스텔,수성헤센더테라스오피스텔,개별난방,아니오,예,수성안전팀,2020-01-17,, 1 월,수성구 청수로24길 59 (두산동 87-6),,614,1.0,사용,등록,대구광역시 수성구 청수로24길 59,35.837269069,128.621424075
2774,201138,아니오,아니오,센텀리움,송현동 주상 복합(센텀리움),개별난방,아니오,예,서부안전팀,2019-03-28,, 3 월,달서구 월배로 361 (송현동 1920-8),,41,1.0,사용,등록,대구광역시 달서구 월배로 361,35.827275443,128.548140785
2775,201139,아니오,아니오,연경금성백조예미지숲속의아침,대구연경지구 C-3BL(금성백조예미지숲속의아침),개별난방,아니오,예,북부안전팀,2019-11-28,,11 월,북구 연경중앙로 11 (연경동 943),,711,12.0,사용,등록,대구광역시 북구 연경중앙로 11,35.943418516,128.615246409
2776,201141,아니오,아니오,반월당아너스제네스타워오피스텔,아너스제네스타워,개별난방,아니오,예,중부안전팀,2019-04-24,, 4 월,중구 중앙대로 312 (남산동 694-3),,449,1.0,사용,등록,대구광역시 중구 중앙대로 312,35.860775789,128.59299585
2777,201143,예,아니오,성창파크빌,,개별난방,아니오,아니오,,,,,수성구 청호로57길 95 (황금동 408-5),053-766-4197,18,1.0,사용,등록,대구광역시 수성구 청호로57길 95,35.842743312,128.633759814
2778,201144,아니오,아니오,팰리스부영1단지,경산 사동 부영아파트(팰리스부영1단지),개별난방,아니오,예,경산안전팀,2019-07-15,, 7 월,경산시 삼성현로91길 9 (사동 310),,630,9.0,사용,등록,경상북도 경산시 삼성현로91길 9,35.808454836,128.748130007
2779,201146,아니오,아니오,비산행복주택,대구비산도시가스(행복주택),개별난방,아니오,예,북부안전팀,2019-10-25,,10 월,서구 달서천로61안길 9 (비산동 1185-6),,40,1.0,사용,등록,대구광역시 서구 달서천로61안길 9,35.886479447,128.569277366
2780,201147,아니오,아니오,경산남천리버뷰우방아이유쉘,경산 우방아이유쉘(남천리버뷰),개별난방,아니오,예,경산안전팀,2019-09-10,, 9 월,경산시 삼성현로 347 (상방동 298),,279,2.0,사용,등록,경상북도 경산시 삼성현로 347,35.809004083,128.737703762
2781,201148,아니오,아니오,대구연경엘에이치천년나무2단지,연경 A-2BL 공동주택(천년나무2단지),개별난방,아니오,예,경산안전팀,2019-11-26,,11 월,동구 연경지묘로 153 (지묘동 1316),,916,5.0,사용,등록,대구광역시 동구 연경지묘로 153,35.947239113,128.627776234
2782,201149,아니오,아니오,앞산태왕아너스,앞산 태왕아너스 아파트,개별난방,아니오,예,중부안전팀,2019-08-27,, 8 월,남구 효서길 53 (봉덕동 1642),,493,6.0,사용,등록,대구광역시 남구 효서길 53,35.837641791,128.595721031
2783,201150,아니오,아니오,오페라트루엘시민의숲,대구 고성광명 트루엘(오페라시민의숲),개별난방,아니오,예,북부안전팀,2020-01-03,, 1 월,북구 고성북로 34 (고성동3가 145),,682,9.0,사용,등록,대구광역시 북구 고성북로 34,35.883162563,128.584089351
2784,201151,아니오,아니오,태전역더뉴클래스2차,태전역더뉴클래스2차,개별난방,아니오,예,북부안전팀,2020-05-26,, 5 월,북구 칠곡중앙대로 225 (태전동 496-7),,130,1.0,사용,등록,대구광역시 북구 칠곡중앙대로 225,35.915984054,128.547838753
2785,201152,아니오,아니오,남산e편한세상,e편한세상 남산,개별난방,아니오,예,중부안전팀,2020-02-18,, 2 월,중구 달구벌대로 2020 (남산동 150-2),,420,5.0,사용,등록,대구광역시 중구 달구벌대로 2020,35.865274118,128.584995053
2786,201153,아니오,아니오,대구국가산단영무예다음,대구국가산업단지 영무예다음,개별난방,아니오,예,서부안전팀,2020-06-23,, 6 월,달성군 구지면 국가산단서로84길 118 (창리 1354),,934,12.0,사용,등록,대구광역시 달성군 구지면 국가산단서로84길 118,35.661893132,128.40924889
2787,201154,아니오,아니오,대구국가산단반도유보라아이비파크2,국가산단 A4블럭 반도유보라(아이비파크2),개별난방,아니오,예,서부안전팀,2020-04-13,, 4 월,달성군 구지면 국가산단북로60길 59 (응암리 1251),,527,6.0,사용,등록,대구광역시 달성군 구지면 국가산단북로60길 59,35.658573764,128.421653256
2788,201155,아니오,아니오,더샵달서센트럴,성당보성(더샵달서센트럴),개별난방,아니오,예,서부안전팀,2020-07-16,, 7 월,달서구 당산로 17 (본리동 1222),,789,10.0,사용,등록,대구광역시 달서구 당산로 17,35.839035896,128.544586567
2789,201156,아니오,아니오,대구국가산단반도유보라아이비파크3,국가산단 A1BL 반도유보라(아이비파크3),개별난방,아니오,예,서부안전팀,2020-08-13,, 8 월,달성군 구지면 국가산단북로34길 10 (화산리 1105),,775,8.0,사용,등록,대구광역시 달성군 구지면 국가산단북로34길 10,35.66283389,128.406752316
2790,201157,아니오,아니오,대구연경연경숲,대구연경 A-1BL. nhf(연경숲),개별난방,아니오,예,북부안전팀,2019-11-29,,11 월,북구 연경중앙로 55 (연경동 923),,823,10.0,사용,등록,대구광역시 북구 연경중앙로 55,35.946886997,128.616840471
2791,201160,아니오,아니오,율하시티프라디움,율하시티프라디움,개별난방,아니오,예,경산안전팀,2020-02-14,, 2 월,동구 반야월로 35 (용계동 1064),,468,6.0,사용,등록,대구광역시 동구 반야월로 35,35.874210838,128.691083196
2792,201161,아니오,아니오,앞산봉덕영무예다음아파트,용두지구주택재개발(앞산봉덕영무예다음),개별난방,아니오,예,중부안전팀,2020-08-14,, 8 월,남구 대봉로 12 (봉덕동 916-10),,622,10.0,사용,등록,대구광역시 남구 대봉로 12,35.838397889,128.60507157
2793,201162,아니오,아니오,청담시티,청담시티 102동,개별난방,아니오,예,경산안전팀,2019-10-18,,10 월,경산시 경청로213길 7 (백천동 502-2),,21,1.0,사용,등록,경상북도 경산시 경청로213길 7,35.800584882,128.735997018
2794,201163,아니오,아니오,수성하늘채르레브아파트,수성범물지역주택조합(수성하늘채르레브),개별난방,아니오,예,수성안전팀,2020-08-07,, 8 월,수성구 지범로48길 21 (범물동 723),,709,7.0,사용,등록,대구광역시 수성구 지범로48길 21,35.815059162,128.644252808
2795,201164,아니오,아니오,범어서한포레스트,범어역 서한이다음(서한포레스트),개별난방,아니오,예,수성안전팀,2020-05-19,, 5 월,수성구 동대구로 346 (범어동 177-1),,310,3.0,사용,등록,대구광역시 수성구 동대구로 346,35.861251344,128.627515782
2796,201165,아니오,아니오,캠프워커패밀리하우징,.,개별난방,아니오,아니오,중부안전팀,2019-07-19,,,남구 봉덕동 350,,90,1.0,사용,미등록,대구광역시 남구 봉덕동 350,,
2797,201166,아니오,아니오,범어센트럴푸르지오,범어센트럴푸르지오 아파트,개별난방,아니오,예,수성안전팀,2019-07-01,, 7 월,수성구 상록로 15 (범어동 2257),,817,5.0,사용,등록,대구광역시 수성구 상록로 15,35.860698126,128.623672885
2798,201167,아니오,아니오,연경대광로제비앙더퍼스트,대구연경지구 대광로제비앙(더퍼스트),개별난방,아니오,예,북부안전팀,2020-05-14,, 5 월,북구 동화천로 220 (연경동 994),,580,9.0,사용,등록,대구광역시 북구 동화천로 220,35.940715304,128.616345736
2799,201168,아니오,아니오,대구오페라클래시아,대구 오페라 클래시아,개별난방,아니오,예,북부안전팀,2020-06-17,, 6 월,북구 중앙대로 513 (칠성동2가 296-2),,597,1.0,사용,등록,대구광역시 북구 중앙대로 513,35.879134742,128.594894299
2800,201169,아니오,아니오,만평역헤리티지,헤리티지아파트,개별난방,아니오,예,북부안전팀,2020-02-14,, 2 월,서구 서대구로 345 (비산동 1336-1),,49,1.0,사용,등록,대구광역시 서구 서대구로 345,35.888215232,128.559136135
2801,201170,아니오,아니오,대구연경아이파크,연경아이파크,개별난방,아니오,예,경산안전팀,2020-05-07,, 5 월,동구 동화천로 369 (지묘동 1337),,792,11.0,사용,등록,대구광역시 동구 동화천로 369,35.945095311,128.629362602
2802,201171,아니오,아니오,연경우방아이유쉘더포레스트,연경우방아이유쉘(더포레스트),개별난방,아니오,예,북부안전팀,2020-05-04,, 5 월,북구 연경중앙로11길 33 (연경동 931),,485,10.0,사용,등록,대구광역시 북구 연경중앙로11길 33,35.945778643,128.614588459
2803,201172,아니오,아니오,복현자이,복현동자이,개별난방,아니오,예,북부안전팀,2020-05-23,, 5 월,북구 공항로 16 (복현동 703),,594,8.0,사용,등록,대구광역시 북구 공항로 16,35.897748087,128.617219826
2804,201173,예,아니오,신천지타운,,개별난방,아니오,아니오,,,,,수성구 청호로46길 17 (황금동 272),,60,1.0,사용,등록,대구광역시 수성구 청호로46길 17,35.838975212,128.641391936
2805,201174,아니오,아니오,수성효성해링턴플레이스,중동 효성해링턴플레이스,개별난방,아니오,예,수성안전팀,2019-11-15,,11 월,수성구 희망로24길 24 (중동 641),,745,7.0,사용,등록,대구광역시 수성구 희망로24길 24,35.845695812,128.609756587
2806,201176,아니오,아니오,대구국가산단디에트르더센트럴,국가산단1차 대방노블랜드(디에트르더센트럴),개별난방,아니오,예,서부안전팀,2021-05-11,, 5 월,달성군 구지면 국가산단대로70길 17 (창리 1434),,881,11.0,사용,등록,대구광역시 달성군 구지면 국가산단대로70길 17,35.661544985,128.419493726
2807,201177,아니오,아니오,연경동화아이위시,연경지구 동화아이위시,개별난방,아니오,예,북부안전팀,2020-02-04,, 2 월,북구 동화천로 190 (연경동 987),,627,8.0,사용,등록,대구광역시 북구 동화천로 190,35.940357171,128.615274924
2808,201179,아니오,아니오,범어네거리클래시아,대구 범어네거리 클래시아,개별난방,아니오,예,수성안전팀,2020-08-26,, 8 월,수성구 달구벌대로480길 9 (범어동 551-7),,339,1.0,사용,등록,대구광역시 수성구 달구벌대로480길 9,35.858312107,128.624460892
2809,201180,아니오,아니오,경산하양호반써밋더퍼스트,경산하양 A1 호반베르디움(호반써밋더퍼스트),개별난방,아니오,예,경산안전팀,2020-11-25,,11 월,경산시 하양읍 서사도리로 80 (서사리 349),,655,6.0,사용,등록,경상북도 경산시 하양읍 서사도리로 80,35.918126353,128.810153984
2810,201182,아니오,아니오,경산하양우미린더센트럴,경산 하양지구 우미린(더센트럴),개별난방,아니오,예,경산안전팀,2021-01-22,, 1 월,경산시 하양읍 서사도리로 70 (서사리 351),,737,6.0,사용,등록,경상북도 경산시 하양읍 서사도리로 70,35.917801438,128.808029197
2811,201183,아니오,아니오,방촌역세영리첼아파트,방촌동 세영리첼 아파트,개별난방,아니오,예,경산안전팀,2021-05-20,, 5 월,동구 동촌로 260 (방촌동 1152),,403,7.0,사용,등록,대구광역시 동구 동촌로 260,35.87993506,128.668171114
2812,201184,아니오,아니오,범어에일린의뜰,범어 에일린의뜰 아파트,개별난방,아니오,예,수성안전팀,2020-10-27,,10 월,수성구 청솔로14길 15 (범어동 2272),,728,6.0,사용,등록,대구광역시 수성구 청솔로14길 15,35.851601386,128.622307148
2813,201185,아니오,아니오,방촌역태왕아너스,방촌역 태왕아너스,개별난방,아니오,예,경산안전팀,2020-12-29,,12 월,동구 동촌로 255 (방촌동 1150),,256,4.0,사용,등록,대구광역시 동구 동촌로 255,35.880696617,128.667823204
2814,201186,아니오,아니오,경산진량호반써밋더포레스트,진량 호반 베르디움(호반써밋더포레스트),개별난방,아니오,예,경산안전팀,2020-06-23,, 6 월,경산시 진량읍 선항6길 30 (선화리 2206),,549,6.0,사용,등록,경상북도 경산시 진량읍 선항6길 30,35.873773969,128.81087166
2815,201187,아니오,아니오,정평역하늘채RIVERPARK,정평역 코오롱 하늘채(RIVERPARK),개별난방,아니오,예,경산안전팀,2020-08-13,, 8 월,경산시 정평길 30 (정평동 13),,904,9.0,사용,등록,경상북도 경산시 정평길 30,35.839240663,128.726528076
2816,201188,아니오,아니오,중산하늘채더퍼스트,중산코오롱하늘채메트로폴리스(하늘채더퍼스트),개별난방,아니오,예,경산안전팀,2021-01-05,, 1 월,경산시 경산로 280 (중산동 693),,"1,184",12.0,사용,등록,경상북도 경산시 경산로 280,35.832979146,128.723445637
2817,201189,아니오,아니오,진천영남네오빌,진천영남네오빌,개별난방,아니오,예,서부안전팀,2020-03-02,, 3 월,달서구 진천로18길 86 (진천동 73),,50,1.0,사용,등록,대구광역시 달서구 진천로18길 86,35.817693637,128.527557628
2818,201190,아니오,아니오,동대구우방아이유쉘,동대구 우방아이유쉘,개별난방,아니오,예,경산안전팀,2020-09-16,, 9 월,동구 송라로32길 32 (신암동 1839),,570,5.0,사용,등록,대구광역시 동구 송라로32길 32,35.88009885,128.617059695
2819,201191,아니오,아니오,삼도더펜트하우스수성,삼도 더펜트하우스 수성,개별난방,아니오,예,수성안전팀,2020-11-12,,11 월,수성구 파동로26길 26 (파동 1004),,143,17.0,사용,등록,대구광역시 수성구 파동로26길 26,35.819516857,128.618467009
2820,201192,아니오,아니오,대구복현행복주택,대구복현 행복주택,개별난방,아니오,예,북부안전팀,2020-11-11,,11 월,북구 복현로36길 6 (복현동 37),,197,2.0,사용,등록,대구광역시 북구 복현로36길 6,35.904651783,128.619995901
2821,201193,아니오,아니오,힐스테이트펜타힐즈,현대힐스테이트 펜타힐스,개별난방,아니오,예,경산안전팀,2020-11-12,,11 월,경산시 펜타힐즈2로 10 (중산동 688),,657,5.0,사용,등록,경상북도 경산시 펜타힐즈2로 10,35.82592986,128.716027811
2822,201194,아니오,아니오,앞산비스타동원,대구 앞산 비스타 동원,개별난방,아니오,예,수성안전팀,2020-11-26,,11 월,남구 신촌길 57 (봉덕동 1064-22),,431,5.0,사용,등록,대구광역시 남구 신촌길 57,35.838563445,128.6026278
2823,201195,아니오,아니오,대구국가산단ZOOM파크,대구 ZOOM파크 아파트,개별난방,아니오,예,서부안전팀,2020-04-20,, 4 월,달성군 구지면 국가산단대로64길 63 (응암리 1252),,596,7.0,사용,등록,대구광역시 달성군 구지면 국가산단대로64길 63,35.655768847,128.423709422
2824,201196,아니오,아니오,서한e스테이,대구신서 A-4BL(서한이스테이),신서(집단에너지),아니오,예,경산안전팀,2020-01-10,, 1 월,동구 혁신대로 504 (사복동 852),,477,7.0,사용,등록,대구광역시 동구 혁신대로 504,35.874431574,128.752288426
2825,201197,아니오,아니오,메가시티태왕아너스,메가시티 태왕아너스,개별난방,아니오,예,서부안전팀,2021-11-17,,11 월,달성군 다사읍 궁산2길 12 (서재리 1134),,939,7.0,사용,등록,대구광역시 달성군 다사읍 궁산2길 12,35.872686235,128.486838407
2826,201198,아니오,아니오,모아미래도에듀퍼스트,국가산업단지 A-3BL 모아미래도(에듀퍼스트),개별난방,아니오,예,서부안전팀,2021-04-28,, 4 월,달성군 구지면 국가산단대로70길 42 (창리 1447),,704,9.0,사용,등록,대구광역시 달성군 구지면 국가산단대로70길 42,35.660787216,128.422549864
2827,201199,아니오,아니오,남산롯데캐슬센트럴스카이,대구남산2-2(남산롯데캐슬센트럴스카이),개별난방,아니오,예,수성안전팀,2021-06-07,, 6 월,중구 재마루길 77 (남산동 130-2),,987,11.0,사용,등록,대구광역시 중구 재마루길 77,35.863368508,128.584058719
2828,201200,아니오,아니오,송현드림팰리스,송현동드림팰리스,개별난방,아니오,예,서부안전팀,2020-09-14,, 9 월,달서구 월배로 387 (송현동 1930-18),,60,1.0,사용,등록,대구광역시 달서구 월배로 387,35.829441169,128.549947754
2829,201201,아니오,아니오,범어센트레빌,범어센트레빌아파트,개별난방,아니오,예,수성안전팀,2020-03-17,, 3 월,수성구 청호로 401 (범어동 2261),,88,1.0,사용,등록,대구광역시 수성구 청호로 401,35.852985829,128.638154677
2830,201202,아니오,아니오,SD아이프라임,SD아이프라임,개별난방,아니오,예,북부안전팀,2020-12-16,,12 월,북구 칠성남로30길 40 (칠성동2가 302-197),,95,1.0,사용,등록,대구광역시 북구 칠성남로30길 40,35.875978416,128.599093393
2831,201203,아니오,아니오,팰리스부영2단지,경산사동 2-2BL(팰리스부영2단지),개별난방,아니오,예,경산안전팀,2020-03-31,, 3 월,경산시 삼성현로91길 10 (사동 297),,"1,028",15.0,사용,등록,경상북도 경산시 삼성현로91길 10,35.80885607,128.749488063
2832,201204,아니오,아니오,신본리동서프라임S,신본리동서프라임S,개별난방,아니오,예,서부안전팀,2020-07-09,, 7 월,달서구 와룡로13길 37 (본리동 657-3),,72,1.0,사용,등록,대구광역시 달서구 와룡로13길 37,35.837892724,128.534364361
2833,201205,아니오,아니오,삼도더펜트하우스수성,,개별난방,아니오,아니오,,,,,수성구 파동 118-211,,,,사용,미등록,대구광역시 수성구 파동 118-211,,
2834,201206,아니오,아니오,LH뉴웰시티,대구연경 LH 뉴웰시티,개별난방,아니오,예,경산안전팀,2020-11-10,,11 월,동구 동화천로77길 30 (지묘동 1386),,"1,812",22.0,사용,등록,대구광역시 동구 동화천로77길 30,35.94100272,128.633213813
2835,201207,아니오,아니오,수성알파시티청아람,수성알파시티 청아람아파트,개별난방,아니오,예,수성안전팀,2021-03-25,, 3 월,수성구 알파시티2로 96 (노변동 742),,844,11.0,사용,등록,대구광역시 수성구 알파시티2로 96,35.835114463,128.696807336
2836,201208,아니오,아니오,동원비즈플랫폼,동원비즈플랫폼(기숙사),개별난방,아니오,예,서부안전팀,2020-10-13,,10 월,달서구 성서로 329 (갈산동 100-32),,80,1.0,사용,등록,대구광역시 달서구 성서로 329,35.846810425,128.50642935
2837,201209,아니오,아니오,현대썬앤빌중앙로역,현대 썬앤빌 중앙로역,개별난방,아니오,예,수성안전팀,2021-10-21,,10 월,중구 경상감영길 222 (동문동 13-120),,450,1.0,사용,등록,대구광역시 중구 경상감영길 222,35.87142988,128.59919051
2838,201210,아니오,아니오,앞산삼정그린코아트라이시티,앞산 삼정그린코아 트라이시티,개별난방,아니오,예,수성안전팀,2020-12-23,,12 월,남구 대명역2길 70 (대명동 1118-1),,190,1.0,사용,등록,대구광역시 남구 대명역2길 70,35.837690212,128.560639181
2839,201211,아니오,아니오,힐스테이트범어,범어동지역주택조합(범어힐스테이트),개별난방,아니오,예,수성안전팀,2020-10-20,,10 월,수성구 범어로18길 22 (범어동 2264),,414,5.0,사용,등록,대구광역시 수성구 범어로18길 22,35.856283913,128.63651596
2840,201212,아니오,아니오,샤갈의마을씨엘,경산샤갈의마을 1단지(씨엘),개별난방,아니오,예,경산안전팀,2020-07-28,, 7 월,경산시 삼성현로 614-5 (평산동 813),,32,1.0,사용,등록,경상북도 경산시 삼성현로 614-5,35.801494559,128.766130949
2841,201213,아니오,아니오,샤갈의마을상떼,경산샤갈의마을 2단지(상떼),개별난방,아니오,예,경산안전팀,2020-10-19,,10 월,경산시 삼성현로 614-7 (평산동 586-110),,16,1.0,사용,등록,경상북도 경산시 삼성현로 614-7,35.800977804,128.767086419
2842,201214,아니오,아니오,샤갈의마을벨르,경산샤갈의마을 3단지(벨르),개별난방,아니오,예,경산안전팀,2020-07-28,, 7 월,경산시 삼성현로 614-9 (평산동 586-108),,24,1.0,사용,등록,경상북도 경산시 삼성현로 614-9,35.800560981,128.766511172
2843,201215,아니오,아니오,월배삼정그린코아포레스트,월배 삼정그린코아 포레스트,개별난방,아니오,예,서부안전팀,2021-08-04,, 8 월,달서구 조암남로32길 40 (대천동 1042),,"1,533",15.0,사용,등록,대구광역시 달서구 조암남로32길 40,35.819382704,128.514971936
2844,201216,아니오,아니오,다사역삼정그린코아더베스트,다사역 삼정그린코아 더베스트,개별난방,아니오,예,서부안전팀,2021-06-22,, 6 월,달성군 다사읍 매곡로14길 8 (매곡리 574),,563,6.0,사용,등록,대구광역시 달성군 다사읍 매곡로14길 8,35.865611543,128.453852086
2845,201217,아니오,아니오,e편한세상복현아파트,복현e편한세상,개별난방,아니오,예,북부안전팀,2021-07-13,, 7 월,북구 동북로 247 (복현동 320-1),,620,9.0,사용,등록,대구광역시 북구 동북로 247,35.895152054,128.618877422
2846,201218,아니오,아니오,2군사령부참모관사,,개별난방,아니오,아니오,,,,,수성구 무열로 56 (만촌동 599-1),,10,1.0,사용,제외,대구광역시 수성구 무열로 56,,
2847,201219,아니오,아니오,태왕아너스더퍼스트,강북 태왕아너스 더퍼스트,개별난방,아니오,예,북부안전팀,2021-06-01,, 6 월,북구 칠곡중앙대로110길 10 (읍내동 891),,234,4.0,사용,등록,대구광역시 북구 칠곡중앙대로110길 10,35.944095524,128.551986114
2848,201220,아니오,아니오,범어더리브스퀘어,대구 범어더리브 스퀘어,개별난방,아니오,예,수성안전팀,2020-09-25,, 9 월,수성구 범어천로 214 (범어동 1004-1),,91,1.0,사용,등록,대구광역시 수성구 범어천로 214,35.864202851,128.619211518
2849,201221,아니오,아니오,이안센트럴D,동대구 이안센트럴D,개별난방,아니오,예,경산안전팀,2021-08-10,, 8 월,동구 동대구로 577 (신암동 235-1),,"1,179",10.0,사용,등록,대구광역시 동구 동대구로 577,35.880853534,128.623558767
2850,201222,아니오,아니오,중동골드클래스,중동 골드클래스,개별난방,아니오,예,수성안전팀,2021-10-08,,10 월,수성구 수성로 185 (중동 356-7),,588,6.0,사용,등록,대구광역시 수성구 수성로 185,35.842906512,128.611134539
2851,201223,아니오,아니오,힐스테이트범어센트럴,힐스테이트 범어 센트럴,개별난방,아니오,예,수성안전팀,2021-11-25,,11 월,수성구 상록로 80 (범어동 1-4),,503,4.0,사용,등록,대구광역시 수성구 상록로 80,35.866682843,128.624937647
2852,201224,아니오,아니오,이시아팰리스,부림이시아리브펠리스,개별난방,아니오,예,경산안전팀,2020-10-28,,10 월,동구 팔공로51길 5 (봉무동 1539-17),,36,1.0,사용,등록,대구광역시 동구 팔공로51길 5,35.922945494,128.640355515
2853,201226,아니오,아니오,힐스테이트데시앙도남2단지,힐스테이트데시앙 도남 2단지(C2BL),개별난방,아니오,예,북부안전팀,2021-08-26,, 8 월,북구 도남길 16 (국우동 592-1),,658,6.0,사용,등록,대구광역시 북구 도남길 16,35.950473161,128.57945632
2854,201227,아니오,아니오,힐스테이트데시앙도남1단지,힐스테이트데시앙도남1단지(C1BL),개별난방,아니오,예,북부안전팀,2021-09-01,, 9 월,북구 도남길 76 (국우동 118-4),,619,6.0,사용,등록,대구광역시 북구 도남길 76,35.95458025,128.582595586
2855,201228,아니오,아니오,동의센트럴파크,동의센트럴파크,개별난방,아니오,예,수성안전팀,2020-12-15,,12 월,달성군 다사읍 다사로4길 8 (매곡리 233-2),,77,1.0,사용,등록,대구광역시 달성군 다사읍 다사로4길 8,35.862868397,128.462550781
2856,201229,아니오,아니오,안심역삼정그린코아더베스트,안심역 삼정그린코아 더베스트,개별난방,아니오,예,경산안전팀,2021-10-14,,10 월,동구 반야월북로 355 (괴전동 90-1),,638,5.0,사용,등록,대구광역시 동구 반야월북로 355,35.87366456,128.737304795
2857,201230,아니오,아니오,U-스퀘어,태전동공동주택(U-스퀘어),개별난방,아니오,예,북부안전팀,2020-12-21,,12 월,북구 영송로 36 (태전동 1215),,27,1.0,사용,등록,대구광역시 북구 영송로 36,35.92879311,128.544863028
2858,201231,아니오,아니오,대명메트로,나나바루아,개별난방,아니오,예,수성안전팀,2021-08-24,, 8 월,남구 대명로 69 (대명동 1623-60),,60,1.0,사용,등록,대구광역시 남구 대명로 69,35.839563439,128.565475978
2859,201232,아니오,아니오,스카이오피스텔,,중앙난방(가스),아니오,아니오,,,,,달성군 다사읍 죽곡1길 10 (죽곡리 210),,,,사용,미등록,대구광역시 달성군 다사읍 죽곡1길 10,35.857323387,128.463511036
2860,201233,아니오,아니오,동대구비스타동원,동대구 비스타 동원,개별난방,아니오,예,경산안전팀,2021-10-01,,10 월,동구 화랑로 51 (신천동 478),,524,5.0,사용,등록,대구광역시 동구 화랑로 51,35.871977627,128.630119908
2861,201234,아니오,아니오,대구테크노폴리스줌시티,대구 테크노폴리스 ZOOM시티,개별난방,아니오,예,서부안전팀,2021-07-22,, 7 월,달성군 현풍읍 테크노대로 73 (중리 505-2),,574,1.0,사용,등록,대구광역시 달성군 현풍읍 테크노대로 73,35.689555443,128.454902927
2862,201235,아니오,아니오,대구복현IPARK아파트,대구복현아이파크,개별난방,아니오,예,북부안전팀,2020-12-30,,12 월,북구 동북로 241 (복현동 201-3),,585,7.0,사용,등록,대구광역시 북구 동북로 241,35.89661101,128.617550839
2863,201236,아니오,아니오,대구읍내행복주택LH아파트,대구읍내행복주택(LH),개별난방,아니오,예,북부안전팀,2021-08-13,, 8 월,북구 칠곡중앙대로 434 (읍내동 1343),,252,3.0,사용,등록,대구광역시 북구 칠곡중앙대로 434,35.934097967,128.549073493
2864,201237,아니오,아니오,죽전역동서프라임,장기동 동서프라임 36.5,개별난방,아니오,예,서부안전팀,2024-05-08,, 5 월,달서구 대명천로 234 (장기동 548-2),,148,1.0,사용,등록,대구광역시 달서구 대명천로 234,35.842227587,128.53487023
2865,201238,아니오,아니오,죽전역클래식명가,클래식명가주택,개별난방,아니오,예,서부안전팀,2021-02-25,, 2 월,달서구 장기로 206 (감삼동 337-14),,102,1.0,사용,등록,대구광역시 달서구 장기로 206,35.84370437,128.537867988
2866,201239,아니오,아니오,대봉서한포레스트,대봉서한포레스트,개별난방,아니오,예,수성안전팀,2022-07-22,, 7 월,중구 대봉로 240 (대봉동 55-68),,679,4.0,사용,등록,대구광역시 중구 대봉로 240,35.860224106,128.601423807
2867,201240,아니오,아니오,성당태왕아너스메트로,성당동 태왕아너스메트로,개별난방,아니오,예,서부안전팀,2022-03-30,, 3 월,달서구 대명천로 33 (성당동 223-3),,293,3.0,사용,등록,대구광역시 달서구 대명천로 33,35.838192216,128.555985607
2868,201241,아니오,아니오,화원파크뷰 우방아이유쉘,화원 파크뷰 우방아이유쉘,개별난방,아니오,예,서부안전팀,2022-07-12,, 7 월,달성군 화원읍 명천로21길 55 (천내리 690-1),,538,4.0,사용,등록,대구광역시 달성군 화원읍 명천로21길 55,35.79940263,128.504419039
2869,201242,아니오,아니오,헌문리스카이뷰,고령헌문리스카이뷰,개별난방,아니오,예,서부안전팀,2021-08-31,, 8 월,고령군 대가야읍 대가야로 1340-13 (헌문리 331-2),,37,1.0,사용,제외,경상북도 고령군 대가야읍 대가야로 1340-13,35.727965929,128.272518193
2870,201243,아니오,아니오,죽전역빌리브스카이,신세계 빌리브스카이,지역난방,아니오,예,서부안전팀,2022-07-25,, 7 월,달서구 와룡로 186 (감삼동 707),,1,1.0,사용,제외,대구광역시 달서구 와룡로 186,35.849742361,128.538089211
2871,201244,아니오,아니오,동대구에일린의뜰,신암에일린의뜰,개별난방,아니오,예,경산안전팀,2021-05-21,, 5 월,동구 아양로9길 35 (신암동 1846),,705,8.0,사용,등록,대구광역시 동구 아양로9길 35,35.886032077,128.617036698
2872,201245,아니오,아니오,진천역라온프라이빗센텀,진천역라온프라이빗센텀,개별난방,아니오,예,서부안전팀,2022-04-04,, 4 월,달서구 진천로16길 26 (진천동 555-8),,685,4.0,사용,등록,대구광역시 달서구 진천로16길 26,35.815432635,128.525931227
2873,201246,아니오,아니오,교대역하늘채뉴센트원,교대역 하늘채 뉴센트원,개별난방,아니오,예,수성안전팀,2022-02-22,, 2 월,남구 중앙대로 187 (대명동 1959-27),,975,10.0,사용,등록,대구광역시 남구 중앙대로 187,35.84998795,128.587476271
2874,201247,아니오,아니오,대구도남지구A-2BL아파트,대구 도남지구 A-2BL 아파트(LH2단지),개별난방,아니오,예,북부안전팀,2022-12-29,,12 월,북구 도남중앙로22길 10 (도남동 908),,"1,200",10.0,사용,등록,대구광역시 북구 도남중앙로22길 10,35.960318781,128.588628198
2875,201248,아니오,아니오,하나스테이대명,하나스테이 대구대명,개별난방,아니오,예,수성안전팀,2021-10-07,,10 월,남구 명덕로 50 (대명동 2275-2),,97,1.0,사용,등록,대구광역시 남구 명덕로 50,35.858844575,128.576219013
2876,201249,아니오,아니오,반월당역서한포레스트,반월당 서한포레스트,개별난방,아니오,예,수성안전팀,2022-09-07,, 9 월,중구 중앙대로67길 11 (남산동 614-1),,427,5.0,사용,등록,대구광역시 중구 중앙대로67길 11,35.86244448,128.591386618
2877,201250,아니오,아니오,e편한세상두류역,두류역e편한세상,지역난방,아니오,예,서부안전팀,2022-04-14,, 4 월,서구 달구벌대로361길 41 (내당동 197-2),,902,7.0,사용,등록,대구광역시 서구 달구벌대로361길 41,35.863807059,128.559617152
2878,201251,아니오,아니오,힐스테이트데시앙도남4단지,힐스테이트 데시앙 도남 4단지,개별난방,아니오,예,북부안전팀,2021-07-20,, 7 월,북구 도남중앙로8길 8 (국우동 산 93-4),,585,6.0,사용,등록,대구광역시 북구 도남중앙로8길 8,35.950852857,128.58433758
2879,201252,아니오,아니오,힐스테이트데시앙도남3단지,힐스테이트 데시앙 도남 3단지,개별난방,아니오,예,북부안전팀,2021-07-20,, 7 월,북구 도남중앙로7길 7 (국우동 226),,556,6.0,사용,등록,대구광역시 북구 도남중앙로7길 7,35.95074375,128.582647715
2880,201253,아니오,아니오,대구역한라하우젠트센텀아파트,대구역한라하우젠트센텀,개별난방,아니오,예,북부안전팀,2021-08-13,, 8 월,북구 칠성남로 100 (칠성동2가 302-144),,288,3.0,사용,등록,대구광역시 북구 칠성남로 100,35.878102193,128.591436531
2881,201254,아니오,아니오,동대구역우방아이유쉘,동대구역 우방아이유쉘아파트,개별난방,아니오,예,수성안전팀,2022-01-13,, 2 월,동구 동부로 115 (신천동 70-1),,575,5.0,사용,등록,대구광역시 동구 동부로 115,35.877152322,128.624683591
2882,201255,아니오,아니오,월성삼정그린코아에듀파크,월성삼정그린코아포레스트,개별난방,아니오,예,서부안전팀,2022-03-11,, 3 월,달서구 월성로 100 (월성동 1894),,"1,392",12.0,사용,등록,대구광역시 달서구 월성로 100,35.830085924,128.523736057
2883,201256,아니오,아니오,빌리브 범어2차 아파트,빌리브 범어2차 아파트,개별난방,아니오,예,수성안전팀,2021-12-06,,11 월,수성구 범어로20길 120 (범어동 2280),,209,3.0,사용,등록,대구광역시 수성구 범어로20길 120,35.857543611,128.642462881
2884,201257,아니오,아니오,에이스디센터1976지식산업센터,에이스디센터지식산업센터(기숙사),개별난방,아니오,예,서부안전팀,2021-05-13,, 5 월,서구 와룡로 307 (중리동 1166-1),,66,1.0,사용,등록,대구광역시 서구 와룡로 307,35.85979737,128.536649772
2885,201258,아니오,아니오,범어자이엘라오피스텔,동대구 자이엘라 오피스텔,개별난방,아니오,예,수성안전팀,2022-10-06,,10 월,수성구 동대구로 387 (범어동 2-11),,192,1.0,사용,등록,대구광역시 수성구 동대구로 387,35.864983399,128.626247741
2886,201259,아니오,아니오,죽전역동화아이위시,죽전역 동화아이위시,개별난방,아니오,예,서부안전팀,2022-02-23,, 2 월,달서구 와룡로 123 (감삼동 704),,392,3.0,사용,등록,대구광역시 달서구 와룡로 123,35.84380019,128.535846778
2887,201260,아니오,아니오,남산자이하늘채아파트,남산자이하늘채 아파트,개별난방,아니오,예,수성안전팀,2021-12-06,,12 월,중구 명덕로 33 (남산동 3030),,"1,368",12.0,사용,등록,대구광역시 중구 명덕로 33,35.860441422,128.575111431
2888,201261,아니오,아니오,대봉더샵리비테르1차,더샵리비테르1차,개별난방,아니오,예,수성안전팀,2021-11-29,,11 월,중구 대봉로43길 21 (대봉동 169-11),,724,9.0,사용,등록,대구광역시 중구 대봉로43길 21,35.857062719,128.601102453
2889,201262,아니오,아니오,대봉더샵리비테르2차,더샾 센트럴파크2차(리비테르),개별난방,아니오,예,수성안전팀,2021-11-29,,11 월,중구 대봉로43길 22 (대봉동 94-15),,613,6.0,사용,등록,대구광역시 중구 대봉로43길 22,35.858098667,128.599809894
2890,201263,예,아니오,강산아파트,,개별난방,아니오,아니오,,,,,동구 해동로5길 18 (지저동 786-5),,40,1.0,사용,미등록,대구광역시 동구 해동로5길 18,35.894758104,128.640102035
2891,201264,아니오,아니오,대봉교역태왕아너스,대봉교역 태왕아너스,개별난방,아니오,예,수성안전팀,2022-11-15,,11 월,남구 대봉로30길 15 (이천동 1177),,412,6.0,사용,등록,대구광역시 남구 대봉로30길 15,35.852184485,128.603801646
2892,201265,아니오,아니오,화원신일해피트리꿈의숲아파트,화원 신일해피트리 꿈의숲,개별난방,아니오,예,서부안전팀,2022-05-30,, 5 월,달성군 화원읍 명천로 383 (설화리 1150),,553,7.0,사용,등록,대구광역시 달성군 화원읍 명천로 383,35.790847899,128.484740594
2893,201266,아니오,아니오,죽전역 해링턴 플레이스 더 원,효성해링턴 플레이스 감삼1차,개별난방,아니오,예,서부안전팀,2023-02-17,, 2 월,달서구 와룡로31길 16 (감삼동 560-1),,320,2.0,사용,등록,대구광역시 달서구 와룡로31길 16,35.847054943,128.535293649
2894,201267,아니오,아니오,동대구벤처행복주택,동대구 벤쳐 창업지원주택(LH),개별난방,아니오,예,수성안전팀,2021-08-30,, 8 월,동구 동대구로 469 (신천동 103),,100,1.0,사용,등록,대구광역시 동구 동대구로 469,35.872127171,128.624823185
2895,201268,아니오,아니오,봉덕2차화성파크드림,봉덕 2차화성파크드림,개별난방,아니오,예,수성안전팀,2022-10-21,,10 월,남구 대덕로 161 (봉덕동 1657),,499,8.0,사용,등록,대구광역시 남구 대덕로 161,35.841229331,128.602354429
2896,201269,아니오,아니오,청라언덕역서한포레스트,청라언덕역 서한포레스트,개별난방,아니오,예,수성안전팀,2022-08-18,, 8 월,중구 달구벌대로 2021 (동산동 438),,329,3.0,사용,등록,대구광역시 중구 달구벌대로 2021,35.866053363,128.584977369
2897,201270,아니오,아니오,죽전역화성파크드림,죽전역 화성파크드림,개별난방,아니오,예,서부안전팀,2022-09-26,, 9 월,달서구 달구벌대로304길 60 (감삼동 582-5),,212,3.0,사용,등록,대구광역시 달서구 달구벌대로304길 60,35.846820843,128.532119442
2898,201271,아니오,아니오,대구역경남센트로팰리스,대구역경남센트로팰리스,개별난방,아니오,예,수성안전팀,2022-06-21,, 6 월,중구 태평로 47 (태평로3가 177-3),,182,2.0,사용,등록,대구광역시 중구 태평로 47,35.877852563,128.583929109
2899,201272,예,아니오,대학로원룸,,개별난방,아니오,아니오,,,,,경산시 하양읍 하양역길 19-5 (금락리 116-283),,18,1.0,사용,미등록,경상북도 경산시 하양읍 하양역길 19-5,35.910461183,128.816062914
2900,201273,예,아니오,대학로원룸,,개별난방,아니오,아니오,,,,,경산시 하양읍 하양역길 15-1 (금락리 116-284),,15,1.0,사용,미등록,경상북도 경산시 하양읍 하양역길 15-1,35.910439721,128.81632926
2901,201274,예,아니오,대학로원룸,,개별난방,아니오,아니오,,,,,경산시 하양읍 하양역길 19-7 (금락리 116-285),,18,1.0,사용,미등록,경상북도 경산시 하양읍 하양역길 19-7,35.910354252,128.816216897
2902,201275,아니오,아니오,월성삼정그린코아카운티,월배 삼정그린코아 카운티,개별난방,아니오,예,서부안전팀,2022-03-15,, 3 월,달서구 월암로 8 (월성동 1891),,202,3.0,사용,등록,대구광역시 달서구 월암로 8,35.820440437,128.521418488
2903,201276,아니오,아니오,빌리브클라쎄,신세계 빌리브클라쎄,개별난방,아니오,예,서부안전팀,2023-05-10,, 5 월,달서구 와룡로 41 (본동 747),,317,2.0,사용,등록,대구광역시 달서구 와룡로 41,35.836093176,128.536352056
2904,201277,아니오,아니오,동대구역센트럴시티자이,신천동 센트럴자이,개별난방,아니오,예,경산안전팀,2022-06-17,, 6 월,동구 송라로10길 33 (신천동 193-1),,553,8.0,사용,등록,대구광역시 동구 송라로10길 33,35.873496308,128.62371983
2905,201278,아니오,아니오,덕경인터빌(관리사무소),고령 덕경인터빌아파트,개별난방,아니오,예,서부안전팀,2021-09-16,, 9 월,고령군 대가야읍 덕경길 9-21 (지산리 906-47),,298,3.0,사용,등록,경상북도 고령군 대가야읍 덕경길 9-21,35.712631787,128.257958253
2906,201280,아니오,아니오,시지코오롱하늘채스카이뷰,시지 코오롱 하늘채 스카이뷰,개별난방,아니오,예,경산안전팀,2021-12-10,,12 월,수성구 고산로 101 (신매동 566-3),,686,4.0,사용,등록,대구광역시 수성구 고산로 101,35.838915463,128.703944498
2907,201281,아니오,아니오,수성데시앙리버뷰,수성데시앙리버뷰,개별난방,아니오,예,수성안전팀,2021-11-23,,11 월,수성구 희망로20길 10 (중동 532-324),,278,6.0,사용,등록,대구광역시 수성구 희망로20길 10,35.846902211,128.607989783
2908,201282,아니오,아니오,서대구KTX영무예다음,서대구 KTX 3-1블럭 영무예다음,개별난방,아니오,예,북부안전팀,2022-12-15,,12 월,서구 당산로 446 (평리동 576-8),,"1,135",10.0,사용,등록,대구광역시 서구 당산로 446,35.87467142,128.547197104
2909,201283,아니오,아니오,힐스테이트죽전역더퍼스트,대구힐스테이트감삼아파트(더퍼스트),개별난방,아니오,예,서부안전팀,2022-09-08,, 9 월,달서구 와룡로31길 26 (감삼동 556),,568,4.0,사용,등록,대구광역시 달서구 와룡로31길 26,35.846836999,128.533889735
2910,201284,아니오,아니오,대구도남A-1BL아파트,대구도남A-1BL. LH(엘에이치1단지),개별난방,아니오,예,북부안전팀,2022-06-29,, 6 월,북구 도남길 96 (국우동 70),,820,3.0,사용,등록,대구광역시 북구 도남길 96,35.956823985,128.584095145
2911,201286,아니오,아니오,경산하양LH천년나무4단지아파트,경산하양A-4BL(천년나무4단지),개별난방,아니오,예,경산안전팀,2021-11-17,,11 월,경산시 하양읍 서사도리4로 22 (양지리 266),,723,4.0,사용,등록,경상북도 경산시 하양읍 서사도리4로 22,35.920378607,128.809553429
2912,201287,아니오,아니오,아이올리오피스텔,멘토르오피스텔(아이올리),개별난방,아니오,예,수성안전팀,2022-04-29,, 4 월,수성구 달구벌대로652길 16 (신매동 149-4),,21,1.0,사용,제외,대구광역시 수성구 달구벌대로652길 16,35.836618718,128.711281922
2913,201288,아니오,아니오,힐스테이트다사역,다사역현대힐스테이트,개별난방,아니오,예,서부안전팀,2022-04-08,, 4 월,달성군 다사읍 매곡로12길 22 (매곡리 637-6),,736,7.0,사용,등록,대구광역시 달성군 다사읍 매곡로12길 22,35.863993776,128.456464339
2914,201289,아니오,아니오,동성로하우스디어반오피스텔,동성로하우스디어반오피스텔,개별난방,아니오,예,수성안전팀,2021-10-01,,10 월,중구 국채보상로 570 (남일동 29-3),,502,1.0,사용,등록,대구광역시 중구 국채보상로 570,35.870610044,128.593267033
2915,201290,아니오,아니오,덕경인터빌(LH공사),,개별난방,아니오,아니오,,,,,고령군 대가야읍 덕경길 9-21 (지산리 906-47),,51,1.0,사용,등록,경상북도 고령군 대가야읍 덕경길 9-21,35.712631787,128.257958253
2916,201291,아니오,아니오,장원젠트룸,장원젠트룸,개별난방,아니오,예,경산안전팀,2021-10-22,,10 월,동구 신암남로24길 53 (신암동 353-7),,28,1.0,사용,등록,대구광역시 동구 신암남로24길 53,35.88157246,128.632005288
2917,201292,아니오,아니오,힐스테이트황금엘포레,힐스테이트 황금센트럴아파트,개별난방,아니오,예,수성안전팀,2021-11-17,,11 월,수성구 청솔로 16 (황금동 986),,750,9.0,사용,등록,대구광역시 수성구 청솔로 16,35.848273118,128.620744253
2918,201294,아니오,아니오,대구안심2차시티프라디움,안심뉴타운 시티프라디움(2차),개별난방,아니오,예,경산안전팀,2022-05-23,, 5 월,동구 안심뉴타운7로 31 (율암동 1295),,431,6.0,사용,등록,대구광역시 동구 안심뉴타운7로 31,35.875377117,128.707790191
2919,201295,아니오,아니오,만촌역서한포레스트,만촌동 서한포레스트,개별난방,아니오,예,수성안전팀,2022-09-16,, 9 월,수성구 달구벌대로 2606 (만촌동 1040-14),,258,3.0,사용,등록,대구광역시 수성구 달구벌대로 2606,35.857704635,128.647014952
2920,201296,아니오,아니오,진천주상복합아파트,진천 주상복합 아파트,개별난방,아니오,예,서부안전팀,2022-02-17,, 2 월,달서구 월배로14길 50 (진천동 698-3),,66,1.0,사용,등록,대구광역시 달서구 월배로14길 50,35.811187329,128.521464587
2921,201297,아니오,아니오,루지움더스튜디오,송현동 복합시설(루지움더스튜디오),개별난방,아니오,예,서부안전팀,2022-05-30,, 5 월,달서구 월배로 477 (송현동 1033-4),,21,1.0,사용,등록,대구광역시 달서구 월배로 477,35.835845682,128.555883894
2922,201298,아니오,아니오,서대구KTX영무예다음,서대구KTX3-2블럭 영무예다음,개별난방,아니오,예,북부안전팀,2023-01-19,, 1 월,서구 당산로 446 (평리동 576-8),,283,3.0,사용,등록,대구광역시 서구 당산로 446,35.87467142,128.547197104
2923,201299,아니오,아니오,대구용산자이,대구용산자이,개별난방,아니오,예,서부안전팀,2023-12-13,,12 월,달서구 달구벌대로 1515 (용산동 208-5),,429,4.0,사용,등록,대구광역시 달서구 달구벌대로 1515,35.850399275,128.532687953
2924,201300,아니오,아니오,더트루엘수성,일성트루엘레전드(더트루엘수성),개별난방,아니오,예,수성안전팀,2022-10-21,,10 월,수성구 지범로52길 5-6 (범물동 859-1),,158,2.0,사용,등록,대구광역시 수성구 지범로52길 5-6,35.815249703,128.646138847
2925,201301,아니오,아니오,만촌효성해링턴플레이스,만촌 효성해링턴플레이스,개별난방,아니오,예,수성안전팀,2022-10-26,,10 월,수성구 청호로 490 (만촌동 1040-1),,287,2.0,사용,등록,대구광역시 수성구 청호로 490,35.858162016,128.645867435
2926,201302,아니오,아니오,경산하양금호어울림,경산하양 A6BL 금호(금호어울림),개별난방,아니오,예,경산안전팀,2022-11-26,,11 월,경산시 하양읍 서사도리로 31 (서사리 206-7),,626,5.0,사용,등록,경상북도 경산시 하양읍 서사도리로 31,35.918074964,128.803948779
2927,201303,아니오,아니오,동대구역아펠리체오피스텔,동대구역 아펠리체 오피스텔,개별난방,아니오,예,수성안전팀,2022-02-03,, 2 월,동구 동부로22길 9 (신천동 327-3),,308,1.0,사용,등록,대구광역시 동구 동부로22길 9,35.876148809,128.627723744
2928,201304,아니오,아니오,시지라온프라이빗,시지 라온프라이빗,개별난방,아니오,예,수성안전팀,2022-09-29,, 9 월,수성구 달구벌대로656길 32 (신매동 69),,207,5.0,사용,등록,대구광역시 수성구 달구벌대로656길 32,35.834645407,128.713530119
2929,201305,아니오,아니오,중동뷰웰리버파크,중동 수성뷰웰 리버파크,개별난방,아니오,예,수성안전팀,2022-11-07,,11 월,수성구 수성로41길 41 (중동 485-1),,266,4.0,사용,등록,대구광역시 수성구 수성로41길 41,35.8438748,128.609691325
2930,201306,아니오,아니오,대명헤리티지,대명 헤리티지아파트,개별난방,아니오,예,수성안전팀,2022-03-23,, 3 월,남구 대명역2길 104 (대명동 1128),,37,1.0,사용,등록,대구광역시 남구 대명역2길 104,35.837320454,128.559042053
2931,201307,아니오,아니오,하양지구우미린에코포레,경산하양지구 A-5블럭 우미린(에코포레),개별난방,아니오,예,경산안전팀,2022-08-12,, 8 월,경산시 하양읍 서사도리로 71 (서사리 286),,787,5.0,사용,등록,경상북도 경산시 하양읍 서사도리로 71,35.918738748,128.806911554
2932,201308,아니오,아니오,두류센트레빌더시티,두류센트레빌더시티아파트,개별난방,아니오,예,서부안전팀,2022-11-09,,11 월,달서구 당산로36길 11 (두류동 2346),,333,5.0,사용,등록,대구광역시 달서구 당산로36길 11,35.85307723,128.550281451
2933,201309,아니오,아니오,월배역우인그레이스,진천동 우인그레이스,개별난방,아니오,예,서부안전팀,2022-07-12,, 7 월,달서구 진천로18길 90 (진천동 66-1),,52,1.0,사용,등록,대구광역시 달서구 진천로18길 90,35.817936944,128.527721783
2934,201310,아니오,아니오,대구수성범어W,대구 수성 범어 W 아파트,개별난방,아니오,예,수성안전팀,2023-10-17,,10 월,수성구 달구벌대로 2436 (범어동 189-2),,"1,868",5.0,사용,등록,대구광역시 수성구 달구벌대로 2436,35.857687833,128.626820885
2935,201312,아니오,아니오,두류파크KCC스위첸,대구 두류파크 KCC 스위첸,개별난방,아니오,예,서부안전팀,2022-09-19,, 9 월,달서구 파도고개로 70 (두류동 803-44),,785,9.0,사용,등록,대구광역시 달서구 파도고개로 70,35.853986864,128.571381084
2936,201313,아니오,아니오,대구테크노폴리스예미지더센트럴,대구테크노폴리스 예미지 더센트럴,개별난방,아니오,예,서부안전팀,2023-08-29,, 8 월,달성군 유가읍 테크노북로 260 (봉리 660),,894,9.0,사용,등록,대구광역시 달성군 유가읍 테크노북로 260,35.691159853,128.462394426
2937,201315,아니오,아니오,경산하양LH천년나무3단지아파트,,중앙난방(가스),아니오,아니오,,,,,경산시 하양읍 서사도리4로 12 (양지리 265),,,,사용,제외,경상북도 경산시 하양읍 서사도리4로 12,35.919657017,128.809135029
2938,201317,아니오,아니오,동대구해모로스퀘어웨스트,동대구해모로스퀘어웨스트,개별난방,아니오,예,경산안전팀,2023-03-02,, 3 월,동구 동북로 340 (신암동 680-27),,"1,122",20.0,사용,등록,대구광역시 동구 동북로 340,35.88923825,128.627376179
2939,201318,아니오,아니오,동대구역더샵센터시티,포스코 동대구역(더샵센터시티),개별난방,아니오,예,경산안전팀,2022-04-13,, 4 월,동구 동부로19길 18 (신천동 1514),,495,6.0,사용,등록,대구광역시 동구 동부로19길 18,35.876829344,128.62391148
2940,201319,아니오,아니오,시지삼정그린코아포레스트,시지삼정그린코아포레스트,개별난방,아니오,예,경산안전팀,2023-03-31,, 3 월,수성구 욱수천로2길 22 (욱수동 25-2),,667,7.0,사용,등록,대구광역시 수성구 욱수천로2길 22,35.831585958,128.711668978
2941,201320,아니오,아니오,월배라온프라이빗디엘,진천라온프라이빗디엘,개별난방,아니오,예,서부안전팀,2024-08-06,, 8 월,달서구 월배로 159 (진천동 42-3),,669,4.0,사용,등록,대구광역시 달서구 월배로 159,35.817299919,128.529804802
2942,201321,아니오,아니오,죽전역태왕아너스,죽전역 태왕아너스,개별난방,아니오,예,서부안전팀,2023-11-29,,11 월,달서구 와룡로 111 (본리동 1-3),,306,3.0,사용,등록,대구광역시 달서구 와룡로 111,35.842653789,128.536634643
2943,201322,아니오,아니오,대명역센트럴엘리프,대명역골안주택(센트럴엘리프),개별난방,아니오,예,수성안전팀,2022-06-22,, 6 월,남구 대명로14길 60 (대명동 3072),,"1,051",12.0,사용,등록,대구광역시 남구 대명로14길 60,35.835275259,128.563114323
2944,201323,아니오,아니오,서대구역반도유보라센텀,서대구 반도유보라 센텀,개별난방,아니오,예,북부안전팀,2023-07-06,, 7 월,서구 문화로 230 (평리동 1083-2),,"1,678",11.0,사용,등록,대구광역시 서구 문화로 230,35.87509396,128.556471963
2945,201324,아니오,아니오,설화명곡역우방아이유쉘,설화명곡역 우방아이유쉘,개별난방,아니오,예,서부안전팀,2023-02-24,, 2 월,달성군 화원읍 비슬로 2417 (설화리 778-1),,320,5.0,사용,등록,대구광역시 달성군 화원읍 비슬로 2417,35.796686085,128.484296861
2946,201325,아니오,아니오,다사역금호어울림센트럴,대구 다사역 어울림 아파트(센트럴),개별난방,아니오,예,서부안전팀,2023-01-19,, 1 월,달성군 다사읍 다사로 71 (매곡리 1582),,945,8.0,사용,등록,대구광역시 달성군 다사읍 다사로 71,35.865521713,128.458190558
2947,201326,아니오,아니오,동대구해모로스퀘어이스트,동대구해모로스퀘어이스트,개별난방,아니오,예,경산안전팀,2023-01-21,, 1 월,동구 동북로75길 13 (신암동 81-1),,935,15.0,사용,등록,대구광역시 동구 동북로75길 13,35.889716415,128.628530453
2948,201327,아니오,아니오,달성파크푸르지오,달성파크 푸르지오 아파트,개별난방,아니오,예,수성안전팀,2023-05-10,, 5 월,중구 달성로 123 (달성동 12-11),,"1,501",18.0,사용,등록,대구광역시 중구 달성로 123,35.87755091,128.58030646
2949,201328,아니오,아니오,만촌자이르네,만촌동 자이르네아파트,개별난방,아니오,예,수성안전팀,2022-11-21,,11 월,수성구 교학로19길 19 (만촌동 1489),,607,6.0,사용,등록,대구광역시 수성구 교학로19길 19,35.849061187,128.64926663
2950,201329,아니오,아니오,엑소디움센트럴동인,엑소디움센트럴동인,개별난방,아니오,예,수성안전팀,2022-11-16,,11 월,중구 국채보상로139길 40 (동인동3가 88),,630,6.0,사용,등록,대구광역시 중구 국채보상로139길 40,35.870928631,128.608015995
2951,201330,아니오,아니오,수성해모로하이엔,수성해모로하이엔,개별난방,아니오,예,수성안전팀,2023-12-01,,12 월,수성구 파동로 47 (파동 540-14),,795,11.0,사용,등록,대구광역시 수성구 파동로 47,35.807058909,128.621452644
2952,201331,아니오,아니오,호반써밋이스텔라,호반써밋 이스텔라,개별난방,아니오,예,경산안전팀,2022-10-24,,10 월,동구 반야월북로 111-11 (율암동 1307),,315,4.0,사용,등록,대구광역시 동구 반야월북로 111-11,35.875277728,128.708495181
2953,201332,아니오,아니오,빌리브죽전,빌리브메트로뷰,개별난방,아니오,예,서부안전팀,2023-03-02,, 3 월,달서구 달구벌대로 1581 (죽전동 279-1),,234,2.0,사용,등록,대구광역시 달서구 달구벌대로 1581,35.851433607,128.539631401
2954,201333,아니오,아니오,대봉교역금호어울림에듀리버,대봉교역 금호어울림 에듀리버,개별난방,아니오,예,수성안전팀,2023-05-16,, 5 월,남구 대봉로30길 12 (이천동 270-21),,433,6.0,사용,등록,대구광역시 남구 대봉로30길 12,35.85062073,128.603858227
2955,201334,아니오,아니오,수성센트럴화성파크드림,수성센트럴 화성파크드림,개별난방,아니오,예,수성안전팀,2023-07-25,, 7 월,수성구 수성로 180 (중동 179),,230,2.0,사용,등록,대구광역시 수성구 수성로 180,35.841020611,128.612877298
2956,201335,아니오,아니오,대구역한라하우젠트센트로,대구역한라하우젠트센트로,개별난방,아니오,예,수성안전팀,2024-09-25,, 9 월,중구 태평로 190 (태평로1가 11),,228,3.0,사용,등록,대구광역시 중구 태평로 190,35.873987404,128.598508768
2957,201336,아니오,아니오,죽전역코아루더리브,죽전역코아루더리브,개별난방,아니오,예,서부안전팀,2023-10-19,,10 월,달서구 용산로24길 40 (감삼동 573),,376,3.0,사용,등록,대구광역시 달서구 용산로24길 40,35.847966917,128.532954961
2958,201337,아니오,아니오,쌍용더플래티넘범어,범어동 쌍용더플래티넘범어,개별난방,아니오,예,수성안전팀,2023-06-13,, 6 월,수성구 상록로 25 (범어동 2283),,292,3.0,사용,등록,대구광역시 수성구 상록로 25,35.861996592,128.623645795
2959,201338,아니오,아니오,두산위브더제니스 센트럴달서,뉴센트럴두산위브더제니스,개별난방,아니오,예,서부안전팀,2024-05-08,, 5 월,달서구 와룡로 80 (본리동 1234),,372,3.0,사용,등록,대구광역시 달서구 와룡로 80,35.840040626,128.537618177
2960,201339,아니오,아니오,엘퍼스트,호산동오피스텔,개별난방,아니오,예,서부안전팀,2023-03-29,, 3 월,달서구 성서공단로11길 64-3 (호산동 712-18),,55,1.0,사용,등록,대구광역시 달서구 성서공단로11길 64-3,35.841024556,128.488608749
2961,201340,아니오,아니오,블루핀34아파트,블루핀34아파트,개별난방,아니오,예,서부안전팀,2022-11-14,,11 월,달성군 다사읍 다사로4길 12-14 (매곡리 229-7),,34,1.0,사용,등록,대구광역시 달성군 다사읍 다사로4길 12-14,,
2962,201341,아니오,아니오,태전역광신프로그레스,태전역광신프로그레스,개별난방,아니오,예,북부안전팀,2023-05-12,, 5 월,북구 태전로7길 34 (태전동 214-47),,532,8.0,사용,등록,대구광역시 북구 태전로7길 34,35.92400799,128.540280135
2963,201342,아니오,아니오,서대구역서한이다음더퍼스트1단지,서대구역 서한이다음 더퍼스트 1단지,개별난방,아니오,예,북부안전팀,2023-02-10,, 2 월,서구 국채보상로37길 38 (평리동 1497-44),,566,9.0,사용,등록,대구광역시 서구 국채보상로37길 38,35.872352813,128.551809323
2964,201343,아니오,아니오,더샵수성라크에르,더샵수성라크에르,개별난방,아니오,예,수성안전팀,2023-03-06,, 3 월,수성구 지산로3길 33 (지산동 1234),,899,9.0,사용,등록,대구광역시 수성구 지산로3길 33,35.823360465,128.629510934
2965,201344,아니오,아니오,힐스테이트동인센트럴,힐스테이트 동인센트럴,개별난방,아니오,예,수성안전팀,2024-01-23,, 1 월,중구 동덕로 181 (동인동1가 235-1),,500,3.0,사용,등록,대구광역시 중구 동덕로 181,35.871147563,128.603011739
2966,201345,아니오,아니오,해링턴플레이스동대구,해링턴플레이스동대구,개별난방,아니오,예,경산안전팀,2023-05-12,, 5 월,동구 경대로 126 (신암동 674-20),,"1,265",17.0,사용,등록,대구광역시 동구 경대로 126,35.88722821,128.620338193
2967,201347,아니오,아니오,대구경북과학기술원교원사택,"대구 경북과학기술원 교원사택(403,404,405동)",개별난방,아니오,예,서부안전팀,2022-11-29,,11 월,달성군 현풍읍 테크노중앙대로 333 (상리 50-1),,90,3.0,사용,등록,대구광역시 달성군 현풍읍 테크노중앙대로 333,35.704926213,128.456255249
2968,201349,아니오,아니오,수성레이크푸르지오,수성레이크푸르지오,개별난방,아니오,예,수성안전팀,2022-08-01,, 8 월,수성구 청수로24길 91 (두산동 81-2),,500,3.0,사용,등록,대구광역시 수성구 청수로24길 91,35.83560429,128.621333812
2969,201351,아니오,아니오,대구역오페라W주거복합,대구역 오페라W주거복합,개별난방,아니오,예,북부안전팀,2023-03-22,, 3 월,북구 칠성남로 50 (고성동1가 104-21),,"1,091",6.0,사용,등록,대구광역시 북구 칠성남로 50,35.878600012,128.584787898
2970,201352,아니오,아니오,청라힐스자이,청라힐스자이,개별난방,아니오,예,수성안전팀,2022-12-07,,12 월,중구 남산로 73 (남산동 3049),,947,13.0,사용,등록,대구광역시 중구 남산로 73,35.861569903,128.578875556
2971,201353,아니오,아니오,빌리브파크뷰,빌리브파크뷰,개별난방,아니오,예,서부안전팀,2023-05-17,, 5 월,달서구 두류공원로 245 (두류동 2355),,166,2.0,사용,등록,대구광역시 달서구 두류공원로 245,35.855184523,128.558984677
2972,201355,아니오,아니오,서대구역화성파크드림1단지,서대구역 화성파크드림 1단지,개별난방,아니오,예,북부안전팀,2023-09-11,, 9 월,서구 서대구로29길 30 (평리동 1505-4),,913,8.0,사용,등록,대구광역시 서구 서대구로29길 30,35.870554695,128.547217543
2973,201356,아니오,아니오,서대구역화성파크드림2단지,서대구역 화성파크드림 2단지,개별난방,아니오,예,북부안전팀,2023-09-12,, 9 월,서구 서대구로29길 30 (평리동 1511-4),,497,4.0,사용,등록,대구광역시 서구 서대구로29길 30,35.870554695,128.547217543
2974,201357,아니오,아니오,서대구역화성파크드림3단지,서대구역 화성파크드림 3단지,개별난방,아니오,예,북부안전팀,2023-09-13,, 9 월,서구 서대구로29길 30 (평리동 1515-1),,184,3.0,사용,등록,대구광역시 서구 서대구로29길 30,35.870554695,128.547217543
2975,201358,아니오,아니오,사월삼정그린코아카운티,사월삼정그린코아카운티,개별난방,아니오,예,수성안전팀,2023-05-10,, 5 월,수성구 달구벌대로 3297 (사월동 409-1),,101,1.0,사용,등록,대구광역시 수성구 달구벌대로 3297,35.837394465,128.716333788
2976,201359,아니오,아니오,모던클래시,쾌빈리 공동주택(모던클래시),개별난방,아니오,예,서부안전팀,2022-09-29,, 9 월,고령군 대가야읍 대가야로 1451 (쾌빈리 329-6),,40,5.0,사용,등록,경상북도 고령군 대가야읍 대가야로 1451,35.737779245,128.271157127
2977,201360,아니오,아니오,대가야스카이뷰202,대가야스카이뷰202,개별난방,아니오,예,북부안전팀,2023-03-03,, 3 월,고령군 대가야읍 대가야로 1340-20 (장기리 257-3),,44,1.0,사용,제외,경상북도 고령군 대가야읍 대가야로 1340-20,35.727165249,128.272964698
2978,201361,아니오,아니오,빌리브헤리티지,빌리브헤리티지 아파트,개별난방,아니오,예,수성안전팀,2023-05-11,, 5 월,수성구 들안로73길 20 (수성동4가 2266),,146,2.0,사용,등록,대구광역시 수성구 들안로73길 20,35.864236735,128.616478905
2979,201362,아니오,아니오,경산하양제일풍경채,경산 하양 A7BL 제일풍경채,개별난방,아니오,예,경산안전팀,2024-02-15,, 2 월,경산시 하양읍 서사도리로 11 (서사리 278),,614,4.0,사용,등록,경상북도 경산시 하양읍 서사도리로 11,35.917856798,128.801393669
2980,201363,아니오,아니오,대구안심파라곤프레스티지,대구안심뉴타운B4블럭(파라곤프레스티지),개별난방,아니오,예,경산안전팀,2023-02-08,, 2 월,동구 안심뉴타운7로 13 (율암동 1297),,759,13.0,사용,등록,대구광역시 동구 안심뉴타운7로 13,35.873831449,128.708310355
2981,201364,아니오,아니오,서대구역서한이다음더퍼스트2단지,서대구역 서한이다음 더퍼스트 2단지(621-624동),개별난방,아니오,예,북부안전팀,2023-02-10,, 2 월,서구 국채보상로37길 38 (평리동 1497-44),,290,4.0,사용,등록,대구광역시 서구 국채보상로37길 38,35.872352813,128.551809323
2982,201366,아니오,아니오,시지센트레빌아파트,시지 센트레빌,개별난방,아니오,예,수성안전팀,2023-07-11,, 7 월,수성구 달구벌대로622길 9 (시지동 374),,120,2.0,사용,등록,대구광역시 수성구 달구벌대로622길 9,35.841539929,128.697726321
2983,201367,아니오,아니오,대평동리버뷰엘OPS,정평역리버뷰엘(OPS),개별난방,아니오,예,경산안전팀,2022-12-20,,12 월,경산시 강변동로 288 (대평동 437-2),,195,1.0,사용,등록,경상북도 경산시 강변동로 288,35.835208474,128.732771324
2984,201369,아니오,아니오,동대구역골드클래스,동대구역 골드클래스,개별난방,아니오,예,경산안전팀,2024-02-27,, 2 월,동구 신암남로 72 (신암동 207-1),,392,6.0,사용,등록,대구광역시 동구 신암남로 72,35.879162242,128.623502389
2985,201371,아니오,아니오,수성더팰리스푸르지오더샵1단지,수성더펠리스푸르지오더샵1단지,개별난방,아니오,예,수성안전팀,2023-10-05,,10 월,수성구 파동로 190 (파동 27-17),,598,9.0,사용,등록,대구광역시 수성구 파동로 190,35.820145851,128.612718127
2986,201372,아니오,아니오,동대구역화성파크드림,동대구역화성파크드림,개별난방,아니오,예,경산안전팀,2023-05-16,, 5 월,동구 동대구로 590 (신암동 255-14),,"1,304",14.0,사용,등록,대구광역시 동구 동대구로 590,35.881851957,128.626339384
2987,201373,아니오,아니오,달성우신미가뷰2차,,개별난방,아니오,아니오,,,,,달성군 논공읍 금포리 2505,,,,사용,미등록,대구광역시 달성군 논공읍 금포리 2505,,
2988,201374,아니오,아니오,죽전역시티프라디움,죽전역 시티프라디움,개별난방,아니오,예,서부안전팀,2023-09-21,, 9 월,달서구 죽전1길 41 (죽전동 277-5),,120,1.0,사용,등록,대구광역시 달서구 죽전1길 41,35.851474594,128.538589625
2989,201375,아니오,아니오,달서코아루더리브,달서코아루더리브,개별난방,아니오,예,서부안전팀,2022-12-26,,12 월,달서구 와룡로 42 (본동 752),,234,2.0,사용,등록,대구광역시 달서구 와룡로 42,35.836368991,128.537413705
2990,201376,아니오,아니오,다산월드메르디앙엔라체,다산월드메르디앙엔라체,개별난방,아니오,예,서부안전팀,2024-02-06,, 2 월,고령군 다산면 좌학길 85 (상곡리 566),,631,6.0,사용,등록,경상북도 고령군 다산면 좌학길 85,35.825967348,128.445475413
2991,201377,아니오,아니오,상인푸르지오센터파크,상인푸르지오센터파크,개별난방,아니오,예,서부안전팀,2024-03-04,, 3 월,달서구 상화로 245 (상인동 1332-100),,990,9.0,사용,등록,대구광역시 달서구 상화로 245,35.809500561,128.541436291
2992,201378,아니오,아니오,대구침산행복주택1,대구침산행복주택,개별난방,아니오,예,서부안전팀,2023-04-26,, 4 월,북구 오봉로24길 46-7 (침산동 1663-344),,28,1.0,사용,등록,대구광역시 북구 오봉로24길 46-7,,
2993,201379,아니오,아니오,힐스테이트도원센트럴,힐스테이트도원센트럴,개별난방,아니오,예,북부안전팀,2024-03-15,, 3 월,중구 태평로 50 (도원동 3-11),,"1,150",5.0,사용,등록,대구광역시 중구 태평로 50,35.87701913,128.58256503
2994,201380,아니오,아니오,중산자이 1단지,중산자이 1단지,개별난방,아니오,예,경산안전팀,2023-10-11,,10 월,경산시 펜타힐즈1로 130 (중산동 705),,"1,144",8.0,사용,등록,경상북도 경산시 펜타힐즈1로 130,35.832910932,128.718628211
2995,201381,아니오,아니오,빌리브프리미어,빌리브프리미어,개별난방,아니오,예,수성안전팀,2023-07-10,, 7 월,중구 공평로 6 (삼덕동2가 166),,263,3.0,사용,등록,대구광역시 중구 공평로 6,35.864632181,128.600421635
2996,201382,아니오,아니오,오페라센텀파크서한이다음,오페라센텀파크서한이다음,개별난방,아니오,예,북부안전팀,2023-06-22,, 6 월,북구 고성로37길 1 (고성동3가 6-20),,417,4.0,사용,등록,대구광역시 북구 고성로37길 1,35.880987002,128.584672874
2997,201383,아니오,아니오,중산자이 2단지,중산자이2단지,개별난방,아니오,예,경산안전팀,2023-10-10,,10 월,경산시 펜타힐즈1로 84 (중산동 706),,309,3.0,사용,등록,경상북도 경산시 펜타힐즈1로 84,35.832494569,128.717121792
2998,201384,아니오,아니오,이랜드피어대명1단지,대명동 공공지원임대주택1단지(이랜드피어),개별난방,아니오,예,수성안전팀,2023-08-14,, 8 월,남구 명덕로 142 (대명동 1875-1),,178,1.0,사용,등록,대구광역시 남구 명덕로 142,35.856277665,128.585683792
2999,201385,아니오,아니오,이랜드피어대명2단지,대명동 공공지원임대주택2단지(이랜드피어),개별난방,아니오,예,수성안전팀,2023-08-14,, 8 월,남구 명덕로 148 (대명동 1824-1),,270,1.0,사용,등록,대구광역시 남구 명덕로 148,35.856289768,128.586419071
3000,201386,아니오,아니오,대구역제일풍경채위너스카이,대구역 제일풍경채위너스카이,개별난방,아니오,예,수성안전팀,2023-08-28,, 8 월,중구 달성로26길 70 (수창동 178),,768,6.0,사용,등록,대구광역시 중구 달성로26길 70,35.874780875,128.586659645
3001,201387,아니오,아니오,경산하양파인앤유더퍼스트,경산하양파인앤유더퍼스트,개별난방,아니오,예,경산안전팀,2023-01-10,, 1 월,경산시 하양읍 지식산업로4길 8 (대학리 1107),,356,1.0,사용,등록,경상북도 경산시 하양읍 지식산업로4길 8,35.934073035,128.821736931
3002,201388,아니오,아니오,서대구센트럴자이,서대구센트럴자이,개별난방,아니오,예,북부안전팀,2023-08-16,, 8 월,서구 고성로 33 (원대동3가 1401),,"1,658",14.0,사용,등록,대구광역시 서구 고성로 33,35.886837938,128.574217156
3003,201389,아니오,아니오,동성로레몬시티,동성로레몬시티,개별난방,아니오,예,수성안전팀,2023-04-20,, 4 월,중구 동성로12길 43 (문화동 10-58),,428,1.0,사용,등록,대구광역시 중구 동성로12길 43,35.871476549,128.59817641
3004,201390,아니오,아니오,중방스타힐스,경산중방 서희스타힐스,개별난방,아니오,예,경산안전팀,2023-05-17,, 6 월,경산시 강변동로 206 (중방동 288-22),,960,10.0,사용,등록,경상북도 경산시 강변동로 206,35.82860889,128.732750632
3005,201391,아니오,아니오,동대구더센트로데시앙,동대구더센트로데시앙,개별난방,아니오,예,경산안전팀,2023-06-16,, 6 월,동구 신암로20길 63 (신암동 451-1),,860,8.0,사용,등록,대구광역시 동구 신암로20길 63,35.87626164,128.613939562
3006,201392,아니오,아니오,반고개역푸르지오,반고개역 푸르지오엘리비엔,개별난방,아니오,예,북부안전팀,2023-11-24,,11 월,서구 큰장로7길 11 (내당동 2353),,240,3.0,사용,등록,대구광역시 서구 큰장로7길 11,35.863533829,128.572425097
3007,201393,아니오,아니오,더샵수성오클레어,대구 더샵 수성오클레어,개별난방,아니오,예,수성안전팀,2023-08-29,, 8 월,수성구 희망로19길 29 (수성동1가 649-19),,303,6.0,사용,등록,대구광역시 수성구 희망로19길 29,35.84838281,128.609102777
3008,201394,아니오,아니오,수성푸르지오리버센트,수성 푸르지오 리버센트,개별난방,아니오,예,수성안전팀,2024-01-04,, 1 월,수성구 수성로35길 50 (중동 556),,714,10.0,사용,등록,대구광역시 수성구 수성로35길 50,35.843497989,128.608485318
3009,201395,아니오,아니오,힐스테이트대구역,대구역 힐스테이트,개별난방,아니오,예,경산안전팀,2023-10-20,,10 월,중구 태평로28길 13 (태평로2가 7-1),,953,6.0,사용,등록,대구광역시 중구 태평로28길 13,35.875043539,128.593329811
3010,201397,아니오,아니오,동대구2차비스타동원,동대구2차 비스타동원,개별난방,아니오,예,경산안전팀,2023-02-15,, 2 월,동구 화랑로25길 60 (효목동 637-1),,627,12.0,사용,등록,대구광역시 동구 화랑로25길 60,35.878321194,128.643199373
3011,201398,아니오,아니오,대경엘리시아,대경엘리시아,개별난방,아니오,예,수성안전팀,2023-05-09,, 5 월,수성구 알파시티1로42길 24 (대흥동 832),,42,1.0,사용,등록,대구광역시 수성구 알파시티1로42길 24,35.837841708,128.68319714
3012,201399,아니오,아니오,더샵디어엘로,더샵디어엘로,개별난방,아니오,예,경산안전팀,2024-01-11,, 1 월,동구 화랑로 33 (신천동 353-1),,"1,190",12.0,사용,등록,대구광역시 동구 화랑로 33,35.869168742,128.631401782
3013,201400,아니오,아니오,신기역극동스타클래스,신기역 극동 스타클래스,개별난방,아니오,예,경산안전팀,2023-07-27,, 7 월,동구 반야월로26길 17 (신기동 160-14),,170,2.0,사용,등록,대구광역시 동구 반야월로26길 17,35.872108479,128.701474688
3014,201401,아니오,아니오,중앙로역푸르지오더센트럴,중앙로역푸르지오더센트럴,개별난방,아니오,예,수성안전팀,2024-05-23,, 5 월,중구 서성로 60 (서성로1가 108),,368,3.0,사용,등록,대구광역시 중구 서성로 60,35.871946566,128.587664131
3015,201402,아니오,아니오,용계역푸르지오아츠베르2단지,대구용계역푸르지오아츠베르2단지,개별난방,아니오,예,경산안전팀,2023-09-18,, 9 월,동구 화랑로108길 46 (용계동 492-1),,568,9.0,사용,등록,대구광역시 동구 화랑로108길 46,35.871755289,128.682612841
3016,201403,아니오,아니오,용계역푸르지오아츠베르1단지,대구용계역푸르지오아츠베르1단지,개별난방,아니오,예,경산안전팀,2023-09-19,, 9 월,동구 화랑로108길 42 (용계동 575-12),,745,12.0,사용,등록,대구광역시 동구 화랑로108길 42,35.872380649,128.682188757
3017,201404,아니오,아니오,힐스테이트감삼센트럴,힐스테이트 감삼센트럴,개별난방,아니오,예,서부안전팀,2024-05-24,, 5 월,달서구 달구벌대로308길 30 (감삼동 567-2),,512,3.0,사용,등록,대구광역시 달서구 달구벌대로308길 30,35.848156806,128.533815893
3018,201405,아니오,아니오,죽전역에일린의뜰,죽전역 에일린의뜰,개별난방,아니오,예,경산안전팀,2023-12-07,,12 월,달서구 와룡로 254 (죽전동 204-1),,959,11.0,사용,등록,대구광역시 달서구 와룡로 254,35.855923359,128.539824264
3019,201406,아니오,아니오,한양수자인더팰리시티(1블럭),한양수자인더팰리시티(1단지),개별난방,아니오,예,서부안전팀,2023-12-26,,12 월,달서구 구마로 230 (송현동 78-3),,500,6.0,사용,등록,대구광역시 달서구 구마로 230,35.835326367,128.552425764
3020,201408,아니오,아니오,달서SK_VIEW,달서 SK VIEW,지역난방,아니오,예,서부안전팀,2024-05-03,, 5 월,달서구 용산로 40 (본리동 433),,"1,196",9.0,사용,제외,대구광역시 달서구 용산로 40,35.841520187,128.532217021
3021,201409,아니오,아니오,서대구역센텀화성파크드림 1단지,서대구역 센텀 화성파크드림 1단지,개별난방,아니오,예,북부안전팀,2024-07-11,, 7 월,서구 문화로 150 (평리동 1502-1),,"1,296",9.0,사용,등록,대구광역시 서구 문화로 150,35.87388092,128.548923687
3022,201410,아니오,아니오,서대구역센텀화성파크드림 2단지,서대구역 센텀 화성파크드림 2단지,개별난방,아니오,예,북부안전팀,2024-07-11,, 7 월,서구 문화로 150 (평리동 1502-1),,108,2.0,사용,등록,대구광역시 서구 문화로 150,35.87388092,128.548923687
3023,201411,아니오,아니오,수성레이크우방아이유쉘,수성레이크 우방아이유쉘,개별난방,아니오,예,수성안전팀,2024-02-06,, 2 월,수성구 파동로32길 100 (파동 68-7),,394,6.0,사용,등록,대구광역시 수성구 파동로32길 100,35.822072082,128.614168939
3024,201412,아니오,아니오,대봉서한이다음,대봉서한이다음,개별난방,아니오,예,수성안전팀,2024-07-03,, 7 월,중구 명덕로 241 (대봉동 590-395),,541,6.0,사용,등록,대구광역시 중구 명덕로 241,35.856875797,128.596937079
3025,201413,아니오,아니오,호반써밋수성,호반써밋수성,개별난방,아니오,예,수성안전팀,2024-04-30,, 4 월,수성구 청수로24길 71 (두산동 1003),,469,3.0,사용,등록,대구광역시 수성구 청수로24길 71,35.83656053,128.62194701
3026,201414,아니오,아니오,KEB하나스테이대구포정임대오피스텔,KEB하나스테이대구포정임대오피스텔,개별난방,아니오,예,수성안전팀,2023-11-07,,11 월,중구 중앙대로 435 (포정동 58),,287,1.0,사용,등록,대구광역시 중구 중앙대로 435,35.87170456,128.593771637
3027,201415,아니오,아니오,경산아이파크,경산아이파크,개별난방,아니오,예,경산안전팀,2024-03-14,, 3 월,경산시 압량읍 압독5로 12 (부적리 808),,977,9.0,사용,등록,경상북도 경산시 압량읍 압독5로 12,35.8428027,128.767839316
3028,201416,아니오,아니오,힐스테이트달성공원역,힐스테이트 달성공원역,개별난방,아니오,예,중부안전팀,2024-10-04,,10 월,중구 태평로 41 (태평로3가 165-2),,392,3.0,사용,등록,대구광역시 중구 태평로 41,35.877852567,128.582782403
3029,201417,아니오,아니오,힐스테이트앞산센트럴,힐스테이트앞산센트럴,개별난방,아니오,예,수성안전팀,2024-02-23,, 2 월,남구 대덕로 162 (봉덕동 1067-35),,345,4.0,사용,등록,대구광역시 남구 대덕로 162,35.840192929,128.600228294
3030,201418,아니오,아니오,동성로SK리더스뷰,동성로 SK 리더스뷰,개별난방,아니오,예,수성안전팀,2024-08-08,, 8 월,중구 공평로 36 (삼덕동2가 328),,335,2.0,사용,등록,대구광역시 중구 공평로 36,35.867327716,128.600290733
3031,201419,아니오,아니오,수성더팰리스푸르지오더샵2단지,수성더팰리스푸르지오더샵2단지,개별난방,아니오,예,수성안전팀,2023-10-11,,10 월,수성구 파동로 188 (파동 27-17),,701,9.0,사용,등록,대구광역시 수성구 파동로 188,35.819426189,128.613072691
3032,201420,아니오,아니오,두류역서한포레스트,두류역 서한포레스트,개별난방,아니오,예,서부안전팀,2024-11-14,,11 월,달서구 야외음악당로47길 76 (두류동 2369),,576,5.0,사용,등록,대구광역시 달서구 야외음악당로47길 76,35.857599235,128.560596044
3033,201421,아니오,아니오,동대구푸르지오브리센트,동대구푸르지오브리센트,개별난방,아니오,예,경산안전팀,2024-07-18,, 7 월,동구 효목로5길 55 (효목동 430-4),,794,13.0,사용,등록,대구광역시 동구 효목로5길 55,35.874447716,128.635812439
3034,201422,아니오,아니오,동인동센트럴대원칸타빌,동인동센트럴대원칸타빌,개별난방,아니오,예,수성안전팀,2024-05-20,, 5 월,중구 태평로 224 (동인동1가 77),,454,4.0,사용,등록,대구광역시 중구 태평로 224,35.873035688,128.60225946
3035,201423,아니오,아니오,수성엘코어하이엔드타워오피스텔,수성엘코어하이엔드타워 오피스텔,개별난방,아니오,예,경산안전팀,2023-11-20,,11 월,수성구 지범로 170 (지산동 1275-4),,96,1.0,사용,등록,대구광역시 수성구 지범로 170,35.821720387,128.638126442
3036,201424,아니오,아니오,동대구역센텀화성파크드림,동대구역센텀화성파크드림,개별난방,아니오,예,경산안전팀,2024-02-26,, 2 월,동구 아양로 133 (신암동 139-69),,"1,458",22.0,사용,등록,대구광역시 동구 아양로 133,35.887912807,128.627200603
3037,201425,아니오,아니오,청라힐지웰더센트로,청라힐 지웰 더센트로,개별난방,아니오,예,수성안전팀,2023-06-27,, 6 월,중구 달성로 71 (대신동 103-9),,159,1.0,사용,등록,대구광역시 중구 달성로 71,35.871393545,128.581892492
3038,201426,아니오,아니오,만촌역태왕디아너스,만촌역 태왕디아너스,개별난방,아니오,예,수성안전팀,2024-07-18,, 7 월,수성구 달구벌대로 2599 (만촌동 1041-1),,450,7.0,사용,미등록,대구광역시 수성구 달구벌대로 2599,35.859210785,128.646923351
3039,201427,아니오,아니오,북구청역푸르지오 에듀포레,북구청역 푸르지오 에듀포레,개별난방,아니오,예,북부안전팀,2024-02-08,, 2 월,북구 침산남로 30 (노원동1가 530),,568,5.0,사용,등록,대구광역시 북구 침산남로 30,35.886847328,128.579339426
3040,201428,아니오,아니오,화원동화아이위시,화원 동화아이위시,개별난방,아니오,예,서부안전팀,2024-09-24,, 9 월,달성군 화원읍 비슬로510길 20 (명곡리 230-8),,673,5.0,사용,등록,대구광역시 달성군 화원읍 비슬로510길 20,35.801167917,128.496613023
3041,201429,아니오,아니오,더샵프리미엘,더샵프리미엘,개별난방,아니오,예,북부안전팀,2024-11-06,,11 월,북구 침산로32길 20 (침산동 305-4),,456,3.0,사용,미등록,대구광역시 북구 침산로32길 20,35.889951339,128.592481554
3042,201430,아니오,아니오,동대구역엘크루더센트럴,동대구엘크루에비뉴원,개별난방,아니오,예,경산안전팀,2024-01-16,, 1 월,동구 신암남로 111 (신암동 259-5),,191,2.0,사용,등록,대구광역시 동구 신암남로 111,35.881039237,128.627472961
3043,201431,아니오,아니오,동대구동화아이위시,동대구동화아이위시,개별난방,아니오,예,경산안전팀,2023-09-12,, 9 월,동구 동부로 107 (신천동 56-1),,144,1.0,사용,등록,대구광역시 동구 동부로 107,35.876353397,128.624201622
3044,201432,아니오,아니오,대구오페라스위첸,대구역 오페라 스위첸,개별난방,아니오,예,수성안전팀,2024-04-08,, 4 월,북구 칠성남로 70 (고성동1가 55-2),,929,7.0,사용,등록,대구광역시 북구 칠성남로 70,35.878843401,128.587463307
3045,201433,아니오,아니오,두류중흥S-클래스센텀포레,두류동 중흥s클래스셈텀포레,개별난방,아니오,예,서부안전팀,2024-09-25,, 9 월,달서구 두류길 107 (두류동 819),,454,7.0,사용,등록,대구광역시 달서구 두류길 107,35.857352292,128.569449827
3046,201434,아니오,아니오,안심역아이센스,괴전동 공동주택(아이센스),개별난방,아니오,예,경산안전팀,2024-01-03,, 1 월,동구 안심로90길 42 (괴전동 660),,60,1.0,사용,등록,대구광역시 동구 안심로90길 42,35.867096656,128.734201542
3047,201435,아니오,아니오,태왕아너스라플란드,대구 동인시영(태왕아너스라플란드),개별난방,아니오,예,수성안전팀,2023-09-07,, 9 월,중구 국채보상로151길 55 (동인동3가 228),,373,5.0,사용,미등록,대구광역시 중구 국채보상로151길 55,35.870904653,128.611601114
3048,201436,아니오,아니오,힐스테이트대구역오페라,힐스테이트 대구역 오페라,개별난방,아니오,예,북부안전팀,2024-02-07,, 2 월,북구 칠성남로 30 (고성동1가 114-33),,"1,207",8.0,사용,등록,대구광역시 북구 칠성남로 30,35.878921981,128.583040371
3049,201437,아니오,아니오,빌리브루센트,신세계 빌리브 루센트,개별난방,아니오,예,북부안전팀,2024-11-08,,11 월,북구 칠성남로 130 (칠성동2가 302-125),,258,2.0,사용,미등록,대구광역시 북구 칠성남로 130,35.877418588,128.594443426
3050,201438,아니오,아니오,힐스테이트만촌엘퍼스트,힐스테이트만촌엘퍼스트,개별난방,아니오,예,수성안전팀,2024-08-08,, 8 월,수성구 달구벌대로 2562 (만촌동 1039-2),,420,3.0,사용,등록,대구광역시 수성구 달구벌대로 2562,35.858494934,128.643444774
3051,201439,아니오,아니오,힐스테이트대명센트럴1차,힐스테이트대명센트럴1차,개별난방,아니오,예,수성안전팀,2024-10-11,, 9 월,남구 대명로 256 (대명동 3079),,"1,089",5.0,사용,등록,대구광역시 남구 대명로 256,,
3052,201440,아니오,아니오,안심청아람더영,안심뉴타운행복주택,개별난방,아니오,예,경산안전팀,2024-04-25,, 4 월,동구 안심뉴타운5로 30 (율암동 1294),,366,4.0,사용,등록,대구광역시 동구 안심뉴타운5로 30,35.875381687,128.705303312
3053,201441,아니오,아니오,해링턴플레이스더반월당,해링턴플레이스더반월당,개별난방,아니오,예,수성안전팀,2024-08-01,, 8 월,중구 중앙대로61길 30 (남산동 3060),,493,3.0,사용,등록,대구광역시 중구 중앙대로61길 30,35.86051182,128.591209659
3054,201442,아니오,아니오,해링턴플레이스더베스트,해링턴플레이스 감삼2차(더베스트),개별난방,아니오,예,서부안전팀,2024-02-08,, 2 월,달서구 와룡로33길 20 (감삼동 714),,246,2.0,사용,등록,대구광역시 달서구 와룡로33길 20,35.847757889,128.534761293
3055,201443,아니오,아니오,범어공원풀비체,,개별난방,아니오,아니오,,,,,수성구 동대구로 204 (황금동 665),,,,사용,미등록,대구광역시 수성구 동대구로 204,,
3056,201444,아니오,아니오,한양수자인더팰리시티(2블럭),한양수자인더팰리시티(2단지),개별난방,아니오,예,서부안전팀,2023-12-26,,12 월,달서구 구마로 230 (송현동 78-5),,521,6.0,사용,등록,대구광역시 달서구 구마로 230,35.835326367,128.552425764
3057,201445,아니오,아니오,방촌역아이센스,방촌동 공동주택(아이센스),개별난방,아니오,예,경산안전팀,2024-03-28,, 3 월,동구 화랑로69길 22 (방촌동 1084-38),,51,1.0,사용,등록,대구광역시 동구 화랑로69길 22,35.87823561,128.66391155
3058,201446,아니오,아니오,펜타힐즈푸르지오2차,펜타힐즈푸르지오2차,개별난방,아니오,예,경산안전팀,2024-08-08,, 8 월,경산시 펜타힐즈4로 13 (중산동 686),,506,3.0,사용,등록,경상북도 경산시 펜타힐즈4로 13,35.83160649,128.720824988
3059,201447,아니오,아니오,화성파크드림구수산공원,구수산공원 화성파크드림,개별난방,아니오,예,북부안전팀,2024-12-04,,12 월,북구 구암로21길 37 (읍내동 1090),,520,7.0,사용,미등록,대구광역시 북구 구암로21길 37,35.936408873,128.552806009
3060,201448,아니오,아니오,대구역자이더스타,대구역자이더스타,개별난방,아니오,예,수성안전팀,2025-01-06,, 1 월,북구 칠성남로 150 (칠성동2가 500-2),,505,3.0,사용,미등록,대구광역시 북구 칠성남로 150,35.876881902,128.59715129
3061,201449,아니오,아니오,더파크수성못,수성못화성파크드림,개별난방,아니오,예,수성안전팀,2024-09-05,, 9 월,수성구 동대구로 10 (지산동 1055-1),,123,2.0,사용,등록,대구광역시 수성구 동대구로 10,35.830894981,128.623848431
3062,201450,아니오,아니오,삼한아파트,,개별난방,아니오,아니오,,,,,동구 화랑로11길 52 (신천동 495),,,,사용,미등록,대구광역시 동구 화랑로11길 52,35.874005274,128.630987689
3063,201451,아니오,아니오,교대역푸르지오트레힐즈,교대푸르지오트레힐즈,개별난방,아니오,예,수성안전팀,2024-09-10,, 9 월,남구 이천로19길 16 (이천동 474-1),,924,10.0,사용,등록,대구광역시 남구 이천로19길 16,35.850218858,128.59684957
3064,201452,아니오,아니오,범어아이파크1차,범어 아이파크1차,개별난방,아니오,예,수성안전팀,2024-08-26,, 8 월,수성구 동대구로 230 (범어동 620),,448,4.0,사용,등록,대구광역시 수성구 동대구로 230,35.851353052,128.625761748
3065,201453,아니오,아니오,두류스타힐스,,개별난방,아니오,아니오,,,,,서구 서대구로6길 8 (내당동 225-1),,,,사용,미등록,대구광역시 서구 서대구로6길 8,35.887380484,128.56572442
3066,201454,아니오,아니오,두류센트레빌더파크,두류센트레빌더파크,개별난방,아니오,예,서부안전팀,2024-08-16,, 8 월,달서구 당산로36길 37 (두류동 638-19),,433,4.0,사용,등록,대구광역시 달서구 당산로36길 37,35.852492774,128.550903589
3067,201455,아니오,아니오,힐스테이트만촌역,힐스테이트만촌역,개별난방,아니오,예,수성안전팀,2024-10-22,,10 월,수성구 달구벌대로 2567 (만촌동 1032-1),,718,6.0,사용,등록,대구광역시 수성구 달구벌대로 2567,35.86016028,128.644572346
3068,201456,아니오,아니오,대명동289-9주거복합,대명동 주상복합(힐스테이트),개별난방,아니오,예,수성안전팀,2025-03-06,, 3 월,남구 대명로 265 (대명동 289-9),,351,2.0,사용,등록,대구광역시 남구 대명로 265,,
3069,201457,아니오,아니오,두류역자이,,개별난방,아니오,아니오,,,,,서구 서대구로2길 12 (내당동 220-1),,,,사용,미등록,대구광역시 서구 서대구로2길 12,35.872357946,128.556059252
3070,201458,아니오,아니오,수성포레스트스위첸,수성포레스트스위첸,개별난방,아니오,예,수성안전팀,2024-10-17,,10 월,수성구 파동로30길 30 (파동 118-118),,757,17.0,사용,등록,대구광역시 수성구 파동로30길 30,35.818333418,128.615813667
3071,201459,아니오,아니오,달서푸르지오시그니처,,개별난방,아니오,아니오,,,,,달서구 본리동 358-5,,,,사용,미등록,대구광역시 달서구 본리동 358-5,,
3072,201460,아니오,아니오,달서롯데캐슬센트럴스카이,,개별난방,아니오,아니오,,,,,달서구 구마로14길 13 (본동 743),,,,사용,미등록,대구광역시 달서구 구마로14길 13,,
3073,201461,아니오,아니오,수성자이르네,수성 자이르네,개별난방,아니오,예,수성안전팀,2024-10-16,,10 월,수성구 수성로57길 14 (수성동1가 288),,219,5.0,사용,등록,대구광역시 수성구 수성로57길 14,35.851862041,128.613025013
3074,201462,아니오,아니오,힐스테이트동인,,개별난방,아니오,아니오,,,,,중구 공평로20길 37-15 (동인동1가 211),,"1,009",5.0,사용,미등록,대구광역시 중구 공평로20길 37-15,,
3075,201463,아니오,아니오,봉무로하스,봉무로하스,개별난방,아니오,예,경산안전팀,2024-06-14,, 6 월,동구 팔공로51길 15-15 (봉무동 1539-6),,39,1.0,사용,제외,대구광역시 동구 팔공로51길 15-15,35.922065511,128.640484873
3076,201464,아니오,아니오,엘크루가우디움만촌,만촌동엘크루가우디움,개별난방,아니오,예,수성안전팀,2024-08-28,, 8 월,수성구 달구벌대로 2620 (만촌동 849-6),,44,1.0,사용,미등록,대구광역시 수성구 달구벌대로 2620,35.857218583,128.648557163
3077,201465,아니오,아니오,힐스테이트 황금역리저브 1단지,힐스테이트 황금역 리저브 1단지,개별난방,아니오,예,수성안전팀,2024-10-30,,10 월,수성구 청수로 127 (황금동 891-1),,182,2.0,사용,등록,대구광역시 수성구 청수로 127,35.840585928,128.622256383
3078,201466,아니오,아니오,힐스테이트 황금역리저브 2단지,힐스테이트 황금역 리저브 2차,개별난방,아니오,예,수성안전팀,2024-10-30,,10 월,수성구 청수로25길 24 (황금동 862-5),,229,3.0,사용,등록,대구광역시 수성구 청수로25길 24,35.841117069,128.621615786
3079,201469,아니오,아니오,더센트럴화성파크드림,더센트럴화성파크드림,개별난방,아니오,예,수성안전팀,2024-11-22,,11 월,동구 국채보상로 889 (신천동 301-2),,365,1.0,사용,미등록,대구광역시 동구 국채보상로 889,35.867227897,128.627583159
3080,201470,아니오,아니오,힐스테이트대구역퍼스트1단지,힐스테이트대구역퍼스트1단지,개별난방,아니오,예,수성안전팀,2024-12-16,,12 월,중구 태평로 100 (태평로3가 221-5),,216,2.0,사용,등록,대구광역시 중구 태평로 100,35.876034031,128.588408587
3081,201471,아니오,아니오,힐스테이트대구역퍼스트2단지,힐스테이트대구역퍼스트2단지,개별난방,아니오,예,수성안전팀,2024-12-16,,12 월,중구 태평로3가 211-1,,174,2.0,사용,등록,대구광역시 중구 태평로3가 211-1,,
3082,201472,아니오,아니오,더샵동성로센트리엘,,개별난방,아니오,아니오,,,,,중구 동성로3길 84 (공평동 58-1),,,,사용,미등록,대구광역시 중구 동성로3길 84,35.869020144,128.598336482
3083,201473,아니오,아니오,힐스테이트서대구역센트럴,힐스테이트서대구역센트럴,개별난방,아니오,예,북부안전팀,2025-01-31,, 1 월,서구 서대구로64안길 18-5 (비산동 934-1),,837,6.0,사용,미등록,대구광역시 서구 서대구로64안길 18-5,35.884147896,128.562908521
3084,201474,아니오,아니오,빌리브라디체,빌리브라디체,개별난방,아니오,예,서부안전팀,2025-03-05,, 3 월,달서구 와룡로 50 (본동 760),,603,4.0,사용,미등록,대구광역시 달서구 와룡로 50,35.847028187,128.538126683
3085,201475,아니오,아니오,대구신천동데시앙,,개별난방,아니오,아니오,,,,,동구 효신로 11 (신천동 481-1),,,,사용,미등록,대구광역시 동구 효신로 11,35.876896586,128.633515341
3086,201476,아니오,아니오,e편한세상명덕역퍼스트마크,,개별난방,아니오,아니오,,,,,남구 중앙대로52길 48 (대명동 2017-2),,,,사용,미등록,대구광역시 남구 중앙대로52길 48,,
3087,201477,아니오,아니오,대구죽전행복주택LH아파트,대구죽전 행복주택 LH아파트,개별난방,아니오,예,서부안전팀,2025-02-13,, 2 월,달서구 죽전동 74-23,,50,1.0,사용,미등록,대구광역시 달서구 죽전동 74-23,,
3088,201478,아니오,아니오,2군사령부간부숙소,2군사령부간부숙소,개별난방,아니오,예,수성안전팀,2024-12-09,,12 월,수성구 무열로 56 (만촌동 599-1),,43,1.0,사용,제외,대구광역시 수성구 무열로 56,,
3089,201480,아니오,아니오,이안엑소디움에이펙스,이안엑스디움에이펙스,개별난방,아니오,예,서부안전팀,2025-04-10,, 3 월,달서구 달구벌대로 1514 (감삼동 599-51),,117,1.0,사용,미등록,대구광역시 달서구 달구벌대로 1514,35.849139778,128.532681633
3090,201481,아니오,아니오,파피에르반월당역,,개별난방,아니오,아니오,,,,,중구 남산동 938-1,,,,사용,미등록,대구광역시 중구 남산동 938-1,,
3091,201482,아니오,아니오,힐스테이트대명센트럴2차,,개별난방,아니오,아니오,,,,,남구 대명로 256 (대명동 202-1),,,,사용,미등록,대구광역시 남구 대명로 256,35.841833633,128.586593756
3092,201483,아니오,아니오,범어자이,,개별난방,아니오,아니오,,,,,수성구 동대구로74안길 14-1 (범어동 48-26),,,,사용,미등록,대구광역시 수성구 동대구로74안길 14-1,,
3093,201484,아니오,아니오,호반써밋하이브파크,,개별난방,아니오,아니오,,,,,북구 호암로 1 (칠성동2가 725),,,,사용,미등록,대구광역시 북구 호암로 1,,
3094,201486,아니오,아니오,대구MBC부지주상복합,,개별난방,아니오,아니오,,,,,수성구 동대구로 400 (범어동 1),,,,사용,미등록,대구광역시 수성구 동대구로 400,,
3095,201487,아니오,아니오,힐스테이트칠성더오페라,,개별난방,아니오,아니오,,,,,북구 중앙대로 506-3 (칠성동2가 321),,,,사용,미등록,대구광역시 북구 중앙대로 506-3,,
3096,201488,아니오,아니오,범어아이파크2차 1BL,,개별난방,아니오,아니오,,,,,수성구 동대구로48길 33 (범어동 650),,,,사용,미등록,대구광역시 수성구 동대구로48길 33,,
3097,201489,아니오,아니오,범어아이파크2차 2BL,,개별난방,아니오,아니오,,,,,수성구 동대구로 226 (범어동 671),,,,사용,미등록,대구광역시 수성구 동대구로 226,35.850240961,128.626284411
3098,201490,아니오,아니오,태왕디아너스 오페라,,개별난방,아니오,아니오,,,,,북구 고성동1가 162-11,,,,사용,미등록,대구광역시 북구 고성동1가 162-11,,
3099,201491,아니오,아니오,대구역센트럴빌더오페라,,개별난방,아니오,아니오,,,,,북구 칠성남로22길 9 (칠성동2가 302-141),,,,사용,미등록,대구광역시 북구 칠성남로22길 9,35.877595901,128.591124416
3100,201492,아니오,아니오,e편한세상동대구역센텀스퀘어,,개별난방,아니오,아니오,,,,,동구 동부로 138 (신천동 328-1),,,,사용,미등록,대구광역시 동구 동부로 138,,
3101,201493,아니오,아니오,해링턴플레이스감삼3차,,개별난방,아니오,아니오,,,,,달서구 장기로 232 (감삼동 505-1),,,,사용,미등록,대구광역시 달서구 장기로 232,,
3102,201494,아니오,아니오,대명자이그랜드시티,,개별난방,아니오,아니오,,,,,남구 명덕로12길 116 (대명동 2301-2),,,,사용,미등록,대구광역시 남구 명덕로12길 116,,
3103,201495,아니오,아니오,대구신천동푸르지오,,개별난방,아니오,아니오,,,,,동구 신천동 311-4,,,,사용,미등록,대구광역시 동구 신천동 311-4,,
3104,201496,아니오,아니오,대구사일동더샵,,개별난방,아니오,아니오,,,,,중구 국채보상로 585 (사일동 15-1),,,,사용,미등록,대구광역시 중구 국채보상로 585,,
3105,201497,아니오,아니오,고령웰리지,,개별난방,아니오,아니오,,,,,고령군 다산면 좌학1길 33 (좌학리 139-1),,,,사용,미등록,경상북도 고령군 다산면 좌학1길 33,35.822582642,128.444141567
3106,201498,아니오,아니오,힐스테이트동대구센트럴,,개별난방,아니오,아니오,,,,,동구 동대구로 431-1 (신천동 137-1),,,,사용,미등록,대구광역시 동구 동대구로 431-1,,
